sample,assembly,proteins_gff,proteins_faa,virify_gff,interproscan_tsv
spaS10,/maps/projects/hansen_ol-AUDIT/scratch/NILU/metagenomes/spa_single_all/results_spa_single_all/assembly/spades/spaS10/final.contigs.reformatted.fa,/maps/projects/hansen_ol-AUDIT/scratch/NILU/metagenomes/assembly_annotation_wf/single_assembly_production/gene_export/spaS10.gff3,/maps/projects/hansen_ol-AUDIT/scratch/NILU/metagenomes/assembly_annotation_wf/single_assembly_production/gene_export/spaS10.faa,,
spaS100,/maps/projects/hansen_ol-AUDIT/scratch/NILU/metagenomes/spa_single_all/results_spa_single_all/assembly/spades/spaS100/final.contigs.reformatted.fa,/maps/projects/hansen_ol-AUDIT/scratch/NILU/metagenomes/assembly_annotation_wf/single_assembly_production/gene_export/spaS100.gff3,/maps/projects/hansen_ol-AUDIT/scratch/NILU/metagenomes/assembly_annotation_wf/single_assembly_production/gene_export/spaS100.faa,,
spaS101,/maps/projects/hansen_ol-AUDIT/scratch/NILU/metagenomes/spa_single_all/results_spa_single_all/assembly/spades/spaS101/final.contigs.reformatted.fa,/maps/projects/hansen_ol-AUDIT/scratch/NILU/metagenomes/assembly_annotation_wf/single_assembly_production/gene_export/spaS101.gff3,/maps/projects/hansen_ol-AUDIT/scratch/NILU/metagenomes/assembly_annotation_wf/single_assembly_production/gene_export/spaS101.faa,,
spaS102,/maps/projects/hansen_ol-AUDIT/scratch/NILU/metagenomes/spa_single_all/results_spa_single_all/assembly/spades/spaS102/final.contigs.reformatted.fa,/maps/projects/hansen_ol-AUDIT/scratch/NILU/metagenomes/assembly_annotation_wf/single_assembly_production/gene_export/spaS102.gff3,/maps/projects/hansen_ol-AUDIT/scratch/NILU/metagenomes/assembly_annotation_wf/single_assembly_production/gene_export/spaS102.faa,,
spaS103,/maps/projects/hansen_ol-AUDIT/scratch/NILU/metagenomes/spa_single_all/results_spa_single_all/assembly/spades/spaS103/final.contigs.reformatted.fa,/maps/projects/hansen_ol-AUDIT/scratch/NILU/metagenomes/assembly_annotation_wf/single_assembly_production/gene_export/spaS103.gff3,/maps/projects/hansen_ol-AUDIT/scratch/NILU/metagenomes/assembly_annotation_wf/single_assembly_production/gene_export/spaS103.faa,,
spaS104,/maps/projects/hansen_ol-AUDIT/scratch/NILU/metagenomes/spa_single_all/results_spa_single_all/assembly/spades/spaS104/final.contigs.reformatted.fa,/maps/projects/hansen_ol-AUDIT/scratch/NILU/metagenomes/assembly_annotation_wf/single_assembly_production/gene_export/spaS104.gff3,/maps/projects/hansen_ol-AUDIT/scratch/NILU/metagenomes/assembly_annotation_wf/single_assembly_production/gene_export/spaS104.faa,,
spaS105,/maps/projects/hansen_ol-AUDIT/scratch/NILU/metagenomes/spa_single_all/results_spa_single_all/assembly/spades/spaS105/final.contigs.reformatted.fa,/maps/projects/hansen_ol-AUDIT/scratch/NILU/metagenomes/assembly_annotation_wf/single_assembly_production/gene_export/spaS105.gff3,/maps/projects/hansen_ol-AUDIT/scratch/NILU/metagenomes/assembly_annotation_wf/single_assembly_production/gene_export/spaS105.faa,,
spaS106,/maps/projects/hansen_ol-AUDIT/scratch/NILU/metagenomes/spa_single_all/results_spa_single_all/assembly/spades/spaS106/final.contigs.reformatted.fa,/maps/projects/hansen_ol-AUDIT/scratch/NILU/metagenomes/assembly_annotation_wf/single_assembly_production/gene_export/spaS106.gff3,/maps/projects/hansen_ol-AUDIT/scratch/NILU/metagenomes/assembly_annotation_wf/single_assembly_production/gene_export/spaS106.faa,,
spaS107,/maps/projects/hansen_ol-AUDIT/scratch/NILU/metagenomes/spa_single_all/results_spa_single_all/assembly/spades/spaS107/final.contigs.reformatted.fa,/maps/projects/hansen_ol-AUDIT/scratch/NILU/metagenomes/assembly_annotation_wf/single_assembly_production/gene_export/spaS107.gff3,/maps/projects/hansen_ol-AUDIT/scratch/NILU/metagenomes/assembly_annotation_wf/single_assembly_production/gene_export/spaS107.faa,,
spaS108,/maps/projects/hansen_ol-AUDIT/scratch/NILU/metagenomes/spa_single_all/results_spa_single_all/assembly/spades/spaS108/final.contigs.reformatted.fa,/maps/projects/hansen_ol-AUDIT/scratch/NILU/metagenomes/assembly_annotation_wf/single_assembly_production/gene_export/spaS108.gff3,/maps/projects/hansen_ol-AUDIT/scratch/NILU/metagenomes/assembly_annotation_wf/single_assembly_production/gene_export/spaS108.faa,,
spaS109,/maps/projects/hansen_ol-AUDIT/scratch/NILU/metagenomes/spa_single_all/results_spa_single_all/assembly/spades/spaS109/final.contigs.reformatted.fa,/maps/projects/hansen_ol-AUDIT/scratch/NILU/metagenomes/assembly_annotation_wf/single_assembly_production/gene_export/spaS109.gff3,/maps/projects/hansen_ol-AUDIT/scratch/NILU/metagenomes/assembly_annotation_wf/single_assembly_production/gene_export/spaS109.faa,,
spaS11,/maps/projects/hansen_ol-AUDIT/scratch/NILU/metagenomes/spa_single_all/results_spa_single_all/assembly/spades/spaS11/final.contigs.reformatted.fa,/maps/projects/hansen_ol-AUDIT/scratch/NILU/metagenomes/assembly_annotation_wf/single_assembly_production/gene_export/spaS11.gff3,/maps/projects/hansen_ol-AUDIT/scratch/NILU/metagenomes/assembly_annotation_wf/single_assembly_production/gene_export/spaS11.faa,,
spaS110,/maps/projects/hansen_ol-AUDIT/scratch/NILU/metagenomes/spa_single_all/results_spa_single_all/assembly/spades/spaS110/final.contigs.reformatted.fa,/maps/projects/hansen_ol-AUDIT/scratch/NILU/metagenomes/assembly_annotation_wf/single_assembly_production/gene_export/spaS110.gff3,/maps/projects/hansen_ol-AUDIT/scratch/NILU/metagenomes/assembly_annotation_wf/single_assembly_production/gene_export/spaS110.faa,,
spaS111,/maps/projects/hansen_ol-AUDIT/scratch/NILU/metagenomes/spa_single_all/results_spa_single_all/assembly/spades/spaS111/final.contigs.reformatted.fa,/maps/projects/hansen_ol-AUDIT/scratch/NILU/metagenomes/assembly_annotation_wf/single_assembly_production/gene_export/spaS111.gff3,/maps/projects/hansen_ol-AUDIT/scratch/NILU/metagenomes/assembly_annotation_wf/single_assembly_production/gene_export/spaS111.faa,,
spaS112,/maps/projects/hansen_ol-AUDIT/scratch/NILU/metagenomes/spa_single_all/results_spa_single_all/assembly/spades/spaS112/final.contigs.reformatted.fa,/maps/projects/hansen_ol-AUDIT/scratch/NILU/metagenomes/assembly_annotation_wf/single_assembly_production/gene_export/spaS112.gff3,/maps/projects/hansen_ol-AUDIT/scratch/NILU/metagenomes/assembly_annotation_wf/single_assembly_production/gene_export/spaS112.faa,,
spaS113,/maps/projects/hansen_ol-AUDIT/scratch/NILU/metagenomes/spa_single_all/results_spa_single_all/assembly/spades/spaS113/final.contigs.reformatted.fa,/maps/projects/hansen_ol-AUDIT/scratch/NILU/metagenomes/assembly_annotation_wf/single_assembly_production/gene_export/spaS113.gff3,/maps/projects/hansen_ol-AUDIT/scratch/NILU/metagenomes/assembly_annotation_wf/single_assembly_production/gene_export/spaS113.faa,,
spaS114,/maps/projects/hansen_ol-AUDIT/scratch/NILU/metagenomes/spa_single_all/results_spa_single_all/assembly/spades/spaS114/final.contigs.reformatted.fa,/maps/projects/hansen_ol-AUDIT/scratch/NILU/metagenomes/assembly_annotation_wf/single_assembly_production/gene_export/spaS114.gff3,/maps/projects/hansen_ol-AUDIT/scratch/NILU/metagenomes/assembly_annotation_wf/single_assembly_production/gene_export/spaS114.faa,,
spaS115,/maps/projects/hansen_ol-AUDIT/scratch/NILU/metagenomes/spa_single_all/results_spa_single_all/assembly/spades/spaS115/final.contigs.reformatted.fa,/maps/projects/hansen_ol-AUDIT/scratch/NILU/metagenomes/assembly_annotation_wf/single_assembly_production/gene_export/spaS115.gff3,/maps/projects/hansen_ol-AUDIT/scratch/NILU/metagenomes/assembly_annotation_wf/single_assembly_production/gene_export/spaS115.faa,,
spaS116,/maps/projects/hansen_ol-AUDIT/scratch/NILU/metagenomes/spa_single_all/results_spa_single_all/assembly/spades/spaS116/final.contigs.reformatted.fa,/maps/projects/hansen_ol-AUDIT/scratch/NILU/metagenomes/assembly_annotation_wf/single_assembly_production/gene_export/spaS116.gff3,/maps/projects/hansen_ol-AUDIT/scratch/NILU/metagenomes/assembly_annotation_wf/single_assembly_production/gene_export/spaS116.faa,,
spaS117,/maps/projects/hansen_ol-AUDIT/scratch/NILU/metagenomes/spa_single_all/results_spa_single_all/assembly/spades/spaS117/final.contigs.reformatted.fa,/maps/projects/hansen_ol-AUDIT/scratch/NILU/metagenomes/assembly_annotation_wf/single_assembly_production/gene_export/spaS117.gff3,/maps/projects/hansen_ol-AUDIT/scratch/NILU/metagenomes/assembly_annotation_wf/single_assembly_production/gene_export/spaS117.faa,,
spaS118,/maps/projects/hansen_ol-AUDIT/scratch/NILU/metagenomes/spa_single_all/results_spa_single_all/assembly/spades/spaS118/final.contigs.reformatted.fa,/maps/projects/hansen_ol-AUDIT/scratch/NILU/metagenomes/assembly_annotation_wf/single_assembly_production/gene_export/spaS118.gff3,/maps/projects/hansen_ol-AUDIT/scratch/NILU/metagenomes/assembly_annotation_wf/single_assembly_production/gene_export/spaS118.faa,,
spaS119,/maps/projects/hansen_ol-AUDIT/scratch/NILU/metagenomes/spa_single_all/results_spa_single_all/assembly/spades/spaS119/final.contigs.reformatted.fa,/maps/projects/hansen_ol-AUDIT/scratch/NILU/metagenomes/assembly_annotation_wf/single_assembly_production/gene_export/spaS119.gff3,/maps/projects/hansen_ol-AUDIT/scratch/NILU/metagenomes/assembly_annotation_wf/single_assembly_production/gene_export/spaS119.faa,,
spaS12,/maps/projects/hansen_ol-AUDIT/scratch/NILU/metagenomes/spa_single_all/results_spa_single_all/assembly/spades/spaS12/final.contigs.reformatted.fa,/maps/projects/hansen_ol-AUDIT/scratch/NILU/metagenomes/assembly_annotation_wf/single_assembly_production/gene_export/spaS12.gff3,/maps/projects/hansen_ol-AUDIT/scratch/NILU/metagenomes/assembly_annotation_wf/single_assembly_production/gene_export/spaS12.faa,,
spaS120,/maps/projects/hansen_ol-AUDIT/scratch/NILU/metagenomes/spa_single_all/results_spa_single_all/assembly/spades/spaS120/final.contigs.reformatted.fa,/maps/projects/hansen_ol-AUDIT/scratch/NILU/metagenomes/assembly_annotation_wf/single_assembly_production/gene_export/spaS120.gff3,/maps/projects/hansen_ol-AUDIT/scratch/NILU/metagenomes/assembly_annotation_wf/single_assembly_production/gene_export/spaS120.faa,,
spaS121,/maps/projects/hansen_ol-AUDIT/scratch/NILU/metagenomes/spa_single_all/results_spa_single_all/assembly/spades/spaS121/final.contigs.reformatted.fa,/maps/projects/hansen_ol-AUDIT/scratch/NILU/metagenomes/assembly_annotation_wf/single_assembly_production/gene_export/spaS121.gff3,/maps/projects/hansen_ol-AUDIT/scratch/NILU/metagenomes/assembly_annotation_wf/single_assembly_production/gene_export/spaS121.faa,,
spaS122,/maps/projects/hansen_ol-AUDIT/scratch/NILU/metagenomes/spa_single_all/results_spa_single_all/assembly/spades/spaS122/final.contigs.reformatted.fa,/maps/projects/hansen_ol-AUDIT/scratch/NILU/metagenomes/assembly_annotation_wf/single_assembly_production/gene_export/spaS122.gff3,/maps/projects/hansen_ol-AUDIT/scratch/NILU/metagenomes/assembly_annotation_wf/single_assembly_production/gene_export/spaS122.faa,,
spaS123,/maps/projects/hansen_ol-AUDIT/scratch/NILU/metagenomes/spa_single_all/results_spa_single_all/assembly/spades/spaS123/final.contigs.reformatted.fa,/maps/projects/hansen_ol-AUDIT/scratch/NILU/metagenomes/assembly_annotation_wf/single_assembly_production/gene_export/spaS123.gff3,/maps/projects/hansen_ol-AUDIT/scratch/NILU/metagenomes/assembly_annotation_wf/single_assembly_production/gene_export/spaS123.faa,,
spaS124,/maps/projects/hansen_ol-AUDIT/scratch/NILU/metagenomes/spa_single_all/results_spa_single_all/assembly/spades/spaS124/final.contigs.reformatted.fa,/maps/projects/hansen_ol-AUDIT/scratch/NILU/metagenomes/assembly_annotation_wf/single_assembly_production/gene_export/spaS124.gff3,/maps/projects/hansen_ol-AUDIT/scratch/NILU/metagenomes/assembly_annotation_wf/single_assembly_production/gene_export/spaS124.faa,,
spaS126,/maps/projects/hansen_ol-AUDIT/scratch/NILU/metagenomes/spa_single_all/results_spa_single_all/assembly/spades/spaS126/final.contigs.reformatted.fa,/maps/projects/hansen_ol-AUDIT/scratch/NILU/metagenomes/assembly_annotation_wf/single_assembly_production/gene_export/spaS126.gff3,/maps/projects/hansen_ol-AUDIT/scratch/NILU/metagenomes/assembly_annotation_wf/single_assembly_production/gene_export/spaS126.faa,,
spaS127,/maps/projects/hansen_ol-AUDIT/scratch/NILU/metagenomes/spa_single_all/results_spa_single_all/assembly/spades/spaS127/final.contigs.reformatted.fa,/maps/projects/hansen_ol-AUDIT/scratch/NILU/metagenomes/assembly_annotation_wf/single_assembly_production/gene_export/spaS127.gff3,/maps/projects/hansen_ol-AUDIT/scratch/NILU/metagenomes/assembly_annotation_wf/single_assembly_production/gene_export/spaS127.faa,,
spaS128,/maps/projects/hansen_ol-AUDIT/scratch/NILU/metagenomes/spa_single_all/results_spa_single_all/assembly/spades/spaS128/final.contigs.reformatted.fa,/maps/projects/hansen_ol-AUDIT/scratch/NILU/metagenomes/assembly_annotation_wf/single_assembly_production/gene_export/spaS128.gff3,/maps/projects/hansen_ol-AUDIT/scratch/NILU/metagenomes/assembly_annotation_wf/single_assembly_production/gene_export/spaS128.faa,,
spaS129,/maps/projects/hansen_ol-AUDIT/scratch/NILU/metagenomes/spa_single_all/results_spa_single_all/assembly/spades/spaS129/final.contigs.reformatted.fa,/maps/projects/hansen_ol-AUDIT/scratch/NILU/metagenomes/assembly_annotation_wf/single_assembly_production/gene_export/spaS129.gff3,/maps/projects/hansen_ol-AUDIT/scratch/NILU/metagenomes/assembly_annotation_wf/single_assembly_production/gene_export/spaS129.faa,,
spaS13,/maps/projects/hansen_ol-AUDIT/scratch/NILU/metagenomes/spa_single_all/results_spa_single_all/assembly/spades/spaS13/final.contigs.reformatted.fa,/maps/projects/hansen_ol-AUDIT/scratch/NILU/metagenomes/assembly_annotation_wf/single_assembly_production/gene_export/spaS13.gff3,/maps/projects/hansen_ol-AUDIT/scratch/NILU/metagenomes/assembly_annotation_wf/single_assembly_production/gene_export/spaS13.faa,,
spaS130,/maps/projects/hansen_ol-AUDIT/scratch/NILU/metagenomes/spa_single_all/results_spa_single_all/assembly/spades/spaS130/final.contigs.reformatted.fa,/maps/projects/hansen_ol-AUDIT/scratch/NILU/metagenomes/assembly_annotation_wf/single_assembly_production/gene_export/spaS130.gff3,/maps/projects/hansen_ol-AUDIT/scratch/NILU/metagenomes/assembly_annotation_wf/single_assembly_production/gene_export/spaS130.faa,,
spaS131,/maps/projects/hansen_ol-AUDIT/scratch/NILU/metagenomes/spa_single_all/results_spa_single_all/assembly/spades/spaS131/final.contigs.reformatted.fa,/maps/projects/hansen_ol-AUDIT/scratch/NILU/metagenomes/assembly_annotation_wf/single_assembly_production/gene_export/spaS131.gff3,/maps/projects/hansen_ol-AUDIT/scratch/NILU/metagenomes/assembly_annotation_wf/single_assembly_production/gene_export/spaS131.faa,,
spaS132,/maps/projects/hansen_ol-AUDIT/scratch/NILU/metagenomes/spa_single_all/results_spa_single_all/assembly/spades/spaS132/final.contigs.reformatted.fa,/maps/projects/hansen_ol-AUDIT/scratch/NILU/metagenomes/assembly_annotation_wf/single_assembly_production/gene_export/spaS132.gff3,/maps/projects/hansen_ol-AUDIT/scratch/NILU/metagenomes/assembly_annotation_wf/single_assembly_production/gene_export/spaS132.faa,,
spaS133,/maps/projects/hansen_ol-AUDIT/scratch/NILU/metagenomes/spa_single_all/results_spa_single_all/assembly/spades/spaS133/final.contigs.reformatted.fa,/maps/projects/hansen_ol-AUDIT/scratch/NILU/metagenomes/assembly_annotation_wf/single_assembly_production/gene_export/spaS133.gff3,/maps/projects/hansen_ol-AUDIT/scratch/NILU/metagenomes/assembly_annotation_wf/single_assembly_production/gene_export/spaS133.faa,,
spaS134,/maps/projects/hansen_ol-AUDIT/scratch/NILU/metagenomes/spa_single_all/results_spa_single_all/assembly/spades/spaS134/final.contigs.reformatted.fa,/maps/projects/hansen_ol-AUDIT/scratch/NILU/metagenomes/assembly_annotation_wf/single_assembly_production/gene_export/spaS134.gff3,/maps/projects/hansen_ol-AUDIT/scratch/NILU/metagenomes/assembly_annotation_wf/single_assembly_production/gene_export/spaS134.faa,,
spaS135,/maps/projects/hansen_ol-AUDIT/scratch/NILU/metagenomes/spa_single_all/results_spa_single_all/assembly/spades/spaS135/final.contigs.reformatted.fa,/maps/projects/hansen_ol-AUDIT/scratch/NILU/metagenomes/assembly_annotation_wf/single_assembly_production/gene_export/spaS135.gff3,/maps/projects/hansen_ol-AUDIT/scratch/NILU/metagenomes/assembly_annotation_wf/single_assembly_production/gene_export/spaS135.faa,,
spaS136,/maps/projects/hansen_ol-AUDIT/scratch/NILU/metagenomes/spa_single_all/results_spa_single_all/assembly/spades/spaS136/final.contigs.reformatted.fa,/maps/projects/hansen_ol-AUDIT/scratch/NILU/metagenomes/assembly_annotation_wf/single_assembly_production/gene_export/spaS136.gff3,/maps/projects/hansen_ol-AUDIT/scratch/NILU/metagenomes/assembly_annotation_wf/single_assembly_production/gene_export/spaS136.faa,,
spaS137,/maps/projects/hansen_ol-AUDIT/scratch/NILU/metagenomes/spa_single_all/results_spa_single_all/assembly/spades/spaS137/final.contigs.reformatted.fa,/maps/projects/hansen_ol-AUDIT/scratch/NILU/metagenomes/assembly_annotation_wf/single_assembly_production/gene_export/spaS137.gff3,/maps/projects/hansen_ol-AUDIT/scratch/NILU/metagenomes/assembly_annotation_wf/single_assembly_production/gene_export/spaS137.faa,,
spaS138,/maps/projects/hansen_ol-AUDIT/scratch/NILU/metagenomes/spa_single_all/results_spa_single_all/assembly/spades/spaS138/final.contigs.reformatted.fa,/maps/projects/hansen_ol-AUDIT/scratch/NILU/metagenomes/assembly_annotation_wf/single_assembly_production/gene_export/spaS138.gff3,/maps/projects/hansen_ol-AUDIT/scratch/NILU/metagenomes/assembly_annotation_wf/single_assembly_production/gene_export/spaS138.faa,,
spaS139,/maps/projects/hansen_ol-AUDIT/scratch/NILU/metagenomes/spa_single_all/results_spa_single_all/assembly/spades/spaS139/final.contigs.reformatted.fa,/maps/projects/hansen_ol-AUDIT/scratch/NILU/metagenomes/assembly_annotation_wf/single_assembly_production/gene_export/spaS139.gff3,/maps/projects/hansen_ol-AUDIT/scratch/NILU/metagenomes/assembly_annotation_wf/single_assembly_production/gene_export/spaS139.faa,,
spaS14,/maps/projects/hansen_ol-AUDIT/scratch/NILU/metagenomes/spa_single_all/results_spa_single_all/assembly/spades/spaS14/final.contigs.reformatted.fa,/maps/projects/hansen_ol-AUDIT/scratch/NILU/metagenomes/assembly_annotation_wf/single_assembly_production/gene_export/spaS14.gff3,/maps/projects/hansen_ol-AUDIT/scratch/NILU/metagenomes/assembly_annotation_wf/single_assembly_production/gene_export/spaS14.faa,,
spaS140,/maps/projects/hansen_ol-AUDIT/scratch/NILU/metagenomes/spa_single_all/results_spa_single_all/assembly/spades/spaS140/final.contigs.reformatted.fa,/maps/projects/hansen_ol-AUDIT/scratch/NILU/metagenomes/assembly_annotation_wf/single_assembly_production/gene_export/spaS140.gff3,/maps/projects/hansen_ol-AUDIT/scratch/NILU/metagenomes/assembly_annotation_wf/single_assembly_production/gene_export/spaS140.faa,,
spaS141,/maps/projects/hansen_ol-AUDIT/scratch/NILU/metagenomes/spa_single_all/results_spa_single_all/assembly/spades/spaS141/final.contigs.reformatted.fa,/maps/projects/hansen_ol-AUDIT/scratch/NILU/metagenomes/assembly_annotation_wf/single_assembly_production/gene_export/spaS141.gff3,/maps/projects/hansen_ol-AUDIT/scratch/NILU/metagenomes/assembly_annotation_wf/single_assembly_production/gene_export/spaS141.faa,,
spaS142,/maps/projects/hansen_ol-AUDIT/scratch/NILU/metagenomes/spa_single_all/results_spa_single_all/assembly/spades/spaS142/final.contigs.reformatted.fa,/maps/projects/hansen_ol-AUDIT/scratch/NILU/metagenomes/assembly_annotation_wf/single_assembly_production/gene_export/spaS142.gff3,/maps/projects/hansen_ol-AUDIT/scratch/NILU/metagenomes/assembly_annotation_wf/single_assembly_production/gene_export/spaS142.faa,,
spaS143,/maps/projects/hansen_ol-AUDIT/scratch/NILU/metagenomes/spa_single_all/results_spa_single_all/assembly/spades/spaS143/final.contigs.reformatted.fa,/maps/projects/hansen_ol-AUDIT/scratch/NILU/metagenomes/assembly_annotation_wf/single_assembly_production/gene_export/spaS143.gff3,/maps/projects/hansen_ol-AUDIT/scratch/NILU/metagenomes/assembly_annotation_wf/single_assembly_production/gene_export/spaS143.faa,,
spaS144,/maps/projects/hansen_ol-AUDIT/scratch/NILU/metagenomes/spa_single_all/results_spa_single_all/assembly/spades/spaS144/final.contigs.reformatted.fa,/maps/projects/hansen_ol-AUDIT/scratch/NILU/metagenomes/assembly_annotation_wf/single_assembly_production/gene_export/spaS144.gff3,/maps/projects/hansen_ol-AUDIT/scratch/NILU/metagenomes/assembly_annotation_wf/single_assembly_production/gene_export/spaS144.faa,,
spaS145,/maps/projects/hansen_ol-AUDIT/scratch/NILU/metagenomes/spa_single_all/results_spa_single_all/assembly/spades/spaS145/final.contigs.reformatted.fa,/maps/projects/hansen_ol-AUDIT/scratch/NILU/metagenomes/assembly_annotation_wf/single_assembly_production/gene_export/spaS145.gff3,/maps/projects/hansen_ol-AUDIT/scratch/NILU/metagenomes/assembly_annotation_wf/single_assembly_production/gene_export/spaS145.faa,,
spaS146,/maps/projects/hansen_ol-AUDIT/scratch/NILU/metagenomes/spa_single_all/results_spa_single_all/assembly/spades/spaS146/final.contigs.reformatted.fa,/maps/projects/hansen_ol-AUDIT/scratch/NILU/metagenomes/assembly_annotation_wf/single_assembly_production/gene_export/spaS146.gff3,/maps/projects/hansen_ol-AUDIT/scratch/NILU/metagenomes/assembly_annotation_wf/single_assembly_production/gene_export/spaS146.faa,,
spaS147,/maps/projects/hansen_ol-AUDIT/scratch/NILU/metagenomes/spa_single_all/results_spa_single_all/assembly/spades/spaS147/final.contigs.reformatted.fa,/maps/projects/hansen_ol-AUDIT/scratch/NILU/metagenomes/assembly_annotation_wf/single_assembly_production/gene_export/spaS147.gff3,/maps/projects/hansen_ol-AUDIT/scratch/NILU/metagenomes/assembly_annotation_wf/single_assembly_production/gene_export/spaS147.faa,,
spaS148,/maps/projects/hansen_ol-AUDIT/scratch/NILU/metagenomes/spa_single_all/results_spa_single_all/assembly/spades/spaS148/final.contigs.reformatted.fa,/maps/projects/hansen_ol-AUDIT/scratch/NILU/metagenomes/assembly_annotation_wf/single_assembly_production/gene_export/spaS148.gff3,/maps/projects/hansen_ol-AUDIT/scratch/NILU/metagenomes/assembly_annotation_wf/single_assembly_production/gene_export/spaS148.faa,,
spaS149,/maps/projects/hansen_ol-AUDIT/scratch/NILU/metagenomes/spa_single_all/results_spa_single_all/assembly/spades/spaS149/final.contigs.reformatted.fa,/maps/projects/hansen_ol-AUDIT/scratch/NILU/metagenomes/assembly_annotation_wf/single_assembly_production/gene_export/spaS149.gff3,/maps/projects/hansen_ol-AUDIT/scratch/NILU/metagenomes/assembly_annotation_wf/single_assembly_production/gene_export/spaS149.faa,,
spaS15,/maps/projects/hansen_ol-AUDIT/scratch/NILU/metagenomes/spa_single_all/results_spa_single_all/assembly/spades/spaS15/final.contigs.reformatted.fa,/maps/projects/hansen_ol-AUDIT/scratch/NILU/metagenomes/assembly_annotation_wf/single_assembly_production/gene_export/spaS15.gff3,/maps/projects/hansen_ol-AUDIT/scratch/NILU/metagenomes/assembly_annotation_wf/single_assembly_production/gene_export/spaS15.faa,,
spaS150,/maps/projects/hansen_ol-AUDIT/scratch/NILU/metagenomes/spa_single_all/results_spa_single_all/assembly/spades/spaS150/final.contigs.reformatted.fa,/maps/projects/hansen_ol-AUDIT/scratch/NILU/metagenomes/assembly_annotation_wf/single_assembly_production/gene_export/spaS150.gff3,/maps/projects/hansen_ol-AUDIT/scratch/NILU/metagenomes/assembly_annotation_wf/single_assembly_production/gene_export/spaS150.faa,,
spaS151,/maps/projects/hansen_ol-AUDIT/scratch/NILU/metagenomes/spa_single_all/results_spa_single_all/assembly/spades/spaS151/final.contigs.reformatted.fa,/maps/projects/hansen_ol-AUDIT/scratch/NILU/metagenomes/assembly_annotation_wf/single_assembly_production/gene_export/spaS151.gff3,/maps/projects/hansen_ol-AUDIT/scratch/NILU/metagenomes/assembly_annotation_wf/single_assembly_production/gene_export/spaS151.faa,,
spaS152,/maps/projects/hansen_ol-AUDIT/scratch/NILU/metagenomes/spa_single_all/results_spa_single_all/assembly/spades/spaS152/final.contigs.reformatted.fa,/maps/projects/hansen_ol-AUDIT/scratch/NILU/metagenomes/assembly_annotation_wf/single_assembly_production/gene_export/spaS152.gff3,/maps/projects/hansen_ol-AUDIT/scratch/NILU/metagenomes/assembly_annotation_wf/single_assembly_production/gene_export/spaS152.faa,,
spaS153,/maps/projects/hansen_ol-AUDIT/scratch/NILU/metagenomes/spa_single_all/results_spa_single_all/assembly/spades/spaS153/final.contigs.reformatted.fa,/maps/projects/hansen_ol-AUDIT/scratch/NILU/metagenomes/assembly_annotation_wf/single_assembly_production/gene_export/spaS153.gff3,/maps/projects/hansen_ol-AUDIT/scratch/NILU/metagenomes/assembly_annotation_wf/single_assembly_production/gene_export/spaS153.faa,,
spaS154,/maps/projects/hansen_ol-AUDIT/scratch/NILU/metagenomes/spa_single_all/results_spa_single_all/assembly/spades/spaS154/final.contigs.reformatted.fa,/maps/projects/hansen_ol-AUDIT/scratch/NILU/metagenomes/assembly_annotation_wf/single_assembly_production/gene_export/spaS154.gff3,/maps/projects/hansen_ol-AUDIT/scratch/NILU/metagenomes/assembly_annotation_wf/single_assembly_production/gene_export/spaS154.faa,,
spaS155,/maps/projects/hansen_ol-AUDIT/scratch/NILU/metagenomes/spa_single_all/results_spa_single_all/assembly/spades/spaS155/final.contigs.reformatted.fa,/maps/projects/hansen_ol-AUDIT/scratch/NILU/metagenomes/assembly_annotation_wf/single_assembly_production/gene_export/spaS155.gff3,/maps/projects/hansen_ol-AUDIT/scratch/NILU/metagenomes/assembly_annotation_wf/single_assembly_production/gene_export/spaS155.faa,,
spaS156,/maps/projects/hansen_ol-AUDIT/scratch/NILU/metagenomes/spa_single_all/results_spa_single_all/assembly/spades/spaS156/final.contigs.reformatted.fa,/maps/projects/hansen_ol-AUDIT/scratch/NILU/metagenomes/assembly_annotation_wf/single_assembly_production/gene_export/spaS156.gff3,/maps/projects/hansen_ol-AUDIT/scratch/NILU/metagenomes/assembly_annotation_wf/single_assembly_production/gene_export/spaS156.faa,,
spaS157,/maps/projects/hansen_ol-AUDIT/scratch/NILU/metagenomes/spa_single_all/results_spa_single_all/assembly/spades/spaS157/final.contigs.reformatted.fa,/maps/projects/hansen_ol-AUDIT/scratch/NILU/metagenomes/assembly_annotation_wf/single_assembly_production/gene_export/spaS157.gff3,/maps/projects/hansen_ol-AUDIT/scratch/NILU/metagenomes/assembly_annotation_wf/single_assembly_production/gene_export/spaS157.faa,,
spaS158,/maps/projects/hansen_ol-AUDIT/scratch/NILU/metagenomes/spa_single_all/results_spa_single_all/assembly/spades/spaS158/final.contigs.reformatted.fa,/maps/projects/hansen_ol-AUDIT/scratch/NILU/metagenomes/assembly_annotation_wf/single_assembly_production/gene_export/spaS158.gff3,/maps/projects/hansen_ol-AUDIT/scratch/NILU/metagenomes/assembly_annotation_wf/single_assembly_production/gene_export/spaS158.faa,,
spaS159,/maps/projects/hansen_ol-AUDIT/scratch/NILU/metagenomes/spa_single_all/results_spa_single_all/assembly/spades/spaS159/final.contigs.reformatted.fa,/maps/projects/hansen_ol-AUDIT/scratch/NILU/metagenomes/assembly_annotation_wf/single_assembly_production/gene_export/spaS159.gff3,/maps/projects/hansen_ol-AUDIT/scratch/NILU/metagenomes/assembly_annotation_wf/single_assembly_production/gene_export/spaS159.faa,,
spaS16,/maps/projects/hansen_ol-AUDIT/scratch/NILU/metagenomes/spa_single_all/results_spa_single_all/assembly/spades/spaS16/final.contigs.reformatted.fa,/maps/projects/hansen_ol-AUDIT/scratch/NILU/metagenomes/assembly_annotation_wf/single_assembly_production/gene_export/spaS16.gff3,/maps/projects/hansen_ol-AUDIT/scratch/NILU/metagenomes/assembly_annotation_wf/single_assembly_production/gene_export/spaS16.faa,,
spaS160,/maps/projects/hansen_ol-AUDIT/scratch/NILU/metagenomes/spa_single_all/results_spa_single_all/assembly/spades/spaS160/final.contigs.reformatted.fa,/maps/projects/hansen_ol-AUDIT/scratch/NILU/metagenomes/assembly_annotation_wf/single_assembly_production/gene_export/spaS160.gff3,/maps/projects/hansen_ol-AUDIT/scratch/NILU/metagenomes/assembly_annotation_wf/single_assembly_production/gene_export/spaS160.faa,,
spaS161,/maps/projects/hansen_ol-AUDIT/scratch/NILU/metagenomes/spa_single_all/results_spa_single_all/assembly/spades/spaS161/final.contigs.reformatted.fa,/maps/projects/hansen_ol-AUDIT/scratch/NILU/metagenomes/assembly_annotation_wf/single_assembly_production/gene_export/spaS161.gff3,/maps/projects/hansen_ol-AUDIT/scratch/NILU/metagenomes/assembly_annotation_wf/single_assembly_production/gene_export/spaS161.faa,,
spaS162,/maps/projects/hansen_ol-AUDIT/scratch/NILU/metagenomes/spa_single_all/results_spa_single_all/assembly/spades/spaS162/final.contigs.reformatted.fa,/maps/projects/hansen_ol-AUDIT/scratch/NILU/metagenomes/assembly_annotation_wf/single_assembly_production/gene_export/spaS162.gff3,/maps/projects/hansen_ol-AUDIT/scratch/NILU/metagenomes/assembly_annotation_wf/single_assembly_production/gene_export/spaS162.faa,,
spaS163,/maps/projects/hansen_ol-AUDIT/scratch/NILU/metagenomes/spa_single_all/results_spa_single_all/assembly/spades/spaS163/final.contigs.reformatted.fa,/maps/projects/hansen_ol-AUDIT/scratch/NILU/metagenomes/assembly_annotation_wf/single_assembly_production/gene_export/spaS163.gff3,/maps/projects/hansen_ol-AUDIT/scratch/NILU/metagenomes/assembly_annotation_wf/single_assembly_production/gene_export/spaS163.faa,,
spaS164,/maps/projects/hansen_ol-AUDIT/scratch/NILU/metagenomes/spa_single_all/results_spa_single_all/assembly/spades/spaS164/final.contigs.reformatted.fa,/maps/projects/hansen_ol-AUDIT/scratch/NILU/metagenomes/assembly_annotation_wf/single_assembly_production/gene_export/spaS164.gff3,/maps/projects/hansen_ol-AUDIT/scratch/NILU/metagenomes/assembly_annotation_wf/single_assembly_production/gene_export/spaS164.faa,,
spaS165,/maps/projects/hansen_ol-AUDIT/scratch/NILU/metagenomes/spa_single_all/results_spa_single_all/assembly/spades/spaS165/final.contigs.reformatted.fa,/maps/projects/hansen_ol-AUDIT/scratch/NILU/metagenomes/assembly_annotation_wf/single_assembly_production/gene_export/spaS165.gff3,/maps/projects/hansen_ol-AUDIT/scratch/NILU/metagenomes/assembly_annotation_wf/single_assembly_production/gene_export/spaS165.faa,,
spaS166,/maps/projects/hansen_ol-AUDIT/scratch/NILU/metagenomes/spa_single_all/results_spa_single_all/assembly/spades/spaS166/final.contigs.reformatted.fa,/maps/projects/hansen_ol-AUDIT/scratch/NILU/metagenomes/assembly_annotation_wf/single_assembly_production/gene_export/spaS166.gff3,/maps/projects/hansen_ol-AUDIT/scratch/NILU/metagenomes/assembly_annotation_wf/single_assembly_production/gene_export/spaS166.faa,,
spaS167,/maps/projects/hansen_ol-AUDIT/scratch/NILU/metagenomes/spa_single_all/results_spa_single_all/assembly/spades/spaS167/final.contigs.reformatted.fa,/maps/projects/hansen_ol-AUDIT/scratch/NILU/metagenomes/assembly_annotation_wf/single_assembly_production/gene_export/spaS167.gff3,/maps/projects/hansen_ol-AUDIT/scratch/NILU/metagenomes/assembly_annotation_wf/single_assembly_production/gene_export/spaS167.faa,,
spaS168,/maps/projects/hansen_ol-AUDIT/scratch/NILU/metagenomes/spa_single_all/results_spa_single_all/assembly/spades/spaS168/final.contigs.reformatted.fa,/maps/projects/hansen_ol-AUDIT/scratch/NILU/metagenomes/assembly_annotation_wf/single_assembly_production/gene_export/spaS168.gff3,/maps/projects/hansen_ol-AUDIT/scratch/NILU/metagenomes/assembly_annotation_wf/single_assembly_production/gene_export/spaS168.faa,,
spaS169,/maps/projects/hansen_ol-AUDIT/scratch/NILU/metagenomes/spa_single_all/results_spa_single_all/assembly/spades/spaS169/final.contigs.reformatted.fa,/maps/projects/hansen_ol-AUDIT/scratch/NILU/metagenomes/assembly_annotation_wf/single_assembly_production/gene_export/spaS169.gff3,/maps/projects/hansen_ol-AUDIT/scratch/NILU/metagenomes/assembly_annotation_wf/single_assembly_production/gene_export/spaS169.faa,,
spaS17,/maps/projects/hansen_ol-AUDIT/scratch/NILU/metagenomes/spa_single_all/results_spa_single_all/assembly/spades/spaS17/final.contigs.reformatted.fa,/maps/projects/hansen_ol-AUDIT/scratch/NILU/metagenomes/assembly_annotation_wf/single_assembly_production/gene_export/spaS17.gff3,/maps/projects/hansen_ol-AUDIT/scratch/NILU/metagenomes/assembly_annotation_wf/single_assembly_production/gene_export/spaS17.faa,,
spaS170,/maps/projects/hansen_ol-AUDIT/scratch/NILU/metagenomes/spa_single_all/results_spa_single_all/assembly/spades/spaS170/final.contigs.reformatted.fa,/maps/projects/hansen_ol-AUDIT/scratch/NILU/metagenomes/assembly_annotation_wf/single_assembly_production/gene_export/spaS170.gff3,/maps/projects/hansen_ol-AUDIT/scratch/NILU/metagenomes/assembly_annotation_wf/single_assembly_production/gene_export/spaS170.faa,,
spaS171,/maps/projects/hansen_ol-AUDIT/scratch/NILU/metagenomes/spa_single_all/results_spa_single_all/assembly/spades/spaS171/final.contigs.reformatted.fa,/maps/projects/hansen_ol-AUDIT/scratch/NILU/metagenomes/assembly_annotation_wf/single_assembly_production/gene_export/spaS171.gff3,/maps/projects/hansen_ol-AUDIT/scratch/NILU/metagenomes/assembly_annotation_wf/single_assembly_production/gene_export/spaS171.faa,,
spaS172,/maps/projects/hansen_ol-AUDIT/scratch/NILU/metagenomes/spa_single_all/results_spa_single_all/assembly/spades/spaS172/final.contigs.reformatted.fa,/maps/projects/hansen_ol-AUDIT/scratch/NILU/metagenomes/assembly_annotation_wf/single_assembly_production/gene_export/spaS172.gff3,/maps/projects/hansen_ol-AUDIT/scratch/NILU/metagenomes/assembly_annotation_wf/single_assembly_production/gene_export/spaS172.faa,,
spaS173,/maps/projects/hansen_ol-AUDIT/scratch/NILU/metagenomes/spa_single_all/results_spa_single_all/assembly/spades/spaS173/final.contigs.reformatted.fa,/maps/projects/hansen_ol-AUDIT/scratch/NILU/metagenomes/assembly_annotation_wf/single_assembly_production/gene_export/spaS173.gff3,/maps/projects/hansen_ol-AUDIT/scratch/NILU/metagenomes/assembly_annotation_wf/single_assembly_production/gene_export/spaS173.faa,,
spaS174,/maps/projects/hansen_ol-AUDIT/scratch/NILU/metagenomes/spa_single_all/results_spa_single_all/assembly/spades/spaS174/final.contigs.reformatted.fa,/maps/projects/hansen_ol-AUDIT/scratch/NILU/metagenomes/assembly_annotation_wf/single_assembly_production/gene_export/spaS174.gff3,/maps/projects/hansen_ol-AUDIT/scratch/NILU/metagenomes/assembly_annotation_wf/single_assembly_production/gene_export/spaS174.faa,,
spaS175,/maps/projects/hansen_ol-AUDIT/scratch/NILU/metagenomes/spa_single_all/results_spa_single_all/assembly/spades/spaS175/final.contigs.reformatted.fa,/maps/projects/hansen_ol-AUDIT/scratch/NILU/metagenomes/assembly_annotation_wf/single_assembly_production/gene_export/spaS175.gff3,/maps/projects/hansen_ol-AUDIT/scratch/NILU/metagenomes/assembly_annotation_wf/single_assembly_production/gene_export/spaS175.faa,,
spaS176,/maps/projects/hansen_ol-AUDIT/scratch/NILU/metagenomes/spa_single_all/results_spa_single_all/assembly/spades/spaS176/final.contigs.reformatted.fa,/maps/projects/hansen_ol-AUDIT/scratch/NILU/metagenomes/assembly_annotation_wf/single_assembly_production/gene_export/spaS176.gff3,/maps/projects/hansen_ol-AUDIT/scratch/NILU/metagenomes/assembly_annotation_wf/single_assembly_production/gene_export/spaS176.faa,,
spaS177,/maps/projects/hansen_ol-AUDIT/scratch/NILU/metagenomes/spa_single_all/results_spa_single_all/assembly/spades/spaS177/final.contigs.reformatted.fa,/maps/projects/hansen_ol-AUDIT/scratch/NILU/metagenomes/assembly_annotation_wf/single_assembly_production/gene_export/spaS177.gff3,/maps/projects/hansen_ol-AUDIT/scratch/NILU/metagenomes/assembly_annotation_wf/single_assembly_production/gene_export/spaS177.faa,,
spaS178,/maps/projects/hansen_ol-AUDIT/scratch/NILU/metagenomes/spa_single_all/results_spa_single_all/assembly/spades/spaS178/final.contigs.reformatted.fa,/maps/projects/hansen_ol-AUDIT/scratch/NILU/metagenomes/assembly_annotation_wf/single_assembly_production/gene_export/spaS178.gff3,/maps/projects/hansen_ol-AUDIT/scratch/NILU/metagenomes/assembly_annotation_wf/single_assembly_production/gene_export/spaS178.faa,,
spaS179,/maps/projects/hansen_ol-AUDIT/scratch/NILU/metagenomes/spa_single_all/results_spa_single_all/assembly/spades/spaS179/final.contigs.reformatted.fa,/maps/projects/hansen_ol-AUDIT/scratch/NILU/metagenomes/assembly_annotation_wf/single_assembly_production/gene_export/spaS179.gff3,/maps/projects/hansen_ol-AUDIT/scratch/NILU/metagenomes/assembly_annotation_wf/single_assembly_production/gene_export/spaS179.faa,,
spaS18,/maps/projects/hansen_ol-AUDIT/scratch/NILU/metagenomes/spa_single_all/results_spa_single_all/assembly/spades/spaS18/final.contigs.reformatted.fa,/maps/projects/hansen_ol-AUDIT/scratch/NILU/metagenomes/assembly_annotation_wf/single_assembly_production/gene_export/spaS18.gff3,/maps/projects/hansen_ol-AUDIT/scratch/NILU/metagenomes/assembly_annotation_wf/single_assembly_production/gene_export/spaS18.faa,,
spaS180,/maps/projects/hansen_ol-AUDIT/scratch/NILU/metagenomes/spa_single_all/results_spa_single_all/assembly/spades/spaS180/final.contigs.reformatted.fa,/maps/projects/hansen_ol-AUDIT/scratch/NILU/metagenomes/assembly_annotation_wf/single_assembly_production/gene_export/spaS180.gff3,/maps/projects/hansen_ol-AUDIT/scratch/NILU/metagenomes/assembly_annotation_wf/single_assembly_production/gene_export/spaS180.faa,,
spaS182,/maps/projects/hansen_ol-AUDIT/scratch/NILU/metagenomes/spa_single_all/results_spa_single_all/assembly/spades/spaS182/final.contigs.reformatted.fa,/maps/projects/hansen_ol-AUDIT/scratch/NILU/metagenomes/assembly_annotation_wf/single_assembly_production/gene_export/spaS182.gff3,/maps/projects/hansen_ol-AUDIT/scratch/NILU/metagenomes/assembly_annotation_wf/single_assembly_production/gene_export/spaS182.faa,,
spaS183,/maps/projects/hansen_ol-AUDIT/scratch/NILU/metagenomes/spa_single_all/results_spa_single_all/assembly/spades/spaS183/final.contigs.reformatted.fa,/maps/projects/hansen_ol-AUDIT/scratch/NILU/metagenomes/assembly_annotation_wf/single_assembly_production/gene_export/spaS183.gff3,/maps/projects/hansen_ol-AUDIT/scratch/NILU/metagenomes/assembly_annotation_wf/single_assembly_production/gene_export/spaS183.faa,,
spaS184,/maps/projects/hansen_ol-AUDIT/scratch/NILU/metagenomes/spa_single_all/results_spa_single_all/assembly/spades/spaS184/final.contigs.reformatted.fa,/maps/projects/hansen_ol-AUDIT/scratch/NILU/metagenomes/assembly_annotation_wf/single_assembly_production/gene_export/spaS184.gff3,/maps/projects/hansen_ol-AUDIT/scratch/NILU/metagenomes/assembly_annotation_wf/single_assembly_production/gene_export/spaS184.faa,,
spaS185,/maps/projects/hansen_ol-AUDIT/scratch/NILU/metagenomes/spa_single_all/results_spa_single_all/assembly/spades/spaS185/final.contigs.reformatted.fa,/maps/projects/hansen_ol-AUDIT/scratch/NILU/metagenomes/assembly_annotation_wf/single_assembly_production/gene_export/spaS185.gff3,/maps/projects/hansen_ol-AUDIT/scratch/NILU/metagenomes/assembly_annotation_wf/single_assembly_production/gene_export/spaS185.faa,,
spaS186,/maps/projects/hansen_ol-AUDIT/scratch/NILU/metagenomes/spa_single_all/results_spa_single_all/assembly/spades/spaS186/final.contigs.reformatted.fa,/maps/projects/hansen_ol-AUDIT/scratch/NILU/metagenomes/assembly_annotation_wf/single_assembly_production/gene_export/spaS186.gff3,/maps/projects/hansen_ol-AUDIT/scratch/NILU/metagenomes/assembly_annotation_wf/single_assembly_production/gene_export/spaS186.faa,,
spaS187,/maps/projects/hansen_ol-AUDIT/scratch/NILU/metagenomes/spa_single_all/results_spa_single_all/assembly/spades/spaS187/final.contigs.reformatted.fa,/maps/projects/hansen_ol-AUDIT/scratch/NILU/metagenomes/assembly_annotation_wf/single_assembly_production/gene_export/spaS187.gff3,/maps/projects/hansen_ol-AUDIT/scratch/NILU/metagenomes/assembly_annotation_wf/single_assembly_production/gene_export/spaS187.faa,,
spaS188,/maps/projects/hansen_ol-AUDIT/scratch/NILU/metagenomes/spa_single_all/results_spa_single_all/assembly/spades/spaS188/final.contigs.reformatted.fa,/maps/projects/hansen_ol-AUDIT/scratch/NILU/metagenomes/assembly_annotation_wf/single_assembly_production/gene_export/spaS188.gff3,/maps/projects/hansen_ol-AUDIT/scratch/NILU/metagenomes/assembly_annotation_wf/single_assembly_production/gene_export/spaS188.faa,,
spaS19,/maps/projects/hansen_ol-AUDIT/scratch/NILU/metagenomes/spa_single_all/results_spa_single_all/assembly/spades/spaS19/final.contigs.reformatted.fa,/maps/projects/hansen_ol-AUDIT/scratch/NILU/metagenomes/assembly_annotation_wf/single_assembly_production/gene_export/spaS19.gff3,/maps/projects/hansen_ol-AUDIT/scratch/NILU/metagenomes/assembly_annotation_wf/single_assembly_production/gene_export/spaS19.faa,,
spaS191,/maps/projects/hansen_ol-AUDIT/scratch/NILU/metagenomes/spa_single_all/results_spa_single_all/assembly/spades/spaS191/final.contigs.reformatted.fa,/maps/projects/hansen_ol-AUDIT/scratch/NILU/metagenomes/assembly_annotation_wf/single_assembly_production/gene_export/spaS191.gff3,/maps/projects/hansen_ol-AUDIT/scratch/NILU/metagenomes/assembly_annotation_wf/single_assembly_production/gene_export/spaS191.faa,,
spaS192,/maps/projects/hansen_ol-AUDIT/scratch/NILU/metagenomes/spa_single_all/results_spa_single_all/assembly/spades/spaS192/final.contigs.reformatted.fa,/maps/projects/hansen_ol-AUDIT/scratch/NILU/metagenomes/assembly_annotation_wf/single_assembly_production/gene_export/spaS192.gff3,/maps/projects/hansen_ol-AUDIT/scratch/NILU/metagenomes/assembly_annotation_wf/single_assembly_production/gene_export/spaS192.faa,,
spaS193,/maps/projects/hansen_ol-AUDIT/scratch/NILU/metagenomes/spa_single_all/results_spa_single_all/assembly/spades/spaS193/final.contigs.reformatted.fa,/maps/projects/hansen_ol-AUDIT/scratch/NILU/metagenomes/assembly_annotation_wf/single_assembly_production/gene_export/spaS193.gff3,/maps/projects/hansen_ol-AUDIT/scratch/NILU/metagenomes/assembly_annotation_wf/single_assembly_production/gene_export/spaS193.faa,,
spaS194,/maps/projects/hansen_ol-AUDIT/scratch/NILU/metagenomes/spa_single_all/results_spa_single_all/assembly/spades/spaS194/final.contigs.reformatted.fa,/maps/projects/hansen_ol-AUDIT/scratch/NILU/metagenomes/assembly_annotation_wf/single_assembly_production/gene_export/spaS194.gff3,/maps/projects/hansen_ol-AUDIT/scratch/NILU/metagenomes/assembly_annotation_wf/single_assembly_production/gene_export/spaS194.faa,,
spaS195,/maps/projects/hansen_ol-AUDIT/scratch/NILU/metagenomes/spa_single_all/results_spa_single_all/assembly/spades/spaS195/final.contigs.reformatted.fa,/maps/projects/hansen_ol-AUDIT/scratch/NILU/metagenomes/assembly_annotation_wf/single_assembly_production/gene_export/spaS195.gff3,/maps/projects/hansen_ol-AUDIT/scratch/NILU/metagenomes/assembly_annotation_wf/single_assembly_production/gene_export/spaS195.faa,,
spaS196,/maps/projects/hansen_ol-AUDIT/scratch/NILU/metagenomes/spa_single_all/results_spa_single_all/assembly/spades/spaS196/final.contigs.reformatted.fa,/maps/projects/hansen_ol-AUDIT/scratch/NILU/metagenomes/assembly_annotation_wf/single_assembly_production/gene_export/spaS196.gff3,/maps/projects/hansen_ol-AUDIT/scratch/NILU/metagenomes/assembly_annotation_wf/single_assembly_production/gene_export/spaS196.faa,,
spaS197,/maps/projects/hansen_ol-AUDIT/scratch/NILU/metagenomes/spa_single_all/results_spa_single_all/assembly/spades/spaS197/final.contigs.reformatted.fa,/maps/projects/hansen_ol-AUDIT/scratch/NILU/metagenomes/assembly_annotation_wf/single_assembly_production/gene_export/spaS197.gff3,/maps/projects/hansen_ol-AUDIT/scratch/NILU/metagenomes/assembly_annotation_wf/single_assembly_production/gene_export/spaS197.faa,,
spaS198,/maps/projects/hansen_ol-AUDIT/scratch/NILU/metagenomes/spa_single_all/results_spa_single_all/assembly/spades/spaS198/final.contigs.reformatted.fa,/maps/projects/hansen_ol-AUDIT/scratch/NILU/metagenomes/assembly_annotation_wf/single_assembly_production/gene_export/spaS198.gff3,/maps/projects/hansen_ol-AUDIT/scratch/NILU/metagenomes/assembly_annotation_wf/single_assembly_production/gene_export/spaS198.faa,,
spaS199,/maps/projects/hansen_ol-AUDIT/scratch/NILU/metagenomes/spa_single_all/results_spa_single_all/assembly/spades/spaS199/final.contigs.reformatted.fa,/maps/projects/hansen_ol-AUDIT/scratch/NILU/metagenomes/assembly_annotation_wf/single_assembly_production/gene_export/spaS199.gff3,/maps/projects/hansen_ol-AUDIT/scratch/NILU/metagenomes/assembly_annotation_wf/single_assembly_production/gene_export/spaS199.faa,,
spaS2,/maps/projects/hansen_ol-AUDIT/scratch/NILU/metagenomes/spa_single_all/results_spa_single_all/assembly/spades/spaS2/final.contigs.reformatted.fa,/maps/projects/hansen_ol-AUDIT/scratch/NILU/metagenomes/assembly_annotation_wf/single_assembly_production/gene_export/spaS2.gff3,/maps/projects/hansen_ol-AUDIT/scratch/NILU/metagenomes/assembly_annotation_wf/single_assembly_production/gene_export/spaS2.faa,,
spaS20,/maps/projects/hansen_ol-AUDIT/scratch/NILU/metagenomes/spa_single_all/results_spa_single_all/assembly/spades/spaS20/final.contigs.reformatted.fa,/maps/projects/hansen_ol-AUDIT/scratch/NILU/metagenomes/assembly_annotation_wf/single_assembly_production/gene_export/spaS20.gff3,/maps/projects/hansen_ol-AUDIT/scratch/NILU/metagenomes/assembly_annotation_wf/single_assembly_production/gene_export/spaS20.faa,,
spaS200,/maps/projects/hansen_ol-AUDIT/scratch/NILU/metagenomes/spa_single_all/results_spa_single_all/assembly/spades/spaS200/final.contigs.reformatted.fa,/maps/projects/hansen_ol-AUDIT/scratch/NILU/metagenomes/assembly_annotation_wf/single_assembly_production/gene_export/spaS200.gff3,/maps/projects/hansen_ol-AUDIT/scratch/NILU/metagenomes/assembly_annotation_wf/single_assembly_production/gene_export/spaS200.faa,,
spaS201,/maps/projects/hansen_ol-AUDIT/scratch/NILU/metagenomes/spa_single_all/results_spa_single_all/assembly/spades/spaS201/final.contigs.reformatted.fa,/maps/projects/hansen_ol-AUDIT/scratch/NILU/metagenomes/assembly_annotation_wf/single_assembly_production/gene_export/spaS201.gff3,/maps/projects/hansen_ol-AUDIT/scratch/NILU/metagenomes/assembly_annotation_wf/single_assembly_production/gene_export/spaS201.faa,,
spaS202,/maps/projects/hansen_ol-AUDIT/scratch/NILU/metagenomes/spa_single_all/results_spa_single_all/assembly/spades/spaS202/final.contigs.reformatted.fa,/maps/projects/hansen_ol-AUDIT/scratch/NILU/metagenomes/assembly_annotation_wf/single_assembly_production/gene_export/spaS202.gff3,/maps/projects/hansen_ol-AUDIT/scratch/NILU/metagenomes/assembly_annotation_wf/single_assembly_production/gene_export/spaS202.faa,,
spaS203,/maps/projects/hansen_ol-AUDIT/scratch/NILU/metagenomes/spa_single_all/results_spa_single_all/assembly/spades/spaS203/final.contigs.reformatted.fa,/maps/projects/hansen_ol-AUDIT/scratch/NILU/metagenomes/assembly_annotation_wf/single_assembly_production/gene_export/spaS203.gff3,/maps/projects/hansen_ol-AUDIT/scratch/NILU/metagenomes/assembly_annotation_wf/single_assembly_production/gene_export/spaS203.faa,,
spaS204,/maps/projects/hansen_ol-AUDIT/scratch/NILU/metagenomes/spa_single_all/results_spa_single_all/assembly/spades/spaS204/final.contigs.reformatted.fa,/maps/projects/hansen_ol-AUDIT/scratch/NILU/metagenomes/assembly_annotation_wf/single_assembly_production/gene_export/spaS204.gff3,/maps/projects/hansen_ol-AUDIT/scratch/NILU/metagenomes/assembly_annotation_wf/single_assembly_production/gene_export/spaS204.faa,,
spaS205,/maps/projects/hansen_ol-AUDIT/scratch/NILU/metagenomes/spa_single_all/results_spa_single_all/assembly/spades/spaS205/final.contigs.reformatted.fa,/maps/projects/hansen_ol-AUDIT/scratch/NILU/metagenomes/assembly_annotation_wf/single_assembly_production/gene_export/spaS205.gff3,/maps/projects/hansen_ol-AUDIT/scratch/NILU/metagenomes/assembly_annotation_wf/single_assembly_production/gene_export/spaS205.faa,,
spaS206,/maps/projects/hansen_ol-AUDIT/scratch/NILU/metagenomes/spa_single_all/results_spa_single_all/assembly/spades/spaS206/final.contigs.reformatted.fa,/maps/projects/hansen_ol-AUDIT/scratch/NILU/metagenomes/assembly_annotation_wf/single_assembly_production/gene_export/spaS206.gff3,/maps/projects/hansen_ol-AUDIT/scratch/NILU/metagenomes/assembly_annotation_wf/single_assembly_production/gene_export/spaS206.faa,,
spaS207,/maps/projects/hansen_ol-AUDIT/scratch/NILU/metagenomes/spa_single_all/results_spa_single_all/assembly/spades/spaS207/final.contigs.reformatted.fa,/maps/projects/hansen_ol-AUDIT/scratch/NILU/metagenomes/assembly_annotation_wf/single_assembly_production/gene_export/spaS207.gff3,/maps/projects/hansen_ol-AUDIT/scratch/NILU/metagenomes/assembly_annotation_wf/single_assembly_production/gene_export/spaS207.faa,,
spaS208,/maps/projects/hansen_ol-AUDIT/scratch/NILU/metagenomes/spa_single_all/results_spa_single_all/assembly/spades/spaS208/final.contigs.reformatted.fa,/maps/projects/hansen_ol-AUDIT/scratch/NILU/metagenomes/assembly_annotation_wf/single_assembly_production/gene_export/spaS208.gff3,/maps/projects/hansen_ol-AUDIT/scratch/NILU/metagenomes/assembly_annotation_wf/single_assembly_production/gene_export/spaS208.faa,,
spaS209,/maps/projects/hansen_ol-AUDIT/scratch/NILU/metagenomes/spa_single_all/results_spa_single_all/assembly/spades/spaS209/final.contigs.reformatted.fa,/maps/projects/hansen_ol-AUDIT/scratch/NILU/metagenomes/assembly_annotation_wf/single_assembly_production/gene_export/spaS209.gff3,/maps/projects/hansen_ol-AUDIT/scratch/NILU/metagenomes/assembly_annotation_wf/single_assembly_production/gene_export/spaS209.faa,,
spaS21,/maps/projects/hansen_ol-AUDIT/scratch/NILU/metagenomes/spa_single_all/results_spa_single_all/assembly/spades/spaS21/final.contigs.reformatted.fa,/maps/projects/hansen_ol-AUDIT/scratch/NILU/metagenomes/assembly_annotation_wf/single_assembly_production/gene_export/spaS21.gff3,/maps/projects/hansen_ol-AUDIT/scratch/NILU/metagenomes/assembly_annotation_wf/single_assembly_production/gene_export/spaS21.faa,,
spaS210,/maps/projects/hansen_ol-AUDIT/scratch/NILU/metagenomes/spa_single_all/results_spa_single_all/assembly/spades/spaS210/final.contigs.reformatted.fa,/maps/projects/hansen_ol-AUDIT/scratch/NILU/metagenomes/assembly_annotation_wf/single_assembly_production/gene_export/spaS210.gff3,/maps/projects/hansen_ol-AUDIT/scratch/NILU/metagenomes/assembly_annotation_wf/single_assembly_production/gene_export/spaS210.faa,,
spaS211,/maps/projects/hansen_ol-AUDIT/scratch/NILU/metagenomes/spa_single_all/results_spa_single_all/assembly/spades/spaS211/final.contigs.reformatted.fa,/maps/projects/hansen_ol-AUDIT/scratch/NILU/metagenomes/assembly_annotation_wf/single_assembly_production/gene_export/spaS211.gff3,/maps/projects/hansen_ol-AUDIT/scratch/NILU/metagenomes/assembly_annotation_wf/single_assembly_production/gene_export/spaS211.faa,,
spaS212,/maps/projects/hansen_ol-AUDIT/scratch/NILU/metagenomes/spa_single_all/results_spa_single_all/assembly/spades/spaS212/final.contigs.reformatted.fa,/maps/projects/hansen_ol-AUDIT/scratch/NILU/metagenomes/assembly_annotation_wf/single_assembly_production/gene_export/spaS212.gff3,/maps/projects/hansen_ol-AUDIT/scratch/NILU/metagenomes/assembly_annotation_wf/single_assembly_production/gene_export/spaS212.faa,,
spaS213,/maps/projects/hansen_ol-AUDIT/scratch/NILU/metagenomes/spa_single_all/results_spa_single_all/assembly/spades/spaS213/final.contigs.reformatted.fa,/maps/projects/hansen_ol-AUDIT/scratch/NILU/metagenomes/assembly_annotation_wf/single_assembly_production/gene_export/spaS213.gff3,/maps/projects/hansen_ol-AUDIT/scratch/NILU/metagenomes/assembly_annotation_wf/single_assembly_production/gene_export/spaS213.faa,,
spaS214,/maps/projects/hansen_ol-AUDIT/scratch/NILU/metagenomes/spa_single_all/results_spa_single_all/assembly/spades/spaS214/final.contigs.reformatted.fa,/maps/projects/hansen_ol-AUDIT/scratch/NILU/metagenomes/assembly_annotation_wf/single_assembly_production/gene_export/spaS214.gff3,/maps/projects/hansen_ol-AUDIT/scratch/NILU/metagenomes/assembly_annotation_wf/single_assembly_production/gene_export/spaS214.faa,,
spaS215,/maps/projects/hansen_ol-AUDIT/scratch/NILU/metagenomes/spa_single_all/results_spa_single_all/assembly/spades/spaS215/final.contigs.reformatted.fa,/maps/projects/hansen_ol-AUDIT/scratch/NILU/metagenomes/assembly_annotation_wf/single_assembly_production/gene_export/spaS215.gff3,/maps/projects/hansen_ol-AUDIT/scratch/NILU/metagenomes/assembly_annotation_wf/single_assembly_production/gene_export/spaS215.faa,,
spaS216,/maps/projects/hansen_ol-AUDIT/scratch/NILU/metagenomes/spa_single_all/results_spa_single_all/assembly/spades/spaS216/final.contigs.reformatted.fa,/maps/projects/hansen_ol-AUDIT/scratch/NILU/metagenomes/assembly_annotation_wf/single_assembly_production/gene_export/spaS216.gff3,/maps/projects/hansen_ol-AUDIT/scratch/NILU/metagenomes/assembly_annotation_wf/single_assembly_production/gene_export/spaS216.faa,,
spaS217,/maps/projects/hansen_ol-AUDIT/scratch/NILU/metagenomes/spa_single_all/results_spa_single_all/assembly/spades/spaS217/final.contigs.reformatted.fa,/maps/projects/hansen_ol-AUDIT/scratch/NILU/metagenomes/assembly_annotation_wf/single_assembly_production/gene_export/spaS217.gff3,/maps/projects/hansen_ol-AUDIT/scratch/NILU/metagenomes/assembly_annotation_wf/single_assembly_production/gene_export/spaS217.faa,,
spaS218,/maps/projects/hansen_ol-AUDIT/scratch/NILU/metagenomes/spa_single_all/results_spa_single_all/assembly/spades/spaS218/final.contigs.reformatted.fa,/maps/projects/hansen_ol-AUDIT/scratch/NILU/metagenomes/assembly_annotation_wf/single_assembly_production/gene_export/spaS218.gff3,/maps/projects/hansen_ol-AUDIT/scratch/NILU/metagenomes/assembly_annotation_wf/single_assembly_production/gene_export/spaS218.faa,,
spaS219,/maps/projects/hansen_ol-AUDIT/scratch/NILU/metagenomes/spa_single_all/results_spa_single_all/assembly/spades/spaS219/final.contigs.reformatted.fa,/maps/projects/hansen_ol-AUDIT/scratch/NILU/metagenomes/assembly_annotation_wf/single_assembly_production/gene_export/spaS219.gff3,/maps/projects/hansen_ol-AUDIT/scratch/NILU/metagenomes/assembly_annotation_wf/single_assembly_production/gene_export/spaS219.faa,,
spaS22,/maps/projects/hansen_ol-AUDIT/scratch/NILU/metagenomes/spa_single_all/results_spa_single_all/assembly/spades/spaS22/final.contigs.reformatted.fa,/maps/projects/hansen_ol-AUDIT/scratch/NILU/metagenomes/assembly_annotation_wf/single_assembly_production/gene_export/spaS22.gff3,/maps/projects/hansen_ol-AUDIT/scratch/NILU/metagenomes/assembly_annotation_wf/single_assembly_production/gene_export/spaS22.faa,,
spaS220,/maps/projects/hansen_ol-AUDIT/scratch/NILU/metagenomes/spa_single_all/results_spa_single_all/assembly/spades/spaS220/final.contigs.reformatted.fa,/maps/projects/hansen_ol-AUDIT/scratch/NILU/metagenomes/assembly_annotation_wf/single_assembly_production/gene_export/spaS220.gff3,/maps/projects/hansen_ol-AUDIT/scratch/NILU/metagenomes/assembly_annotation_wf/single_assembly_production/gene_export/spaS220.faa,,
spaS221,/maps/projects/hansen_ol-AUDIT/scratch/NILU/metagenomes/spa_single_all/results_spa_single_all/assembly/spades/spaS221/final.contigs.reformatted.fa,/maps/projects/hansen_ol-AUDIT/scratch/NILU/metagenomes/assembly_annotation_wf/single_assembly_production/gene_export/spaS221.gff3,/maps/projects/hansen_ol-AUDIT/scratch/NILU/metagenomes/assembly_annotation_wf/single_assembly_production/gene_export/spaS221.faa,,
spaS222,/maps/projects/hansen_ol-AUDIT/scratch/NILU/metagenomes/spa_single_all/results_spa_single_all/assembly/spades/spaS222/final.contigs.reformatted.fa,/maps/projects/hansen_ol-AUDIT/scratch/NILU/metagenomes/assembly_annotation_wf/single_assembly_production/gene_export/spaS222.gff3,/maps/projects/hansen_ol-AUDIT/scratch/NILU/metagenomes/assembly_annotation_wf/single_assembly_production/gene_export/spaS222.faa,,
spaS223,/maps/projects/hansen_ol-AUDIT/scratch/NILU/metagenomes/spa_single_all/results_spa_single_all/assembly/spades/spaS223/final.contigs.reformatted.fa,/maps/projects/hansen_ol-AUDIT/scratch/NILU/metagenomes/assembly_annotation_wf/single_assembly_production/gene_export/spaS223.gff3,/maps/projects/hansen_ol-AUDIT/scratch/NILU/metagenomes/assembly_annotation_wf/single_assembly_production/gene_export/spaS223.faa,,
spaS224,/maps/projects/hansen_ol-AUDIT/scratch/NILU/metagenomes/spa_single_all/results_spa_single_all/assembly/spades/spaS224/final.contigs.reformatted.fa,/maps/projects/hansen_ol-AUDIT/scratch/NILU/metagenomes/assembly_annotation_wf/single_assembly_production/gene_export/spaS224.gff3,/maps/projects/hansen_ol-AUDIT/scratch/NILU/metagenomes/assembly_annotation_wf/single_assembly_production/gene_export/spaS224.faa,,
spaS225,/maps/projects/hansen_ol-AUDIT/scratch/NILU/metagenomes/spa_single_all/results_spa_single_all/assembly/spades/spaS225/final.contigs.reformatted.fa,/maps/projects/hansen_ol-AUDIT/scratch/NILU/metagenomes/assembly_annotation_wf/single_assembly_production/gene_export/spaS225.gff3,/maps/projects/hansen_ol-AUDIT/scratch/NILU/metagenomes/assembly_annotation_wf/single_assembly_production/gene_export/spaS225.faa,,
spaS226,/maps/projects/hansen_ol-AUDIT/scratch/NILU/metagenomes/spa_single_all/results_spa_single_all/assembly/spades/spaS226/final.contigs.reformatted.fa,/maps/projects/hansen_ol-AUDIT/scratch/NILU/metagenomes/assembly_annotation_wf/single_assembly_production/gene_export/spaS226.gff3,/maps/projects/hansen_ol-AUDIT/scratch/NILU/metagenomes/assembly_annotation_wf/single_assembly_production/gene_export/spaS226.faa,,
spaS227,/maps/projects/hansen_ol-AUDIT/scratch/NILU/metagenomes/spa_single_all/results_spa_single_all/assembly/spades/spaS227/final.contigs.reformatted.fa,/maps/projects/hansen_ol-AUDIT/scratch/NILU/metagenomes/assembly_annotation_wf/single_assembly_production/gene_export/spaS227.gff3,/maps/projects/hansen_ol-AUDIT/scratch/NILU/metagenomes/assembly_annotation_wf/single_assembly_production/gene_export/spaS227.faa,,
spaS228,/maps/projects/hansen_ol-AUDIT/scratch/NILU/metagenomes/spa_single_all/results_spa_single_all/assembly/spades/spaS228/final.contigs.reformatted.fa,/maps/projects/hansen_ol-AUDIT/scratch/NILU/metagenomes/assembly_annotation_wf/single_assembly_production/gene_export/spaS228.gff3,/maps/projects/hansen_ol-AUDIT/scratch/NILU/metagenomes/assembly_annotation_wf/single_assembly_production/gene_export/spaS228.faa,,
spaS229,/maps/projects/hansen_ol-AUDIT/scratch/NILU/metagenomes/spa_single_all/results_spa_single_all/assembly/spades/spaS229/final.contigs.reformatted.fa,/maps/projects/hansen_ol-AUDIT/scratch/NILU/metagenomes/assembly_annotation_wf/single_assembly_production/gene_export/spaS229.gff3,/maps/projects/hansen_ol-AUDIT/scratch/NILU/metagenomes/assembly_annotation_wf/single_assembly_production/gene_export/spaS229.faa,,
spaS23,/maps/projects/hansen_ol-AUDIT/scratch/NILU/metagenomes/spa_single_all/results_spa_single_all/assembly/spades/spaS23/final.contigs.reformatted.fa,/maps/projects/hansen_ol-AUDIT/scratch/NILU/metagenomes/assembly_annotation_wf/single_assembly_production/gene_export/spaS23.gff3,/maps/projects/hansen_ol-AUDIT/scratch/NILU/metagenomes/assembly_annotation_wf/single_assembly_production/gene_export/spaS23.faa,,
spaS230,/maps/projects/hansen_ol-AUDIT/scratch/NILU/metagenomes/spa_single_all/results_spa_single_all/assembly/spades/spaS230/final.contigs.reformatted.fa,/maps/projects/hansen_ol-AUDIT/scratch/NILU/metagenomes/assembly_annotation_wf/single_assembly_production/gene_export/spaS230.gff3,/maps/projects/hansen_ol-AUDIT/scratch/NILU/metagenomes/assembly_annotation_wf/single_assembly_production/gene_export/spaS230.faa,,
spaS231,/maps/projects/hansen_ol-AUDIT/scratch/NILU/metagenomes/spa_single_all/results_spa_single_all/assembly/spades/spaS231/final.contigs.reformatted.fa,/maps/projects/hansen_ol-AUDIT/scratch/NILU/metagenomes/assembly_annotation_wf/single_assembly_production/gene_export/spaS231.gff3,/maps/projects/hansen_ol-AUDIT/scratch/NILU/metagenomes/assembly_annotation_wf/single_assembly_production/gene_export/spaS231.faa,,
spaS232,/maps/projects/hansen_ol-AUDIT/scratch/NILU/metagenomes/spa_single_all/results_spa_single_all/assembly/spades/spaS232/final.contigs.reformatted.fa,/maps/projects/hansen_ol-AUDIT/scratch/NILU/metagenomes/assembly_annotation_wf/single_assembly_production/gene_export/spaS232.gff3,/maps/projects/hansen_ol-AUDIT/scratch/NILU/metagenomes/assembly_annotation_wf/single_assembly_production/gene_export/spaS232.faa,,
spaS233,/maps/projects/hansen_ol-AUDIT/scratch/NILU/metagenomes/spa_single_all/results_spa_single_all/assembly/spades/spaS233/final.contigs.reformatted.fa,/maps/projects/hansen_ol-AUDIT/scratch/NILU/metagenomes/assembly_annotation_wf/single_assembly_production/gene_export/spaS233.gff3,/maps/projects/hansen_ol-AUDIT/scratch/NILU/metagenomes/assembly_annotation_wf/single_assembly_production/gene_export/spaS233.faa,,
spaS234,/maps/projects/hansen_ol-AUDIT/scratch/NILU/metagenomes/spa_single_all/results_spa_single_all/assembly/spades/spaS234/final.contigs.reformatted.fa,/maps/projects/hansen_ol-AUDIT/scratch/NILU/metagenomes/assembly_annotation_wf/single_assembly_production/gene_export/spaS234.gff3,/maps/projects/hansen_ol-AUDIT/scratch/NILU/metagenomes/assembly_annotation_wf/single_assembly_production/gene_export/spaS234.faa,,
spaS235,/maps/projects/hansen_ol-AUDIT/scratch/NILU/metagenomes/spa_single_all/results_spa_single_all/assembly/spades/spaS235/final.contigs.reformatted.fa,/maps/projects/hansen_ol-AUDIT/scratch/NILU/metagenomes/assembly_annotation_wf/single_assembly_production/gene_export/spaS235.gff3,/maps/projects/hansen_ol-AUDIT/scratch/NILU/metagenomes/assembly_annotation_wf/single_assembly_production/gene_export/spaS235.faa,,
spaS236,/maps/projects/hansen_ol-AUDIT/scratch/NILU/metagenomes/spa_single_all/results_spa_single_all/assembly/spades/spaS236/final.contigs.reformatted.fa,/maps/projects/hansen_ol-AUDIT/scratch/NILU/metagenomes/assembly_annotation_wf/single_assembly_production/gene_export/spaS236.gff3,/maps/projects/hansen_ol-AUDIT/scratch/NILU/metagenomes/assembly_annotation_wf/single_assembly_production/gene_export/spaS236.faa,,
spaS237,/maps/projects/hansen_ol-AUDIT/scratch/NILU/metagenomes/spa_single_all/results_spa_single_all/assembly/spades/spaS237/final.contigs.reformatted.fa,/maps/projects/hansen_ol-AUDIT/scratch/NILU/metagenomes/assembly_annotation_wf/single_assembly_production/gene_export/spaS237.gff3,/maps/projects/hansen_ol-AUDIT/scratch/NILU/metagenomes/assembly_annotation_wf/single_assembly_production/gene_export/spaS237.faa,,
spaS238,/maps/projects/hansen_ol-AUDIT/scratch/NILU/metagenomes/spa_single_all/results_spa_single_all/assembly/spades/spaS238/final.contigs.reformatted.fa,/maps/projects/hansen_ol-AUDIT/scratch/NILU/metagenomes/assembly_annotation_wf/single_assembly_production/gene_export/spaS238.gff3,/maps/projects/hansen_ol-AUDIT/scratch/NILU/metagenomes/assembly_annotation_wf/single_assembly_production/gene_export/spaS238.faa,,
spaS239,/maps/projects/hansen_ol-AUDIT/scratch/NILU/metagenomes/spa_single_all/results_spa_single_all/assembly/spades/spaS239/final.contigs.reformatted.fa,/maps/projects/hansen_ol-AUDIT/scratch/NILU/metagenomes/assembly_annotation_wf/single_assembly_production/gene_export/spaS239.gff3,/maps/projects/hansen_ol-AUDIT/scratch/NILU/metagenomes/assembly_annotation_wf/single_assembly_production/gene_export/spaS239.faa,,
spaS24,/maps/projects/hansen_ol-AUDIT/scratch/NILU/metagenomes/spa_single_all/results_spa_single_all/assembly/spades/spaS24/final.contigs.reformatted.fa,/maps/projects/hansen_ol-AUDIT/scratch/NILU/metagenomes/assembly_annotation_wf/single_assembly_production/gene_export/spaS24.gff3,/maps/projects/hansen_ol-AUDIT/scratch/NILU/metagenomes/assembly_annotation_wf/single_assembly_production/gene_export/spaS24.faa,,
spaS240,/maps/projects/hansen_ol-AUDIT/scratch/NILU/metagenomes/spa_single_all/results_spa_single_all/assembly/spades/spaS240/final.contigs.reformatted.fa,/maps/projects/hansen_ol-AUDIT/scratch/NILU/metagenomes/assembly_annotation_wf/single_assembly_production/gene_export/spaS240.gff3,/maps/projects/hansen_ol-AUDIT/scratch/NILU/metagenomes/assembly_annotation_wf/single_assembly_production/gene_export/spaS240.faa,,
spaS241,/maps/projects/hansen_ol-AUDIT/scratch/NILU/metagenomes/spa_single_all/results_spa_single_all/assembly/spades/spaS241/final.contigs.reformatted.fa,/maps/projects/hansen_ol-AUDIT/scratch/NILU/metagenomes/assembly_annotation_wf/single_assembly_production/gene_export/spaS241.gff3,/maps/projects/hansen_ol-AUDIT/scratch/NILU/metagenomes/assembly_annotation_wf/single_assembly_production/gene_export/spaS241.faa,,
spaS242,/maps/projects/hansen_ol-AUDIT/scratch/NILU/metagenomes/spa_single_all/results_spa_single_all/assembly/spades/spaS242/final.contigs.reformatted.fa,/maps/projects/hansen_ol-AUDIT/scratch/NILU/metagenomes/assembly_annotation_wf/single_assembly_production/gene_export/spaS242.gff3,/maps/projects/hansen_ol-AUDIT/scratch/NILU/metagenomes/assembly_annotation_wf/single_assembly_production/gene_export/spaS242.faa,,
spaS243,/maps/projects/hansen_ol-AUDIT/scratch/NILU/metagenomes/spa_single_all/results_spa_single_all/assembly/spades/spaS243/final.contigs.reformatted.fa,/maps/projects/hansen_ol-AUDIT/scratch/NILU/metagenomes/assembly_annotation_wf/single_assembly_production/gene_export/spaS243.gff3,/maps/projects/hansen_ol-AUDIT/scratch/NILU/metagenomes/assembly_annotation_wf/single_assembly_production/gene_export/spaS243.faa,,
spaS244,/maps/projects/hansen_ol-AUDIT/scratch/NILU/metagenomes/spa_single_all/results_spa_single_all/assembly/spades/spaS244/final.contigs.reformatted.fa,/maps/projects/hansen_ol-AUDIT/scratch/NILU/metagenomes/assembly_annotation_wf/single_assembly_production/gene_export/spaS244.gff3,/maps/projects/hansen_ol-AUDIT/scratch/NILU/metagenomes/assembly_annotation_wf/single_assembly_production/gene_export/spaS244.faa,,
spaS245,/maps/projects/hansen_ol-AUDIT/scratch/NILU/metagenomes/spa_single_all/results_spa_single_all/assembly/spades/spaS245/final.contigs.reformatted.fa,/maps/projects/hansen_ol-AUDIT/scratch/NILU/metagenomes/assembly_annotation_wf/single_assembly_production/gene_export/spaS245.gff3,/maps/projects/hansen_ol-AUDIT/scratch/NILU/metagenomes/assembly_annotation_wf/single_assembly_production/gene_export/spaS245.faa,,
spaS246,/maps/projects/hansen_ol-AUDIT/scratch/NILU/metagenomes/spa_single_all/results_spa_single_all/assembly/spades/spaS246/final.contigs.reformatted.fa,/maps/projects/hansen_ol-AUDIT/scratch/NILU/metagenomes/assembly_annotation_wf/single_assembly_production/gene_export/spaS246.gff3,/maps/projects/hansen_ol-AUDIT/scratch/NILU/metagenomes/assembly_annotation_wf/single_assembly_production/gene_export/spaS246.faa,,
spaS247,/maps/projects/hansen_ol-AUDIT/scratch/NILU/metagenomes/spa_single_all/results_spa_single_all/assembly/spades/spaS247/final.contigs.reformatted.fa,/maps/projects/hansen_ol-AUDIT/scratch/NILU/metagenomes/assembly_annotation_wf/single_assembly_production/gene_export/spaS247.gff3,/maps/projects/hansen_ol-AUDIT/scratch/NILU/metagenomes/assembly_annotation_wf/single_assembly_production/gene_export/spaS247.faa,,
spaS248,/maps/projects/hansen_ol-AUDIT/scratch/NILU/metagenomes/spa_single_all/results_spa_single_all/assembly/spades/spaS248/final.contigs.reformatted.fa,/maps/projects/hansen_ol-AUDIT/scratch/NILU/metagenomes/assembly_annotation_wf/single_assembly_production/gene_export/spaS248.gff3,/maps/projects/hansen_ol-AUDIT/scratch/NILU/metagenomes/assembly_annotation_wf/single_assembly_production/gene_export/spaS248.faa,,
spaS249,/maps/projects/hansen_ol-AUDIT/scratch/NILU/metagenomes/spa_single_all/results_spa_single_all/assembly/spades/spaS249/final.contigs.reformatted.fa,/maps/projects/hansen_ol-AUDIT/scratch/NILU/metagenomes/assembly_annotation_wf/single_assembly_production/gene_export/spaS249.gff3,/maps/projects/hansen_ol-AUDIT/scratch/NILU/metagenomes/assembly_annotation_wf/single_assembly_production/gene_export/spaS249.faa,,
spaS25,/maps/projects/hansen_ol-AUDIT/scratch/NILU/metagenomes/spa_single_all/results_spa_single_all/assembly/spades/spaS25/final.contigs.reformatted.fa,/maps/projects/hansen_ol-AUDIT/scratch/NILU/metagenomes/assembly_annotation_wf/single_assembly_production/gene_export/spaS25.gff3,/maps/projects/hansen_ol-AUDIT/scratch/NILU/metagenomes/assembly_annotation_wf/single_assembly_production/gene_export/spaS25.faa,,
spaS250,/maps/projects/hansen_ol-AUDIT/scratch/NILU/metagenomes/spa_single_all/results_spa_single_all/assembly/spades/spaS250/final.contigs.reformatted.fa,/maps/projects/hansen_ol-AUDIT/scratch/NILU/metagenomes/assembly_annotation_wf/single_assembly_production/gene_export/spaS250.gff3,/maps/projects/hansen_ol-AUDIT/scratch/NILU/metagenomes/assembly_annotation_wf/single_assembly_production/gene_export/spaS250.faa,,
spaS251,/maps/projects/hansen_ol-AUDIT/scratch/NILU/metagenomes/spa_single_all/results_spa_single_all/assembly/spades/spaS251/final.contigs.reformatted.fa,/maps/projects/hansen_ol-AUDIT/scratch/NILU/metagenomes/assembly_annotation_wf/single_assembly_production/gene_export/spaS251.gff3,/maps/projects/hansen_ol-AUDIT/scratch/NILU/metagenomes/assembly_annotation_wf/single_assembly_production/gene_export/spaS251.faa,,
spaS252,/maps/projects/hansen_ol-AUDIT/scratch/NILU/metagenomes/spa_single_all/results_spa_single_all/assembly/spades/spaS252/final.contigs.reformatted.fa,/maps/projects/hansen_ol-AUDIT/scratch/NILU/metagenomes/assembly_annotation_wf/single_assembly_production/gene_export/spaS252.gff3,/maps/projects/hansen_ol-AUDIT/scratch/NILU/metagenomes/assembly_annotation_wf/single_assembly_production/gene_export/spaS252.faa,,
spaS253,/maps/projects/hansen_ol-AUDIT/scratch/NILU/metagenomes/spa_single_all/results_spa_single_all/assembly/spades/spaS253/final.contigs.reformatted.fa,/maps/projects/hansen_ol-AUDIT/scratch/NILU/metagenomes/assembly_annotation_wf/single_assembly_production/gene_export/spaS253.gff3,/maps/projects/hansen_ol-AUDIT/scratch/NILU/metagenomes/assembly_annotation_wf/single_assembly_production/gene_export/spaS253.faa,,
spaS254,/maps/projects/hansen_ol-AUDIT/scratch/NILU/metagenomes/spa_single_all/results_spa_single_all/assembly/spades/spaS254/final.contigs.reformatted.fa,/maps/projects/hansen_ol-AUDIT/scratch/NILU/metagenomes/assembly_annotation_wf/single_assembly_production/gene_export/spaS254.gff3,/maps/projects/hansen_ol-AUDIT/scratch/NILU/metagenomes/assembly_annotation_wf/single_assembly_production/gene_export/spaS254.faa,,
spaS255,/maps/projects/hansen_ol-AUDIT/scratch/NILU/metagenomes/spa_single_all/results_spa_single_all/assembly/spades/spaS255/final.contigs.reformatted.fa,/maps/projects/hansen_ol-AUDIT/scratch/NILU/metagenomes/assembly_annotation_wf/single_assembly_production/gene_export/spaS255.gff3,/maps/projects/hansen_ol-AUDIT/scratch/NILU/metagenomes/assembly_annotation_wf/single_assembly_production/gene_export/spaS255.faa,,
spaS256,/maps/projects/hansen_ol-AUDIT/scratch/NILU/metagenomes/spa_single_all/results_spa_single_all/assembly/spades/spaS256/final.contigs.reformatted.fa,/maps/projects/hansen_ol-AUDIT/scratch/NILU/metagenomes/assembly_annotation_wf/single_assembly_production/gene_export/spaS256.gff3,/maps/projects/hansen_ol-AUDIT/scratch/NILU/metagenomes/assembly_annotation_wf/single_assembly_production/gene_export/spaS256.faa,,
spaS257,/maps/projects/hansen_ol-AUDIT/scratch/NILU/metagenomes/spa_single_all/results_spa_single_all/assembly/spades/spaS257/final.contigs.reformatted.fa,/maps/projects/hansen_ol-AUDIT/scratch/NILU/metagenomes/assembly_annotation_wf/single_assembly_production/gene_export/spaS257.gff3,/maps/projects/hansen_ol-AUDIT/scratch/NILU/metagenomes/assembly_annotation_wf/single_assembly_production/gene_export/spaS257.faa,,
spaS258,/maps/projects/hansen_ol-AUDIT/scratch/NILU/metagenomes/spa_single_all/results_spa_single_all/assembly/spades/spaS258/final.contigs.reformatted.fa,/maps/projects/hansen_ol-AUDIT/scratch/NILU/metagenomes/assembly_annotation_wf/single_assembly_production/gene_export/spaS258.gff3,/maps/projects/hansen_ol-AUDIT/scratch/NILU/metagenomes/assembly_annotation_wf/single_assembly_production/gene_export/spaS258.faa,,
spaS259,/maps/projects/hansen_ol-AUDIT/scratch/NILU/metagenomes/spa_single_all/results_spa_single_all/assembly/spades/spaS259/final.contigs.reformatted.fa,/maps/projects/hansen_ol-AUDIT/scratch/NILU/metagenomes/assembly_annotation_wf/single_assembly_production/gene_export/spaS259.gff3,/maps/projects/hansen_ol-AUDIT/scratch/NILU/metagenomes/assembly_annotation_wf/single_assembly_production/gene_export/spaS259.faa,,
spaS26,/maps/projects/hansen_ol-AUDIT/scratch/NILU/metagenomes/spa_single_all/results_spa_single_all/assembly/spades/spaS26/final.contigs.reformatted.fa,/maps/projects/hansen_ol-AUDIT/scratch/NILU/metagenomes/assembly_annotation_wf/single_assembly_production/gene_export/spaS26.gff3,/maps/projects/hansen_ol-AUDIT/scratch/NILU/metagenomes/assembly_annotation_wf/single_assembly_production/gene_export/spaS26.faa,,
spaS260,/maps/projects/hansen_ol-AUDIT/scratch/NILU/metagenomes/spa_single_all/results_spa_single_all/assembly/spades/spaS260/final.contigs.reformatted.fa,/maps/projects/hansen_ol-AUDIT/scratch/NILU/metagenomes/assembly_annotation_wf/single_assembly_production/gene_export/spaS260.gff3,/maps/projects/hansen_ol-AUDIT/scratch/NILU/metagenomes/assembly_annotation_wf/single_assembly_production/gene_export/spaS260.faa,,
spaS261,/maps/projects/hansen_ol-AUDIT/scratch/NILU/metagenomes/spa_single_all/results_spa_single_all/assembly/spades/spaS261/final.contigs.reformatted.fa,/maps/projects/hansen_ol-AUDIT/scratch/NILU/metagenomes/assembly_annotation_wf/single_assembly_production/gene_export/spaS261.gff3,/maps/projects/hansen_ol-AUDIT/scratch/NILU/metagenomes/assembly_annotation_wf/single_assembly_production/gene_export/spaS261.faa,,
spaS262,/maps/projects/hansen_ol-AUDIT/scratch/NILU/metagenomes/spa_single_all/results_spa_single_all/assembly/spades/spaS262/final.contigs.reformatted.fa,/maps/projects/hansen_ol-AUDIT/scratch/NILU/metagenomes/assembly_annotation_wf/single_assembly_production/gene_export/spaS262.gff3,/maps/projects/hansen_ol-AUDIT/scratch/NILU/metagenomes/assembly_annotation_wf/single_assembly_production/gene_export/spaS262.faa,,
spaS263,/maps/projects/hansen_ol-AUDIT/scratch/NILU/metagenomes/spa_single_all/results_spa_single_all/assembly/spades/spaS263/final.contigs.reformatted.fa,/maps/projects/hansen_ol-AUDIT/scratch/NILU/metagenomes/assembly_annotation_wf/single_assembly_production/gene_export/spaS263.gff3,/maps/projects/hansen_ol-AUDIT/scratch/NILU/metagenomes/assembly_annotation_wf/single_assembly_production/gene_export/spaS263.faa,,
spaS264,/maps/projects/hansen_ol-AUDIT/scratch/NILU/metagenomes/spa_single_all/results_spa_single_all/assembly/spades/spaS264/final.contigs.reformatted.fa,/maps/projects/hansen_ol-AUDIT/scratch/NILU/metagenomes/assembly_annotation_wf/single_assembly_production/gene_export/spaS264.gff3,/maps/projects/hansen_ol-AUDIT/scratch/NILU/metagenomes/assembly_annotation_wf/single_assembly_production/gene_export/spaS264.faa,,
spaS265,/maps/projects/hansen_ol-AUDIT/scratch/NILU/metagenomes/spa_single_all/results_spa_single_all/assembly/spades/spaS265/final.contigs.reformatted.fa,/maps/projects/hansen_ol-AUDIT/scratch/NILU/metagenomes/assembly_annotation_wf/single_assembly_production/gene_export/spaS265.gff3,/maps/projects/hansen_ol-AUDIT/scratch/NILU/metagenomes/assembly_annotation_wf/single_assembly_production/gene_export/spaS265.faa,,
spaS266,/maps/projects/hansen_ol-AUDIT/scratch/NILU/metagenomes/spa_single_all/results_spa_single_all/assembly/spades/spaS266/final.contigs.reformatted.fa,/maps/projects/hansen_ol-AUDIT/scratch/NILU/metagenomes/assembly_annotation_wf/single_assembly_production/gene_export/spaS266.gff3,/maps/projects/hansen_ol-AUDIT/scratch/NILU/metagenomes/assembly_annotation_wf/single_assembly_production/gene_export/spaS266.faa,,
spaS267,/maps/projects/hansen_ol-AUDIT/scratch/NILU/metagenomes/spa_single_all/results_spa_single_all/assembly/spades/spaS267/final.contigs.reformatted.fa,/maps/projects/hansen_ol-AUDIT/scratch/NILU/metagenomes/assembly_annotation_wf/single_assembly_production/gene_export/spaS267.gff3,/maps/projects/hansen_ol-AUDIT/scratch/NILU/metagenomes/assembly_annotation_wf/single_assembly_production/gene_export/spaS267.faa,,
spaS268,/maps/projects/hansen_ol-AUDIT/scratch/NILU/metagenomes/spa_single_all/results_spa_single_all/assembly/spades/spaS268/final.contigs.reformatted.fa,/maps/projects/hansen_ol-AUDIT/scratch/NILU/metagenomes/assembly_annotation_wf/single_assembly_production/gene_export/spaS268.gff3,/maps/projects/hansen_ol-AUDIT/scratch/NILU/metagenomes/assembly_annotation_wf/single_assembly_production/gene_export/spaS268.faa,,
spaS269,/maps/projects/hansen_ol-AUDIT/scratch/NILU/metagenomes/spa_single_all/results_spa_single_all/assembly/spades/spaS269/final.contigs.reformatted.fa,/maps/projects/hansen_ol-AUDIT/scratch/NILU/metagenomes/assembly_annotation_wf/single_assembly_production/gene_export/spaS269.gff3,/maps/projects/hansen_ol-AUDIT/scratch/NILU/metagenomes/assembly_annotation_wf/single_assembly_production/gene_export/spaS269.faa,,
spaS27,/maps/projects/hansen_ol-AUDIT/scratch/NILU/metagenomes/spa_single_all/results_spa_single_all/assembly/spades/spaS27/final.contigs.reformatted.fa,/maps/projects/hansen_ol-AUDIT/scratch/NILU/metagenomes/assembly_annotation_wf/single_assembly_production/gene_export/spaS27.gff3,/maps/projects/hansen_ol-AUDIT/scratch/NILU/metagenomes/assembly_annotation_wf/single_assembly_production/gene_export/spaS27.faa,,
spaS270,/maps/projects/hansen_ol-AUDIT/scratch/NILU/metagenomes/spa_single_all/results_spa_single_all/assembly/spades/spaS270/final.contigs.reformatted.fa,/maps/projects/hansen_ol-AUDIT/scratch/NILU/metagenomes/assembly_annotation_wf/single_assembly_production/gene_export/spaS270.gff3,/maps/projects/hansen_ol-AUDIT/scratch/NILU/metagenomes/assembly_annotation_wf/single_assembly_production/gene_export/spaS270.faa,,
spaS271,/maps/projects/hansen_ol-AUDIT/scratch/NILU/metagenomes/spa_single_all/results_spa_single_all/assembly/spades/spaS271/final.contigs.reformatted.fa,/maps/projects/hansen_ol-AUDIT/scratch/NILU/metagenomes/assembly_annotation_wf/single_assembly_production/gene_export/spaS271.gff3,/maps/projects/hansen_ol-AUDIT/scratch/NILU/metagenomes/assembly_annotation_wf/single_assembly_production/gene_export/spaS271.faa,,
spaS272,/maps/projects/hansen_ol-AUDIT/scratch/NILU/metagenomes/spa_single_all/results_spa_single_all/assembly/spades/spaS272/final.contigs.reformatted.fa,/maps/projects/hansen_ol-AUDIT/scratch/NILU/metagenomes/assembly_annotation_wf/single_assembly_production/gene_export/spaS272.gff3,/maps/projects/hansen_ol-AUDIT/scratch/NILU/metagenomes/assembly_annotation_wf/single_assembly_production/gene_export/spaS272.faa,,
spaS273,/maps/projects/hansen_ol-AUDIT/scratch/NILU/metagenomes/spa_single_all/results_spa_single_all/assembly/spades/spaS273/final.contigs.reformatted.fa,/maps/projects/hansen_ol-AUDIT/scratch/NILU/metagenomes/assembly_annotation_wf/single_assembly_production/gene_export/spaS273.gff3,/maps/projects/hansen_ol-AUDIT/scratch/NILU/metagenomes/assembly_annotation_wf/single_assembly_production/gene_export/spaS273.faa,,
spaS274,/maps/projects/hansen_ol-AUDIT/scratch/NILU/metagenomes/spa_single_all/results_spa_single_all/assembly/spades/spaS274/final.contigs.reformatted.fa,/maps/projects/hansen_ol-AUDIT/scratch/NILU/metagenomes/assembly_annotation_wf/single_assembly_production/gene_export/spaS274.gff3,/maps/projects/hansen_ol-AUDIT/scratch/NILU/metagenomes/assembly_annotation_wf/single_assembly_production/gene_export/spaS274.faa,,
spaS275,/maps/projects/hansen_ol-AUDIT/scratch/NILU/metagenomes/spa_single_all/results_spa_single_all/assembly/spades/spaS275/final.contigs.reformatted.fa,/maps/projects/hansen_ol-AUDIT/scratch/NILU/metagenomes/assembly_annotation_wf/single_assembly_production/gene_export/spaS275.gff3,/maps/projects/hansen_ol-AUDIT/scratch/NILU/metagenomes/assembly_annotation_wf/single_assembly_production/gene_export/spaS275.faa,,
spaS276,/maps/projects/hansen_ol-AUDIT/scratch/NILU/metagenomes/spa_single_all/results_spa_single_all/assembly/spades/spaS276/final.contigs.reformatted.fa,/maps/projects/hansen_ol-AUDIT/scratch/NILU/metagenomes/assembly_annotation_wf/single_assembly_production/gene_export/spaS276.gff3,/maps/projects/hansen_ol-AUDIT/scratch/NILU/metagenomes/assembly_annotation_wf/single_assembly_production/gene_export/spaS276.faa,,
spaS277,/maps/projects/hansen_ol-AUDIT/scratch/NILU/metagenomes/spa_single_all/results_spa_single_all/assembly/spades/spaS277/final.contigs.reformatted.fa,/maps/projects/hansen_ol-AUDIT/scratch/NILU/metagenomes/assembly_annotation_wf/single_assembly_production/gene_export/spaS277.gff3,/maps/projects/hansen_ol-AUDIT/scratch/NILU/metagenomes/assembly_annotation_wf/single_assembly_production/gene_export/spaS277.faa,,
spaS278,/maps/projects/hansen_ol-AUDIT/scratch/NILU/metagenomes/spa_single_all/results_spa_single_all/assembly/spades/spaS278/final.contigs.reformatted.fa,/maps/projects/hansen_ol-AUDIT/scratch/NILU/metagenomes/assembly_annotation_wf/single_assembly_production/gene_export/spaS278.gff3,/maps/projects/hansen_ol-AUDIT/scratch/NILU/metagenomes/assembly_annotation_wf/single_assembly_production/gene_export/spaS278.faa,,
spaS279,/maps/projects/hansen_ol-AUDIT/scratch/NILU/metagenomes/spa_single_all/results_spa_single_all/assembly/spades/spaS279/final.contigs.reformatted.fa,/maps/projects/hansen_ol-AUDIT/scratch/NILU/metagenomes/assembly_annotation_wf/single_assembly_production/gene_export/spaS279.gff3,/maps/projects/hansen_ol-AUDIT/scratch/NILU/metagenomes/assembly_annotation_wf/single_assembly_production/gene_export/spaS279.faa,,
spaS280,/maps/projects/hansen_ol-AUDIT/scratch/NILU/metagenomes/spa_single_all/results_spa_single_all/assembly/spades/spaS280/final.contigs.reformatted.fa,/maps/projects/hansen_ol-AUDIT/scratch/NILU/metagenomes/assembly_annotation_wf/single_assembly_production/gene_export/spaS280.gff3,/maps/projects/hansen_ol-AUDIT/scratch/NILU/metagenomes/assembly_annotation_wf/single_assembly_production/gene_export/spaS280.faa,,
spaS281,/maps/projects/hansen_ol-AUDIT/scratch/NILU/metagenomes/spa_single_all/results_spa_single_all/assembly/spades/spaS281/final.contigs.reformatted.fa,/maps/projects/hansen_ol-AUDIT/scratch/NILU/metagenomes/assembly_annotation_wf/single_assembly_production/gene_export/spaS281.gff3,/maps/projects/hansen_ol-AUDIT/scratch/NILU/metagenomes/assembly_annotation_wf/single_assembly_production/gene_export/spaS281.faa,,
spaS282,/maps/projects/hansen_ol-AUDIT/scratch/NILU/metagenomes/spa_single_all/results_spa_single_all/assembly/spades/spaS282/final.contigs.reformatted.fa,/maps/projects/hansen_ol-AUDIT/scratch/NILU/metagenomes/assembly_annotation_wf/single_assembly_production/gene_export/spaS282.gff3,/maps/projects/hansen_ol-AUDIT/scratch/NILU/metagenomes/assembly_annotation_wf/single_assembly_production/gene_export/spaS282.faa,,
spaS283,/maps/projects/hansen_ol-AUDIT/scratch/NILU/metagenomes/spa_single_all/results_spa_single_all/assembly/spades/spaS283/final.contigs.reformatted.fa,/maps/projects/hansen_ol-AUDIT/scratch/NILU/metagenomes/assembly_annotation_wf/single_assembly_production/gene_export/spaS283.gff3,/maps/projects/hansen_ol-AUDIT/scratch/NILU/metagenomes/assembly_annotation_wf/single_assembly_production/gene_export/spaS283.faa,,
spaS284,/maps/projects/hansen_ol-AUDIT/scratch/NILU/metagenomes/spa_single_all/results_spa_single_all/assembly/spades/spaS284/final.contigs.reformatted.fa,/maps/projects/hansen_ol-AUDIT/scratch/NILU/metagenomes/assembly_annotation_wf/single_assembly_production/gene_export/spaS284.gff3,/maps/projects/hansen_ol-AUDIT/scratch/NILU/metagenomes/assembly_annotation_wf/single_assembly_production/gene_export/spaS284.faa,,
spaS285,/maps/projects/hansen_ol-AUDIT/scratch/NILU/metagenomes/spa_single_all/results_spa_single_all/assembly/spades/spaS285/final.contigs.reformatted.fa,/maps/projects/hansen_ol-AUDIT/scratch/NILU/metagenomes/assembly_annotation_wf/single_assembly_production/gene_export/spaS285.gff3,/maps/projects/hansen_ol-AUDIT/scratch/NILU/metagenomes/assembly_annotation_wf/single_assembly_production/gene_export/spaS285.faa,,
spaS286,/maps/projects/hansen_ol-AUDIT/scratch/NILU/metagenomes/spa_single_all/results_spa_single_all/assembly/spades/spaS286/final.contigs.reformatted.fa,/maps/projects/hansen_ol-AUDIT/scratch/NILU/metagenomes/assembly_annotation_wf/single_assembly_production/gene_export/spaS286.gff3,/maps/projects/hansen_ol-AUDIT/scratch/NILU/metagenomes/assembly_annotation_wf/single_assembly_production/gene_export/spaS286.faa,,
spaS287,/maps/projects/hansen_ol-AUDIT/scratch/NILU/metagenomes/spa_single_all/results_spa_single_all/assembly/spades/spaS287/final.contigs.reformatted.fa,/maps/projects/hansen_ol-AUDIT/scratch/NILU/metagenomes/assembly_annotation_wf/single_assembly_production/gene_export/spaS287.gff3,/maps/projects/hansen_ol-AUDIT/scratch/NILU/metagenomes/assembly_annotation_wf/single_assembly_production/gene_export/spaS287.faa,,
spaS29,/maps/projects/hansen_ol-AUDIT/scratch/NILU/metagenomes/spa_single_all/results_spa_single_all/assembly/spades/spaS29/final.contigs.reformatted.fa,/maps/projects/hansen_ol-AUDIT/scratch/NILU/metagenomes/assembly_annotation_wf/single_assembly_production/gene_export/spaS29.gff3,/maps/projects/hansen_ol-AUDIT/scratch/NILU/metagenomes/assembly_annotation_wf/single_assembly_production/gene_export/spaS29.faa,,
spaS294,/maps/projects/hansen_ol-AUDIT/scratch/NILU/metagenomes/spa_single_all/results_spa_single_all/assembly/spades/spaS294/final.contigs.reformatted.fa,/maps/projects/hansen_ol-AUDIT/scratch/NILU/metagenomes/assembly_annotation_wf/single_assembly_production/gene_export/spaS294.gff3,/maps/projects/hansen_ol-AUDIT/scratch/NILU/metagenomes/assembly_annotation_wf/single_assembly_production/gene_export/spaS294.faa,,
spaS295,/maps/projects/hansen_ol-AUDIT/scratch/NILU/metagenomes/spa_single_all/results_spa_single_all/assembly/spades/spaS295/final.contigs.reformatted.fa,/maps/projects/hansen_ol-AUDIT/scratch/NILU/metagenomes/assembly_annotation_wf/single_assembly_production/gene_export/spaS295.gff3,/maps/projects/hansen_ol-AUDIT/scratch/NILU/metagenomes/assembly_annotation_wf/single_assembly_production/gene_export/spaS295.faa,,
spaS296,/maps/projects/hansen_ol-AUDIT/scratch/NILU/metagenomes/spa_single_all/results_spa_single_all/assembly/spades/spaS296/final.contigs.reformatted.fa,/maps/projects/hansen_ol-AUDIT/scratch/NILU/metagenomes/assembly_annotation_wf/single_assembly_production/gene_export/spaS296.gff3,/maps/projects/hansen_ol-AUDIT/scratch/NILU/metagenomes/assembly_annotation_wf/single_assembly_production/gene_export/spaS296.faa,,
spaS297,/maps/projects/hansen_ol-AUDIT/scratch/NILU/metagenomes/spa_single_all/results_spa_single_all/assembly/spades/spaS297/final.contigs.reformatted.fa,/maps/projects/hansen_ol-AUDIT/scratch/NILU/metagenomes/assembly_annotation_wf/single_assembly_production/gene_export/spaS297.gff3,/maps/projects/hansen_ol-AUDIT/scratch/NILU/metagenomes/assembly_annotation_wf/single_assembly_production/gene_export/spaS297.faa,,
spaS298,/maps/projects/hansen_ol-AUDIT/scratch/NILU/metagenomes/spa_single_all/results_spa_single_all/assembly/spades/spaS298/final.contigs.reformatted.fa,/maps/projects/hansen_ol-AUDIT/scratch/NILU/metagenomes/assembly_annotation_wf/single_assembly_production/gene_export/spaS298.gff3,/maps/projects/hansen_ol-AUDIT/scratch/NILU/metagenomes/assembly_annotation_wf/single_assembly_production/gene_export/spaS298.faa,,
spaS3,/maps/projects/hansen_ol-AUDIT/scratch/NILU/metagenomes/spa_single_all/results_spa_single_all/assembly/spades/spaS3/final.contigs.reformatted.fa,/maps/projects/hansen_ol-AUDIT/scratch/NILU/metagenomes/assembly_annotation_wf/single_assembly_production/gene_export/spaS3.gff3,/maps/projects/hansen_ol-AUDIT/scratch/NILU/metagenomes/assembly_annotation_wf/single_assembly_production/gene_export/spaS3.faa,,
spaS30,/maps/projects/hansen_ol-AUDIT/scratch/NILU/metagenomes/spa_single_all/results_spa_single_all/assembly/spades/spaS30/final.contigs.reformatted.fa,/maps/projects/hansen_ol-AUDIT/scratch/NILU/metagenomes/assembly_annotation_wf/single_assembly_production/gene_export/spaS30.gff3,/maps/projects/hansen_ol-AUDIT/scratch/NILU/metagenomes/assembly_annotation_wf/single_assembly_production/gene_export/spaS30.faa,,
spaS300,/maps/projects/hansen_ol-AUDIT/scratch/NILU/metagenomes/spa_single_all/results_spa_single_all/assembly/spades/spaS300/final.contigs.reformatted.fa,/maps/projects/hansen_ol-AUDIT/scratch/NILU/metagenomes/assembly_annotation_wf/single_assembly_production/gene_export/spaS300.gff3,/maps/projects/hansen_ol-AUDIT/scratch/NILU/metagenomes/assembly_annotation_wf/single_assembly_production/gene_export/spaS300.faa,,
spaS32,/maps/projects/hansen_ol-AUDIT/scratch/NILU/metagenomes/spa_single_all/results_spa_single_all/assembly/spades/spaS32/final.contigs.reformatted.fa,/maps/projects/hansen_ol-AUDIT/scratch/NILU/metagenomes/assembly_annotation_wf/single_assembly_production/gene_export/spaS32.gff3,/maps/projects/hansen_ol-AUDIT/scratch/NILU/metagenomes/assembly_annotation_wf/single_assembly_production/gene_export/spaS32.faa,,
spaS33,/maps/projects/hansen_ol-AUDIT/scratch/NILU/metagenomes/spa_single_all/results_spa_single_all/assembly/spades/spaS33/final.contigs.reformatted.fa,/maps/projects/hansen_ol-AUDIT/scratch/NILU/metagenomes/assembly_annotation_wf/single_assembly_production/gene_export/spaS33.gff3,/maps/projects/hansen_ol-AUDIT/scratch/NILU/metagenomes/assembly_annotation_wf/single_assembly_production/gene_export/spaS33.faa,,
spaS34,/maps/projects/hansen_ol-AUDIT/scratch/NILU/metagenomes/spa_single_all/results_spa_single_all/assembly/spades/spaS34/final.contigs.reformatted.fa,/maps/projects/hansen_ol-AUDIT/scratch/NILU/metagenomes/assembly_annotation_wf/single_assembly_production/gene_export/spaS34.gff3,/maps/projects/hansen_ol-AUDIT/scratch/NILU/metagenomes/assembly_annotation_wf/single_assembly_production/gene_export/spaS34.faa,,
spaS35,/maps/projects/hansen_ol-AUDIT/scratch/NILU/metagenomes/spa_single_all/results_spa_single_all/assembly/spades/spaS35/final.contigs.reformatted.fa,/maps/projects/hansen_ol-AUDIT/scratch/NILU/metagenomes/assembly_annotation_wf/single_assembly_production/gene_export/spaS35.gff3,/maps/projects/hansen_ol-AUDIT/scratch/NILU/metagenomes/assembly_annotation_wf/single_assembly_production/gene_export/spaS35.faa,,
spaS37,/maps/projects/hansen_ol-AUDIT/scratch/NILU/metagenomes/spa_single_all/results_spa_single_all/assembly/spades/spaS37/final.contigs.reformatted.fa,/maps/projects/hansen_ol-AUDIT/scratch/NILU/metagenomes/assembly_annotation_wf/single_assembly_production/gene_export/spaS37.gff3,/maps/projects/hansen_ol-AUDIT/scratch/NILU/metagenomes/assembly_annotation_wf/single_assembly_production/gene_export/spaS37.faa,,
spaS38,/maps/projects/hansen_ol-AUDIT/scratch/NILU/metagenomes/spa_single_all/results_spa_single_all/assembly/spades/spaS38/final.contigs.reformatted.fa,/maps/projects/hansen_ol-AUDIT/scratch/NILU/metagenomes/assembly_annotation_wf/single_assembly_production/gene_export/spaS38.gff3,/maps/projects/hansen_ol-AUDIT/scratch/NILU/metagenomes/assembly_annotation_wf/single_assembly_production/gene_export/spaS38.faa,,
spaS39,/maps/projects/hansen_ol-AUDIT/scratch/NILU/metagenomes/spa_single_all/results_spa_single_all/assembly/spades/spaS39/final.contigs.reformatted.fa,/maps/projects/hansen_ol-AUDIT/scratch/NILU/metagenomes/assembly_annotation_wf/single_assembly_production/gene_export/spaS39.gff3,/maps/projects/hansen_ol-AUDIT/scratch/NILU/metagenomes/assembly_annotation_wf/single_assembly_production/gene_export/spaS39.faa,,
spaS4,/maps/projects/hansen_ol-AUDIT/scratch/NILU/metagenomes/spa_single_all/results_spa_single_all/assembly/spades/spaS4/final.contigs.reformatted.fa,/maps/projects/hansen_ol-AUDIT/scratch/NILU/metagenomes/assembly_annotation_wf/single_assembly_production/gene_export/spaS4.gff3,/maps/projects/hansen_ol-AUDIT/scratch/NILU/metagenomes/assembly_annotation_wf/single_assembly_production/gene_export/spaS4.faa,,
spaS40,/maps/projects/hansen_ol-AUDIT/scratch/NILU/metagenomes/spa_single_all/results_spa_single_all/assembly/spades/spaS40/final.contigs.reformatted.fa,/maps/projects/hansen_ol-AUDIT/scratch/NILU/metagenomes/assembly_annotation_wf/single_assembly_production/gene_export/spaS40.gff3,/maps/projects/hansen_ol-AUDIT/scratch/NILU/metagenomes/assembly_annotation_wf/single_assembly_production/gene_export/spaS40.faa,,
spaS42,/maps/projects/hansen_ol-AUDIT/scratch/NILU/metagenomes/spa_single_all/results_spa_single_all/assembly/spades/spaS42/final.contigs.reformatted.fa,/maps/projects/hansen_ol-AUDIT/scratch/NILU/metagenomes/assembly_annotation_wf/single_assembly_production/gene_export/spaS42.gff3,/maps/projects/hansen_ol-AUDIT/scratch/NILU/metagenomes/assembly_annotation_wf/single_assembly_production/gene_export/spaS42.faa,,
spaS43,/maps/projects/hansen_ol-AUDIT/scratch/NILU/metagenomes/spa_single_all/results_spa_single_all/assembly/spades/spaS43/final.contigs.reformatted.fa,/maps/projects/hansen_ol-AUDIT/scratch/NILU/metagenomes/assembly_annotation_wf/single_assembly_production/gene_export/spaS43.gff3,/maps/projects/hansen_ol-AUDIT/scratch/NILU/metagenomes/assembly_annotation_wf/single_assembly_production/gene_export/spaS43.faa,,
spaS44,/maps/projects/hansen_ol-AUDIT/scratch/NILU/metagenomes/spa_single_all/results_spa_single_all/assembly/spades/spaS44/final.contigs.reformatted.fa,/maps/projects/hansen_ol-AUDIT/scratch/NILU/metagenomes/assembly_annotation_wf/single_assembly_production/gene_export/spaS44.gff3,/maps/projects/hansen_ol-AUDIT/scratch/NILU/metagenomes/assembly_annotation_wf/single_assembly_production/gene_export/spaS44.faa,,
spaS45,/maps/projects/hansen_ol-AUDIT/scratch/NILU/metagenomes/spa_single_all/results_spa_single_all/assembly/spades/spaS45/final.contigs.reformatted.fa,/maps/projects/hansen_ol-AUDIT/scratch/NILU/metagenomes/assembly_annotation_wf/single_assembly_production/gene_export/spaS45.gff3,/maps/projects/hansen_ol-AUDIT/scratch/NILU/metagenomes/assembly_annotation_wf/single_assembly_production/gene_export/spaS45.faa,,
spaS47,/maps/projects/hansen_ol-AUDIT/scratch/NILU/metagenomes/spa_single_all/results_spa_single_all/assembly/spades/spaS47/final.contigs.reformatted.fa,/maps/projects/hansen_ol-AUDIT/scratch/NILU/metagenomes/assembly_annotation_wf/single_assembly_production/gene_export/spaS47.gff3,/maps/projects/hansen_ol-AUDIT/scratch/NILU/metagenomes/assembly_annotation_wf/single_assembly_production/gene_export/spaS47.faa,,
spaS48,/maps/projects/hansen_ol-AUDIT/scratch/NILU/metagenomes/spa_single_all/results_spa_single_all/assembly/spades/spaS48/final.contigs.reformatted.fa,/maps/projects/hansen_ol-AUDIT/scratch/NILU/metagenomes/assembly_annotation_wf/single_assembly_production/gene_export/spaS48.gff3,/maps/projects/hansen_ol-AUDIT/scratch/NILU/metagenomes/assembly_annotation_wf/single_assembly_production/gene_export/spaS48.faa,,
spaS49,/maps/projects/hansen_ol-AUDIT/scratch/NILU/metagenomes/spa_single_all/results_spa_single_all/assembly/spades/spaS49/final.contigs.reformatted.fa,/maps/projects/hansen_ol-AUDIT/scratch/NILU/metagenomes/assembly_annotation_wf/single_assembly_production/gene_export/spaS49.gff3,/maps/projects/hansen_ol-AUDIT/scratch/NILU/metagenomes/assembly_annotation_wf/single_assembly_production/gene_export/spaS49.faa,,
spaS5,/maps/projects/hansen_ol-AUDIT/scratch/NILU/metagenomes/spa_single_all/results_spa_single_all/assembly/spades/spaS5/final.contigs.reformatted.fa,/maps/projects/hansen_ol-AUDIT/scratch/NILU/metagenomes/assembly_annotation_wf/single_assembly_production/gene_export/spaS5.gff3,/maps/projects/hansen_ol-AUDIT/scratch/NILU/metagenomes/assembly_annotation_wf/single_assembly_production/gene_export/spaS5.faa,,
spaS50,/maps/projects/hansen_ol-AUDIT/scratch/NILU/metagenomes/spa_single_all/results_spa_single_all/assembly/spades/spaS50/final.contigs.reformatted.fa,/maps/projects/hansen_ol-AUDIT/scratch/NILU/metagenomes/assembly_annotation_wf/single_assembly_production/gene_export/spaS50.gff3,/maps/projects/hansen_ol-AUDIT/scratch/NILU/metagenomes/assembly_annotation_wf/single_assembly_production/gene_export/spaS50.faa,,
spaS51,/maps/projects/hansen_ol-AUDIT/scratch/NILU/metagenomes/spa_single_all/results_spa_single_all/assembly/spades/spaS51/final.contigs.reformatted.fa,/maps/projects/hansen_ol-AUDIT/scratch/NILU/metagenomes/assembly_annotation_wf/single_assembly_production/gene_export/spaS51.gff3,/maps/projects/hansen_ol-AUDIT/scratch/NILU/metagenomes/assembly_annotation_wf/single_assembly_production/gene_export/spaS51.faa,,
spaS52,/maps/projects/hansen_ol-AUDIT/scratch/NILU/metagenomes/spa_single_all/results_spa_single_all/assembly/spades/spaS52/final.contigs.reformatted.fa,/maps/projects/hansen_ol-AUDIT/scratch/NILU/metagenomes/assembly_annotation_wf/single_assembly_production/gene_export/spaS52.gff3,/maps/projects/hansen_ol-AUDIT/scratch/NILU/metagenomes/assembly_annotation_wf/single_assembly_production/gene_export/spaS52.faa,,
spaS53,/maps/projects/hansen_ol-AUDIT/scratch/NILU/metagenomes/spa_single_all/results_spa_single_all/assembly/spades/spaS53/final.contigs.reformatted.fa,/maps/projects/hansen_ol-AUDIT/scratch/NILU/metagenomes/assembly_annotation_wf/single_assembly_production/gene_export/spaS53.gff3,/maps/projects/hansen_ol-AUDIT/scratch/NILU/metagenomes/assembly_annotation_wf/single_assembly_production/gene_export/spaS53.faa,,
spaS54,/maps/projects/hansen_ol-AUDIT/scratch/NILU/metagenomes/spa_single_all/results_spa_single_all/assembly/spades/spaS54/final.contigs.reformatted.fa,/maps/projects/hansen_ol-AUDIT/scratch/NILU/metagenomes/assembly_annotation_wf/single_assembly_production/gene_export/spaS54.gff3,/maps/projects/hansen_ol-AUDIT/scratch/NILU/metagenomes/assembly_annotation_wf/single_assembly_production/gene_export/spaS54.faa,,
spaS55,/maps/projects/hansen_ol-AUDIT/scratch/NILU/metagenomes/spa_single_all/results_spa_single_all/assembly/spades/spaS55/final.contigs.reformatted.fa,/maps/projects/hansen_ol-AUDIT/scratch/NILU/metagenomes/assembly_annotation_wf/single_assembly_production/gene_export/spaS55.gff3,/maps/projects/hansen_ol-AUDIT/scratch/NILU/metagenomes/assembly_annotation_wf/single_assembly_production/gene_export/spaS55.faa,,
spaS56,/maps/projects/hansen_ol-AUDIT/scratch/NILU/metagenomes/spa_single_all/results_spa_single_all/assembly/spades/spaS56/final.contigs.reformatted.fa,/maps/projects/hansen_ol-AUDIT/scratch/NILU/metagenomes/assembly_annotation_wf/single_assembly_production/gene_export/spaS56.gff3,/maps/projects/hansen_ol-AUDIT/scratch/NILU/metagenomes/assembly_annotation_wf/single_assembly_production/gene_export/spaS56.faa,,
spaS57,/maps/projects/hansen_ol-AUDIT/scratch/NILU/metagenomes/spa_single_all/results_spa_single_all/assembly/spades/spaS57/final.contigs.reformatted.fa,/maps/projects/hansen_ol-AUDIT/scratch/NILU/metagenomes/assembly_annotation_wf/single_assembly_production/gene_export/spaS57.gff3,/maps/projects/hansen_ol-AUDIT/scratch/NILU/metagenomes/assembly_annotation_wf/single_assembly_production/gene_export/spaS57.faa,,
spaS58,/maps/projects/hansen_ol-AUDIT/scratch/NILU/metagenomes/spa_single_all/results_spa_single_all/assembly/spades/spaS58/final.contigs.reformatted.fa,/maps/projects/hansen_ol-AUDIT/scratch/NILU/metagenomes/assembly_annotation_wf/single_assembly_production/gene_export/spaS58.gff3,/maps/projects/hansen_ol-AUDIT/scratch/NILU/metagenomes/assembly_annotation_wf/single_assembly_production/gene_export/spaS58.faa,,
spaS59,/maps/projects/hansen_ol-AUDIT/scratch/NILU/metagenomes/spa_single_all/results_spa_single_all/assembly/spades/spaS59/final.contigs.reformatted.fa,/maps/projects/hansen_ol-AUDIT/scratch/NILU/metagenomes/assembly_annotation_wf/single_assembly_production/gene_export/spaS59.gff3,/maps/projects/hansen_ol-AUDIT/scratch/NILU/metagenomes/assembly_annotation_wf/single_assembly_production/gene_export/spaS59.faa,,
spaS6,/maps/projects/hansen_ol-AUDIT/scratch/NILU/metagenomes/spa_single_all/results_spa_single_all/assembly/spades/spaS6/final.contigs.reformatted.fa,/maps/projects/hansen_ol-AUDIT/scratch/NILU/metagenomes/assembly_annotation_wf/single_assembly_production/gene_export/spaS6.gff3,/maps/projects/hansen_ol-AUDIT/scratch/NILU/metagenomes/assembly_annotation_wf/single_assembly_production/gene_export/spaS6.faa,,
spaS60,/maps/projects/hansen_ol-AUDIT/scratch/NILU/metagenomes/spa_single_all/results_spa_single_all/assembly/spades/spaS60/final.contigs.reformatted.fa,/maps/projects/hansen_ol-AUDIT/scratch/NILU/metagenomes/assembly_annotation_wf/single_assembly_production/gene_export/spaS60.gff3,/maps/projects/hansen_ol-AUDIT/scratch/NILU/metagenomes/assembly_annotation_wf/single_assembly_production/gene_export/spaS60.faa,,
spaS61,/maps/projects/hansen_ol-AUDIT/scratch/NILU/metagenomes/spa_single_all/results_spa_single_all/assembly/spades/spaS61/final.contigs.reformatted.fa,/maps/projects/hansen_ol-AUDIT/scratch/NILU/metagenomes/assembly_annotation_wf/single_assembly_production/gene_export/spaS61.gff3,/maps/projects/hansen_ol-AUDIT/scratch/NILU/metagenomes/assembly_annotation_wf/single_assembly_production/gene_export/spaS61.faa,,
spaS63,/maps/projects/hansen_ol-AUDIT/scratch/NILU/metagenomes/spa_single_all/results_spa_single_all/assembly/spades/spaS63/final.contigs.reformatted.fa,/maps/projects/hansen_ol-AUDIT/scratch/NILU/metagenomes/assembly_annotation_wf/single_assembly_production/gene_export/spaS63.gff3,/maps/projects/hansen_ol-AUDIT/scratch/NILU/metagenomes/assembly_annotation_wf/single_assembly_production/gene_export/spaS63.faa,,
spaS64,/maps/projects/hansen_ol-AUDIT/scratch/NILU/metagenomes/spa_single_all/results_spa_single_all/assembly/spades/spaS64/final.contigs.reformatted.fa,/maps/projects/hansen_ol-AUDIT/scratch/NILU/metagenomes/assembly_annotation_wf/single_assembly_production/gene_export/spaS64.gff3,/maps/projects/hansen_ol-AUDIT/scratch/NILU/metagenomes/assembly_annotation_wf/single_assembly_production/gene_export/spaS64.faa,,
spaS65,/maps/projects/hansen_ol-AUDIT/scratch/NILU/metagenomes/spa_single_all/results_spa_single_all/assembly/spades/spaS65/final.contigs.reformatted.fa,/maps/projects/hansen_ol-AUDIT/scratch/NILU/metagenomes/assembly_annotation_wf/single_assembly_production/gene_export/spaS65.gff3,/maps/projects/hansen_ol-AUDIT/scratch/NILU/metagenomes/assembly_annotation_wf/single_assembly_production/gene_export/spaS65.faa,,
spaS66,/maps/projects/hansen_ol-AUDIT/scratch/NILU/metagenomes/spa_single_all/results_spa_single_all/assembly/spades/spaS66/final.contigs.reformatted.fa,/maps/projects/hansen_ol-AUDIT/scratch/NILU/metagenomes/assembly_annotation_wf/single_assembly_production/gene_export/spaS66.gff3,/maps/projects/hansen_ol-AUDIT/scratch/NILU/metagenomes/assembly_annotation_wf/single_assembly_production/gene_export/spaS66.faa,,
spaS67,/maps/projects/hansen_ol-AUDIT/scratch/NILU/metagenomes/spa_single_all/results_spa_single_all/assembly/spades/spaS67/final.contigs.reformatted.fa,/maps/projects/hansen_ol-AUDIT/scratch/NILU/metagenomes/assembly_annotation_wf/single_assembly_production/gene_export/spaS67.gff3,/maps/projects/hansen_ol-AUDIT/scratch/NILU/metagenomes/assembly_annotation_wf/single_assembly_production/gene_export/spaS67.faa,,
spaS68,/maps/projects/hansen_ol-AUDIT/scratch/NILU/metagenomes/spa_single_all/results_spa_single_all/assembly/spades/spaS68/final.contigs.reformatted.fa,/maps/projects/hansen_ol-AUDIT/scratch/NILU/metagenomes/assembly_annotation_wf/single_assembly_production/gene_export/spaS68.gff3,/maps/projects/hansen_ol-AUDIT/scratch/NILU/metagenomes/assembly_annotation_wf/single_assembly_production/gene_export/spaS68.faa,,
spaS69,/maps/projects/hansen_ol-AUDIT/scratch/NILU/metagenomes/spa_single_all/results_spa_single_all/assembly/spades/spaS69/final.contigs.reformatted.fa,/maps/projects/hansen_ol-AUDIT/scratch/NILU/metagenomes/assembly_annotation_wf/single_assembly_production/gene_export/spaS69.gff3,/maps/projects/hansen_ol-AUDIT/scratch/NILU/metagenomes/assembly_annotation_wf/single_assembly_production/gene_export/spaS69.faa,,
spaS7,/maps/projects/hansen_ol-AUDIT/scratch/NILU/metagenomes/spa_single_all/results_spa_single_all/assembly/spades/spaS7/final.contigs.reformatted.fa,/maps/projects/hansen_ol-AUDIT/scratch/NILU/metagenomes/assembly_annotation_wf/single_assembly_production/gene_export/spaS7.gff3,/maps/projects/hansen_ol-AUDIT/scratch/NILU/metagenomes/assembly_annotation_wf/single_assembly_production/gene_export/spaS7.faa,,
spaS70,/maps/projects/hansen_ol-AUDIT/scratch/NILU/metagenomes/spa_single_all/results_spa_single_all/assembly/spades/spaS70/final.contigs.reformatted.fa,/maps/projects/hansen_ol-AUDIT/scratch/NILU/metagenomes/assembly_annotation_wf/single_assembly_production/gene_export/spaS70.gff3,/maps/projects/hansen_ol-AUDIT/scratch/NILU/metagenomes/assembly_annotation_wf/single_assembly_production/gene_export/spaS70.faa,,
spaS71,/maps/projects/hansen_ol-AUDIT/scratch/NILU/metagenomes/spa_single_all/results_spa_single_all/assembly/spades/spaS71/final.contigs.reformatted.fa,/maps/projects/hansen_ol-AUDIT/scratch/NILU/metagenomes/assembly_annotation_wf/single_assembly_production/gene_export/spaS71.gff3,/maps/projects/hansen_ol-AUDIT/scratch/NILU/metagenomes/assembly_annotation_wf/single_assembly_production/gene_export/spaS71.faa,,
spaS72,/maps/projects/hansen_ol-AUDIT/scratch/NILU/metagenomes/spa_single_all/results_spa_single_all/assembly/spades/spaS72/final.contigs.reformatted.fa,/maps/projects/hansen_ol-AUDIT/scratch/NILU/metagenomes/assembly_annotation_wf/single_assembly_production/gene_export/spaS72.gff3,/maps/projects/hansen_ol-AUDIT/scratch/NILU/metagenomes/assembly_annotation_wf/single_assembly_production/gene_export/spaS72.faa,,
spaS73,/maps/projects/hansen_ol-AUDIT/scratch/NILU/metagenomes/spa_single_all/results_spa_single_all/assembly/spades/spaS73/final.contigs.reformatted.fa,/maps/projects/hansen_ol-AUDIT/scratch/NILU/metagenomes/assembly_annotation_wf/single_assembly_production/gene_export/spaS73.gff3,/maps/projects/hansen_ol-AUDIT/scratch/NILU/metagenomes/assembly_annotation_wf/single_assembly_production/gene_export/spaS73.faa,,
spaS74,/maps/projects/hansen_ol-AUDIT/scratch/NILU/metagenomes/spa_single_all/results_spa_single_all/assembly/spades/spaS74/final.contigs.reformatted.fa,/maps/projects/hansen_ol-AUDIT/scratch/NILU/metagenomes/assembly_annotation_wf/single_assembly_production/gene_export/spaS74.gff3,/maps/projects/hansen_ol-AUDIT/scratch/NILU/metagenomes/assembly_annotation_wf/single_assembly_production/gene_export/spaS74.faa,,
spaS75,/maps/projects/hansen_ol-AUDIT/scratch/NILU/metagenomes/spa_single_all/results_spa_single_all/assembly/spades/spaS75/final.contigs.reformatted.fa,/maps/projects/hansen_ol-AUDIT/scratch/NILU/metagenomes/assembly_annotation_wf/single_assembly_production/gene_export/spaS75.gff3,/maps/projects/hansen_ol-AUDIT/scratch/NILU/metagenomes/assembly_annotation_wf/single_assembly_production/gene_export/spaS75.faa,,
spaS77,/maps/projects/hansen_ol-AUDIT/scratch/NILU/metagenomes/spa_single_all/results_spa_single_all/assembly/spades/spaS77/final.contigs.reformatted.fa,/maps/projects/hansen_ol-AUDIT/scratch/NILU/metagenomes/assembly_annotation_wf/single_assembly_production/gene_export/spaS77.gff3,/maps/projects/hansen_ol-AUDIT/scratch/NILU/metagenomes/assembly_annotation_wf/single_assembly_production/gene_export/spaS77.faa,,
spaS78,/maps/projects/hansen_ol-AUDIT/scratch/NILU/metagenomes/spa_single_all/results_spa_single_all/assembly/spades/spaS78/final.contigs.reformatted.fa,/maps/projects/hansen_ol-AUDIT/scratch/NILU/metagenomes/assembly_annotation_wf/single_assembly_production/gene_export/spaS78.gff3,/maps/projects/hansen_ol-AUDIT/scratch/NILU/metagenomes/assembly_annotation_wf/single_assembly_production/gene_export/spaS78.faa,,
spaS79,/maps/projects/hansen_ol-AUDIT/scratch/NILU/metagenomes/spa_single_all/results_spa_single_all/assembly/spades/spaS79/final.contigs.reformatted.fa,/maps/projects/hansen_ol-AUDIT/scratch/NILU/metagenomes/assembly_annotation_wf/single_assembly_production/gene_export/spaS79.gff3,/maps/projects/hansen_ol-AUDIT/scratch/NILU/metagenomes/assembly_annotation_wf/single_assembly_production/gene_export/spaS79.faa,,
spaS8,/maps/projects/hansen_ol-AUDIT/scratch/NILU/metagenomes/spa_single_all/results_spa_single_all/assembly/spades/spaS8/final.contigs.reformatted.fa,/maps/projects/hansen_ol-AUDIT/scratch/NILU/metagenomes/assembly_annotation_wf/single_assembly_production/gene_export/spaS8.gff3,/maps/projects/hansen_ol-AUDIT/scratch/NILU/metagenomes/assembly_annotation_wf/single_assembly_production/gene_export/spaS8.faa,,
spaS80,/maps/projects/hansen_ol-AUDIT/scratch/NILU/metagenomes/spa_single_all/results_spa_single_all/assembly/spades/spaS80/final.contigs.reformatted.fa,/maps/projects/hansen_ol-AUDIT/scratch/NILU/metagenomes/assembly_annotation_wf/single_assembly_production/gene_export/spaS80.gff3,/maps/projects/hansen_ol-AUDIT/scratch/NILU/metagenomes/assembly_annotation_wf/single_assembly_production/gene_export/spaS80.faa,,
spaS81,/maps/projects/hansen_ol-AUDIT/scratch/NILU/metagenomes/spa_single_all/results_spa_single_all/assembly/spades/spaS81/final.contigs.reformatted.fa,/maps/projects/hansen_ol-AUDIT/scratch/NILU/metagenomes/assembly_annotation_wf/single_assembly_production/gene_export/spaS81.gff3,/maps/projects/hansen_ol-AUDIT/scratch/NILU/metagenomes/assembly_annotation_wf/single_assembly_production/gene_export/spaS81.faa,,
spaS83,/maps/projects/hansen_ol-AUDIT/scratch/NILU/metagenomes/spa_single_all/results_spa_single_all/assembly/spades/spaS83/final.contigs.reformatted.fa,/maps/projects/hansen_ol-AUDIT/scratch/NILU/metagenomes/assembly_annotation_wf/single_assembly_production/gene_export/spaS83.gff3,/maps/projects/hansen_ol-AUDIT/scratch/NILU/metagenomes/assembly_annotation_wf/single_assembly_production/gene_export/spaS83.faa,,
spaS84,/maps/projects/hansen_ol-AUDIT/scratch/NILU/metagenomes/spa_single_all/results_spa_single_all/assembly/spades/spaS84/final.contigs.reformatted.fa,/maps/projects/hansen_ol-AUDIT/scratch/NILU/metagenomes/assembly_annotation_wf/single_assembly_production/gene_export/spaS84.gff3,/maps/projects/hansen_ol-AUDIT/scratch/NILU/metagenomes/assembly_annotation_wf/single_assembly_production/gene_export/spaS84.faa,,
spaS85,/maps/projects/hansen_ol-AUDIT/scratch/NILU/metagenomes/spa_single_all/results_spa_single_all/assembly/spades/spaS85/final.contigs.reformatted.fa,/maps/projects/hansen_ol-AUDIT/scratch/NILU/metagenomes/assembly_annotation_wf/single_assembly_production/gene_export/spaS85.gff3,/maps/projects/hansen_ol-AUDIT/scratch/NILU/metagenomes/assembly_annotation_wf/single_assembly_production/gene_export/spaS85.faa,,
spaS86,/maps/projects/hansen_ol-AUDIT/scratch/NILU/metagenomes/spa_single_all/results_spa_single_all/assembly/spades/spaS86/final.contigs.reformatted.fa,/maps/projects/hansen_ol-AUDIT/scratch/NILU/metagenomes/assembly_annotation_wf/single_assembly_production/gene_export/spaS86.gff3,/maps/projects/hansen_ol-AUDIT/scratch/NILU/metagenomes/assembly_annotation_wf/single_assembly_production/gene_export/spaS86.faa,,
spaS87,/maps/projects/hansen_ol-AUDIT/scratch/NILU/metagenomes/spa_single_all/results_spa_single_all/assembly/spades/spaS87/final.contigs.reformatted.fa,/maps/projects/hansen_ol-AUDIT/scratch/NILU/metagenomes/assembly_annotation_wf/single_assembly_production/gene_export/spaS87.gff3,/maps/projects/hansen_ol-AUDIT/scratch/NILU/metagenomes/assembly_annotation_wf/single_assembly_production/gene_export/spaS87.faa,,
spaS88,/maps/projects/hansen_ol-AUDIT/scratch/NILU/metagenomes/spa_single_all/results_spa_single_all/assembly/spades/spaS88/final.contigs.reformatted.fa,/maps/projects/hansen_ol-AUDIT/scratch/NILU/metagenomes/assembly_annotation_wf/single_assembly_production/gene_export/spaS88.gff3,/maps/projects/hansen_ol-AUDIT/scratch/NILU/metagenomes/assembly_annotation_wf/single_assembly_production/gene_export/spaS88.faa,,
spaS89,/maps/projects/hansen_ol-AUDIT/scratch/NILU/metagenomes/spa_single_all/results_spa_single_all/assembly/spades/spaS89/final.contigs.reformatted.fa,/maps/projects/hansen_ol-AUDIT/scratch/NILU/metagenomes/assembly_annotation_wf/single_assembly_production/gene_export/spaS89.gff3,/maps/projects/hansen_ol-AUDIT/scratch/NILU/metagenomes/assembly_annotation_wf/single_assembly_production/gene_export/spaS89.faa,,
spaS9,/maps/projects/hansen_ol-AUDIT/scratch/NILU/metagenomes/spa_single_all/results_spa_single_all/assembly/spades/spaS9/final.contigs.reformatted.fa,/maps/projects/hansen_ol-AUDIT/scratch/NILU/metagenomes/assembly_annotation_wf/single_assembly_production/gene_export/spaS9.gff3,/maps/projects/hansen_ol-AUDIT/scratch/NILU/metagenomes/assembly_annotation_wf/single_assembly_production/gene_export/spaS9.faa,,
spaS92,/maps/projects/hansen_ol-AUDIT/scratch/NILU/metagenomes/spa_single_all/results_spa_single_all/assembly/spades/spaS92/final.contigs.reformatted.fa,/maps/projects/hansen_ol-AUDIT/scratch/NILU/metagenomes/assembly_annotation_wf/single_assembly_production/gene_export/spaS92.gff3,/maps/projects/hansen_ol-AUDIT/scratch/NILU/metagenomes/assembly_annotation_wf/single_assembly_production/gene_export/spaS92.faa,,
spaS94,/maps/projects/hansen_ol-AUDIT/scratch/NILU/metagenomes/spa_single_all/results_spa_single_all/assembly/spades/spaS94/final.contigs.reformatted.fa,/maps/projects/hansen_ol-AUDIT/scratch/NILU/metagenomes/assembly_annotation_wf/single_assembly_production/gene_export/spaS94.gff3,/maps/projects/hansen_ol-AUDIT/scratch/NILU/metagenomes/assembly_annotation_wf/single_assembly_production/gene_export/spaS94.faa,,
spaS95,/maps/projects/hansen_ol-AUDIT/scratch/NILU/metagenomes/spa_single_all/results_spa_single_all/assembly/spades/spaS95/final.contigs.reformatted.fa,/maps/projects/hansen_ol-AUDIT/scratch/NILU/metagenomes/assembly_annotation_wf/single_assembly_production/gene_export/spaS95.gff3,/maps/projects/hansen_ol-AUDIT/scratch/NILU/metagenomes/assembly_annotation_wf/single_assembly_production/gene_export/spaS95.faa,,
spaS96,/maps/projects/hansen_ol-AUDIT/scratch/NILU/metagenomes/spa_single_all/results_spa_single_all/assembly/spades/spaS96/final.contigs.reformatted.fa,/maps/projects/hansen_ol-AUDIT/scratch/NILU/metagenomes/assembly_annotation_wf/single_assembly_production/gene_export/spaS96.gff3,/maps/projects/hansen_ol-AUDIT/scratch/NILU/metagenomes/assembly_annotation_wf/single_assembly_production/gene_export/spaS96.faa,,
spaS97,/maps/projects/hansen_ol-AUDIT/scratch/NILU/metagenomes/spa_single_all/results_spa_single_all/assembly/spades/spaS97/final.contigs.reformatted.fa,/maps/projects/hansen_ol-AUDIT/scratch/NILU/metagenomes/assembly_annotation_wf/single_assembly_production/gene_export/spaS97.gff3,/maps/projects/hansen_ol-AUDIT/scratch/NILU/metagenomes/assembly_annotation_wf/single_assembly_production/gene_export/spaS97.faa,,
spaS98,/maps/projects/hansen_ol-AUDIT/scratch/NILU/metagenomes/spa_single_all/results_spa_single_all/assembly/spades/spaS98/final.contigs.reformatted.fa,/maps/projects/hansen_ol-AUDIT/scratch/NILU/metagenomes/assembly_annotation_wf/single_assembly_production/gene_export/spaS98.gff3,/maps/projects/hansen_ol-AUDIT/scratch/NILU/metagenomes/assembly_annotation_wf/single_assembly_production/gene_export/spaS98.faa,,
spaS99,/maps/projects/hansen_ol-AUDIT/scratch/NILU/metagenomes/spa_single_all/results_spa_single_all/assembly/spades/spaS99/final.contigs.reformatted.fa,/maps/projects/hansen_ol-AUDIT/scratch/NILU/metagenomes/assembly_annotation_wf/single_assembly_production/gene_export/spaS99.gff3,/maps/projects/hansen_ol-AUDIT/scratch/NILU/metagenomes/assembly_annotation_wf/single_assembly_production/gene_export/spaS99.faa,,
