participant	group_i	group_j	days_between	shared_clusters	n_clusters_i	n_clusters_j	jaccard
p110	spaS222	spaS223	14	3877	25088	31244	0.07391097130874083
p110	spaS222	spaS30	124	2403	25088	36546	0.04056997180530465
p110	spaS222	spaS37	138	2097	25088	30892	0.03891765491899115
p110	spaS223	spaS30	110	2616	31244	36546	0.040138705618805046
p110	spaS223	spaS37	124	2209	31244	30892	0.03686151484305906
p110	spaS30	spaS37	14	3803	36546	30892	0.05976270920091145
p125	spaS102	spaS104	7	3397	16658	14515	0.12229982718894009
p125	spaS102	spaS15	371	829	16658	22859	0.021427832919768405
p125	spaS102	spaS19	357	966	16658	21792	0.025770995624799915
p125	spaS102	spaS22	350	910	16658	13676	0.030927134312126157
p125	spaS102	spaS40	322	688	16658	14960	0.022243776268994504
p125	spaS102	spaS44	315	848	16658	20311	0.02347664793333518
p125	spaS102	spaS51	280	884	16658	12969	0.03075531433740389
p125	spaS102	spaS74	189	1497	16658	19270	0.043478260869565216
p125	spaS104	spaS15	378	737	14515	22859	0.02011627589595218
p125	spaS104	spaS19	364	897	14515	21792	0.025331827167466816
p125	spaS104	spaS22	357	839	14515	13676	0.030674173735010236
p125	spaS104	spaS40	329	693	14515	14960	0.02407754846779237
p125	spaS104	spaS44	322	854	14515	20311	0.02513834922877664
p125	spaS104	spaS51	287	853	14515	12969	0.03203034058052645
p125	spaS104	spaS74	196	1339	14515	19270	0.04126856931516982
p125	spaS15	spaS19	14	2091	22859	21792	0.04913063909774436
p125	spaS15	spaS22	21	1136	22859	13676	0.03209130201418119
p125	spaS15	spaS40	49	1470	22859	14960	0.04044127761423973
p125	spaS15	spaS44	56	2172	22859	20311	0.05297819405824675
p125	spaS15	spaS51	91	1613	22859	12969	0.047143065906766035
p125	spaS15	spaS74	182	1307	22859	19270	0.032017049630101414
p125	spaS19	spaS22	7	1450	21792	13676	0.042624492915515316
p125	spaS19	spaS40	35	1410	21792	14960	0.03989587459679701
p125	spaS19	spaS44	42	2103	21792	20311	0.052575
p125	spaS19	spaS51	77	1734	21792	12969	0.05250249795621764
p125	spaS19	spaS74	168	1701	21792	19270	0.04321536546327583
p125	spaS22	spaS40	28	1685	13676	14960	0.06252087121071574
p125	spaS22	spaS44	35	1305	13676	20311	0.03993023682761153
p125	spaS22	spaS51	70	1540	13676	12969	0.061342362079267077
p125	spaS22	spaS74	161	1222	13676	19270	0.03851973269448997
p125	spaS40	spaS44	7	1574	14960	20311	0.04671038964893017
p125	spaS40	spaS51	42	1599	14960	12969	0.060729206228636534
p125	spaS40	spaS74	133	1177	14960	19270	0.03560947569055759
p125	spaS44	spaS51	35	1985	20311	12969	0.06342866272567503
p125	spaS44	spaS74	126	2294	20311	19270	0.061522782739292514
p125	spaS51	spaS74	91	1280	12969	19270	0.04134500468361381
p142	spaS257	spaS258	15	7764	46182	47410	0.09045998974693573
p142	spaS257	spaS259	43	5604	46182	40215	0.0693624447662545
p142	spaS257	spaS267	85	3534	46182	43692	0.040931202223766505
p142	spaS257	spaS268	120	4395	46182	51955	0.046884000768065544
p142	spaS257	spaS269	127	5368	46182	46366	0.061573755448497365
p142	spaS257	spaS282	197	3852	46182	40242	0.046650196192413895
p142	spaS258	spaS259	28	4894	47410	40215	0.05915557650699254
p142	spaS258	spaS267	70	4319	47410	43692	0.04976781166818386
p142	spaS258	spaS268	105	4642	47410	51955	0.04900604921719118
p142	spaS258	spaS269	112	4899	47410	46366	0.05512112245012771
p142	spaS258	spaS282	182	4112	47410	40242	0.049221929614555904
p142	spaS259	spaS267	42	4415	40215	43692	0.055540180143913855
p142	spaS259	spaS268	77	5535	40215	51955	0.063888728573902
p142	spaS259	spaS269	84	5190	40215	46366	0.06376626408325245
p142	spaS259	spaS282	154	4479	40215	40242	0.05895127536918582
p142	spaS267	spaS268	35	6286	43692	51955	0.07034388603529504
p142	spaS267	spaS269	42	5347	43692	46366	0.06312049202582899
p142	spaS267	spaS282	112	5429	43692	40242	0.06915483090249029
p142	spaS268	spaS269	7	9179	51955	46366	0.10297054138341073
p142	spaS268	spaS282	77	8047	51955	40242	0.09562685680332739
p142	spaS269	spaS282	70	6166	46366	40242	0.07665150045995872
p151	spaS103	spaS107	14	676	4748	4497	0.07888901855525732
p151	spaS103	spaS118	49	429	4748	18215	0.01903789828703293
p151	spaS103	spaS149	140	383	4748	21544	0.014782508008800032
p151	spaS103	spaS154	147	434	4748	21403	0.016875996422599838
p151	spaS103	spaS184	231	243	4748	31626	0.006725526556142924
p151	spaS103	spaS215	567	256	4748	57325	0.004141255641651973
p151	spaS103	spaS98	7	1209	4748	9488	0.09280724648806325
p151	spaS107	spaS118	35	829	4497	18215	0.0378832883973861
p151	spaS107	spaS149	126	844	4497	21544	0.033496051117196494
p151	spaS107	spaS154	133	781	4497	21403	0.031092002070146105
p151	spaS107	spaS184	217	414	4497	31626	0.011593715869948753
p151	spaS107	spaS215	553	289	4497	57325	0.00469666682918109
p151	spaS107	spaS98	21	1075	4497	9488	0.08326878388845856
p151	spaS118	spaS149	91	2747	18215	21544	0.07421917216038042
p151	spaS118	spaS154	98	1844	18215	21403	0.048816646370519405
p151	spaS118	spaS184	182	2013	18215	31626	0.042088316467341305
p151	spaS118	spaS215	518	1159	18215	57325	0.015581936247159893
p151	spaS118	spaS98	56	777	18215	9488	0.02885686696872911
p151	spaS149	spaS154	7	2875	21544	21403	0.07174585745657816
p151	spaS149	spaS184	91	2183	21544	31626	0.04281483515405888
p151	spaS149	spaS215	427	1526	21544	57325	0.019730292334147886
p151	spaS149	spaS98	147	859	21544	9488	0.02846916117058297
p151	spaS154	spaS184	84	1597	21403	31626	0.031050707730595737
p151	spaS154	spaS215	420	1077	21403	57325	0.013869750550540239
p151	spaS154	spaS98	154	904	21403	9488	0.030146396771934505
p151	spaS184	spaS215	336	5720	31626	57325	0.0687243935552859
p151	spaS184	spaS98	238	569	31626	9488	0.014033789616475521
p151	spaS215	spaS98	574	636	57325	9488	0.009610589781948412
p292	spaS12	spaS130	476	1549	22023	42592	0.024561570418291948
p292	spaS12	spaS20	28	1475	22023	15433	0.04099385786943109
p292	spaS12	spaS225	56	1090	22023	12101	0.032996306835381725
p292	spaS12	spaS228	49	1094	22023	18330	0.027866221758068212
p292	spaS12	spaS23	35	1049	22023	18106	0.026842374616171956
p292	spaS12	spaS232	42	1083	22023	10723	0.034203960458579416
p292	spaS12	spaS39	63	1070	22023	11206	0.033272178861283
p292	spaS12	spaS49	98	963	22023	15252	0.026520158625247852
p292	spaS12	spaS55	112	1739	22023	23763	0.03948055486185211
p292	spaS12	spaS7	14	2236	22023	20750	0.055159483928263066
p292	spaS12	spaS97	371	371	22023	27622	0.007529325810772415
p292	spaS12	spaS99	378	319	22023	22649	0.007192298153450725
p292	spaS130	spaS20	448	542	42592	15433	0.00942887462380182
p292	spaS130	spaS225	532	324	42592	12101	0.005959278265187883
p292	spaS130	spaS228	525	365	42592	18330	0.006027379163432799
p292	spaS130	spaS23	441	440	42592	18106	0.007301935012778387
p292	spaS130	spaS232	518	284	42592	10723	0.005355358186720975
p292	spaS130	spaS39	413	594	42592	11206	0.01116457409217352
p292	spaS130	spaS49	378	702	42592	15252	0.012285184277764167
p292	spaS130	spaS55	364	1668	42592	23763	0.025785706556185943
p292	spaS130	spaS7	490	885	42592	20750	0.01416974878716557
p292	spaS130	spaS97	105	2565	42592	27622	0.037916303271297434
p292	spaS130	spaS99	98	2099	42592	22649	0.033242532704063854
p292	spaS20	spaS225	84	651	15433	12101	0.02421604731614775
p292	spaS20	spaS228	77	844	15433	18330	0.025638688903065098
p292	spaS20	spaS23	7	1306	15433	18106	0.04051748208357894
p292	spaS20	spaS232	70	1031	15433	10723	0.04103482587064677
p292	spaS20	spaS39	35	1352	15433	11206	0.053466207932929964
p292	spaS20	spaS49	70	883	15433	15252	0.02962888396751896
p292	spaS20	spaS55	84	1194	15433	23763	0.031419398979001104
p292	spaS20	spaS7	42	1427	15433	20750	0.041057659109218554
p292	spaS20	spaS97	343	303	15433	27622	0.007087387724550898
p292	spaS20	spaS99	350	337	15433	22649	0.008928334878791893
p292	spaS225	spaS228	7	2053	12101	18330	0.0723447741207978
p292	spaS225	spaS23	91	634	12101	18106	0.02143847428397525
p292	spaS225	spaS232	14	1301	12101	10723	0.060446963713237004
p292	spaS225	spaS39	119	587	12101	11206	0.025836267605633803
p292	spaS225	spaS49	154	583	12101	15252	0.021778109824430333
p292	spaS225	spaS55	168	605	12101	23763	0.017158739612581186
p292	spaS225	spaS7	42	1137	12101	20750	0.03585167433940846
p292	spaS225	spaS97	427	282	12101	27622	0.007149920133870845
p292	spaS225	spaS99	434	203	12101	22649	0.005876052913422294
p292	spaS228	spaS23	84	824	18330	18106	0.023138267999550714
p292	spaS228	spaS232	7	1267	18330	10723	0.045598502843158424
p292	spaS228	spaS39	112	652	18330	11206	0.0225730508239856
p292	spaS228	spaS49	147	584	18330	15252	0.01769804230559428
p292	spaS228	spaS55	161	655	18330	23763	0.015806747429895265
p292	spaS228	spaS7	35	1187	18330	20750	0.03132504684242472
p292	spaS228	spaS97	420	400	18330	27622	0.008781173164734809
p292	spaS228	spaS99	427	219	18330	22649	0.005372914622178607
p292	spaS23	spaS232	77	814	18106	10723	0.02905586293057291
p292	spaS23	spaS39	28	1063	18106	11206	0.037629650607101134
p292	spaS23	spaS49	63	1000	18106	15252	0.030904258606836023
p292	spaS23	spaS55	77	705	18106	23763	0.01712661548926246
p292	spaS23	spaS7	49	1280	18106	20750	0.03406429635937833
p292	spaS23	spaS97	336	519	18106	27622	0.011480015041252848
p292	spaS23	spaS99	343	493	18106	22649	0.012244796582385377
p292	spaS232	spaS39	105	764	10723	11206	0.03609733049846445
p292	spaS232	spaS49	140	682	10723	15252	0.02696398212944293
p292	spaS232	spaS55	154	768	10723	23763	0.0227771516697313
p292	spaS232	spaS7	28	1231	10723	20750	0.04070497982937636
p292	spaS232	spaS97	413	172	10723	27622	0.004505802530584444
p292	spaS232	spaS99	420	142	10723	22649	0.004273247065904304
p292	spaS39	spaS49	35	1313	11206	15252	0.052217140584609266
p292	spaS39	spaS55	49	1155	11206	23763	0.034157449577098244
p292	spaS39	spaS7	77	982	11206	20750	0.031704009814683284
p292	spaS39	spaS97	308	544	11206	27622	0.014209591474245116
p292	spaS39	spaS99	315	610	11206	22649	0.01834862385321101
p292	spaS49	spaS55	14	1867	15252	23763	0.050258425756433724
p292	spaS49	spaS7	112	891	15252	20750	0.025376662584375268
p292	spaS49	spaS97	273	787	15252	27622	0.01869936084776772
p292	spaS49	spaS99	280	692	15252	22649	0.018597651105915235
p292	spaS55	spaS7	126	1329	23763	20750	0.03077528714338644
p292	spaS55	spaS97	259	818	23763	27622	0.01617655783416062
p292	spaS55	spaS99	266	784	23763	22649	0.017182431840098187
p292	spaS7	spaS97	385	458	20750	27622	0.00955879283716659
p292	spaS7	spaS99	392	369	20750	22649	0.00857541250290495
p292	spaS97	spaS99	7	3648	27622	22649	0.07824464320185316
p341	spaS260	spaS261	21	1033	12323	14564	0.0399551326680591
p341	spaS260	spaS262	28	1192	12323	19992	0.03829964977669248
p341	spaS260	spaS263	42	893	12323	12681	0.037037037037037035
p341	spaS260	spaS270	91	771	12323	15116	0.028911054447277637
p341	spaS260	spaS271	98	643	12323	15467	0.02368585847423288
p341	spaS260	spaS272	119	739	12323	21476	0.02235329703569268
p341	spaS260	spaS273	147	731	12323	20283	0.022933333333333333
p341	spaS260	spaS274	154	727	12323	16526	0.02585164639783799
p341	spaS260	spaS298	224	767	12323	25828	0.02051679863043013
p341	spaS261	spaS262	7	2327	14564	19992	0.07220205405069968
p341	spaS261	spaS263	21	2043	14564	12681	0.08106499484167923
p341	spaS261	spaS270	70	956	14564	15116	0.03328227266397438
p341	spaS261	spaS271	77	842	14564	15467	0.02884648326424338
p341	spaS261	spaS272	98	1810	14564	21476	0.05287759275489337
p341	spaS261	spaS273	126	1172	14564	20283	0.03480326651818857
p341	spaS261	spaS274	133	966	14564	16526	0.03206745452131191
p341	spaS261	spaS298	203	698	14564	25828	0.01758452159016476
p341	spaS262	spaS263	14	2148	19992	12681	0.07036855036855037
p341	spaS262	spaS270	63	1374	19992	15116	0.04073042034742396
p341	spaS262	spaS271	70	1450	19992	15467	0.04263577288364845
p341	spaS262	spaS272	91	1851	19992	21476	0.04672236666077694
p341	spaS262	spaS273	119	1498	19992	20283	0.0386311473296026
p341	spaS262	spaS274	126	1513	19992	16526	0.04322239680045708
p341	spaS262	spaS298	196	803	19992	25828	0.01783770575560344
p341	spaS263	spaS270	49	1046	12681	15116	0.03910134200590632
p341	spaS263	spaS271	56	1220	12681	15467	0.04530600118835413
p341	spaS263	spaS272	77	1802	12681	21476	0.05569463761397002
p341	spaS263	spaS273	105	1232	12681	20283	0.0388251607210387
p341	spaS263	spaS274	112	997	12681	16526	0.03534207727756115
p341	spaS263	spaS298	182	603	12681	25828	0.015907771856698148
p341	spaS270	spaS271	7	1734	15116	15467	0.060106069534472596
p341	spaS270	spaS272	28	1630	15116	21476	0.04662204679366169
p341	spaS270	spaS273	56	1200	15116	20283	0.03508874528494985
p341	spaS270	spaS274	63	1357	15116	16526	0.04480766055803203
p341	spaS270	spaS298	133	691	15116	25828	0.017166422378456263
p341	spaS271	spaS272	21	1634	15467	21476	0.046277153133761934
p341	spaS271	spaS273	49	1540	15467	20283	0.04501607717041801
p341	spaS271	spaS274	56	1396	15467	16526	0.04562538810994542
p341	spaS271	spaS298	126	810	15467	25828	0.020007410151908114
p341	spaS272	spaS273	28	2534	21476	20283	0.06460165710643723
p341	spaS272	spaS274	35	2141	21476	16526	0.05970274113939935
p341	spaS272	spaS298	105	1687	21476	25828	0.03698182695047899
p341	spaS273	spaS274	7	2488	20283	16526	0.07249206025465459
p341	spaS273	spaS298	77	1635	20283	25828	0.03676139940642144
p341	spaS274	spaS298	70	2096	16526	25828	0.05206418600029808
p373	spaS171	spaS177	7	3644	15797	13894	0.13990094828579108
p373	spaS171	spaS185	28	1360	15797	10370	0.0548232353771113
p373	spaS171	spaS202	133	831	15797	22458	0.02220500213766567
p373	spaS171	spaS205	140	826	15797	16595	0.02616739529873915
p373	spaS171	spaS207	154	717	15797	21742	0.01947205474987779
p373	spaS171	spaS209	175	1209	15797	21549	0.033456014611063456
p373	spaS171	spaS212	252	493	15797	23670	0.012649458613434597
p373	spaS171	spaS214	280	776	15797	32725	0.016252670380764882
p373	spaS177	spaS185	21	1752	13894	10370	0.07782515991471216
p373	spaS177	spaS202	126	1062	13894	22458	0.03009351090960612
p373	spaS177	spaS205	133	802	13894	16595	0.02701519183480985
p373	spaS177	spaS207	147	937	13894	21742	0.027003660047839995
p373	spaS177	spaS209	168	986	13894	21549	0.02861537568563717
p373	spaS177	spaS212	245	358	13894	23670	0.009622103961726603
p373	spaS177	spaS214	273	701	13894	32725	0.015266344352977046
p373	spaS185	spaS202	105	1054	10370	22458	0.03317177566563857
p373	spaS185	spaS205	112	907	10370	16595	0.034806969068999924
p373	spaS185	spaS207	126	1045	10370	21742	0.03363697814401133
p373	spaS185	spaS209	147	803	10370	21549	0.025806658953593006
p373	spaS185	spaS212	224	476	10370	23670	0.01418186151829341
p373	spaS185	spaS214	252	543	10370	32725	0.012760857304004513
p373	spaS202	spaS205	7	2966	22458	16595	0.08219026242137058
p373	spaS202	spaS207	21	2690	22458	21742	0.06480366176824862
p373	spaS202	spaS209	42	2124	22458	21549	0.0507126996633479
p373	spaS202	spaS212	119	1759	22458	23670	0.03964479704298046
p373	spaS202	spaS214	147	2229	22458	32725	0.042093137440042304
p373	spaS205	spaS207	14	1889	16595	21742	0.05182726075504829
p373	spaS205	spaS209	35	2080	16595	21549	0.05767524401064774
p373	spaS205	spaS212	112	1279	16595	23670	0.03280664854050172
p373	spaS205	spaS214	140	1142	16595	32725	0.023703765204035037
p373	spaS207	spaS209	21	1872	21742	21549	0.045196648880948355
p373	spaS207	spaS212	98	1315	21742	23670	0.029820622718098738
p373	spaS207	spaS214	126	1024	21742	32725	0.019160601014164624
p373	spaS209	spaS212	77	2010	21549	23670	0.04651808650975491
p373	spaS209	spaS214	105	2433	21549	32725	0.046931965046970545
p373	spaS212	spaS214	28	3461	23670	32725	0.0653833075150187
p398	spaS155	spaS167	49	870	11420	15485	0.033416554637987324
p398	spaS155	spaS172	56	810	11420	13423	0.03370365747097741
p398	spaS155	spaS191	105	677	11420	15696	0.025606112182760318
p398	spaS155	spaS200	161	529	11420	13884	0.021352169525731584
p398	spaS155	spaS203	189	503	11420	15236	0.019232975184491262
p398	spaS155	spaS208	224	614	11420	19328	0.020375655405853853
p398	spaS155	spaS218	427	373	11420	15327	0.01414271631151892
p398	spaS167	spaS172	7	1655	15485	13423	0.06072725938428797
p398	spaS167	spaS191	56	1312	15485	15696	0.04392513977702635
p398	spaS167	spaS200	112	947	15485	13884	0.03331925972837942
p398	spaS167	spaS203	140	1030	15485	15236	0.03469064699740662
p398	spaS167	spaS208	175	1196	15485	19328	0.03557723770711247
p398	spaS167	spaS218	378	520	15485	15327	0.017166248514459262
p398	spaS172	spaS191	49	1687	13423	15696	0.06149752114319043
p398	spaS172	spaS200	105	1014	13423	13884	0.03856539763435135
p398	spaS172	spaS203	133	932	13423	15236	0.03361344537815126
p398	spaS172	spaS208	168	1220	13423	19328	0.03869208080936221
p398	spaS172	spaS218	371	492	13423	15327	0.01741099865524807
p398	spaS191	spaS200	56	1636	15696	13884	0.05854566275407959
p398	spaS191	spaS203	84	1418	15696	15236	0.0480449955953107
p398	spaS191	spaS208	119	1772	15696	19328	0.05329002766750872
p398	spaS191	spaS218	322	502	15696	15327	0.016447691753219095
p398	spaS200	spaS203	28	1833	13884	15236	0.06717484516436398
p398	spaS200	spaS208	63	2017	13884	19328	0.06465779772399423
p398	spaS200	spaS218	266	832	13884	15327	0.029317453046266605
p398	spaS203	spaS208	35	2819	15236	19328	0.08880138604504646
p398	spaS203	spaS218	238	692	15236	15327	0.023166281677881557
p398	spaS208	spaS218	203	853	19328	15327	0.025235193183835276
p408	spaS109	spaS114	14	1363	12777	16858	0.04821024335031126
p408	spaS109	spaS119	21	1116	12777	17678	0.03803810627492416
p408	spaS109	spaS126	49	1297	12777	18743	0.04291433676339212
p408	spaS109	spaS135	70	1365	12777	22933	0.03974377638666472
p408	spaS109	spaS141	98	1360	12777	18237	0.04586227827611789
p408	spaS109	spaS150	112	1293	12777	16734	0.045821815862215606
p408	spaS114	spaS119	7	2370	16858	17678	0.07368028352919231
p408	spaS114	spaS126	35	2313	16858	18743	0.0694844989185292
p408	spaS114	spaS135	56	2370	16858	22933	0.06333342240987681
p408	spaS114	spaS141	84	1509	16858	18237	0.04492943488358245
p408	spaS114	spaS150	98	1881	16858	16734	0.059316956261234274
p408	spaS119	spaS126	28	2256	17678	18743	0.06603248938972633
p408	spaS119	spaS135	49	2390	17678	22933	0.06253106930744878
p408	spaS119	spaS141	77	1704	17678	18237	0.049808541112507675
p408	spaS119	spaS150	91	1731	17678	16734	0.05296655549095805
p408	spaS126	spaS135	21	3056	18743	22933	0.07912998446400829
p408	spaS126	spaS141	49	1691	18743	18237	0.04791861486582221
p408	spaS126	spaS150	63	2006	18743	16734	0.05993247886229871
p408	spaS135	spaS141	28	1594	22933	18237	0.040276935516474634
p408	spaS135	spaS150	42	2255	22933	16734	0.060274778146049396
p408	spaS141	spaS150	14	2201	18237	16734	0.067165090021361007
p431	spaS10	spaS100	385	483	17867	15382	0.014740889946896173
p431	spaS10	spaS110	420	469	17867	14007	0.01493392771851616
p431	spaS10	spaS115	434	795	17867	29019	0.017248486689375366
p431	spaS10	spaS123	448	798	17867	26733	0.018218346194237706
p431	spaS10	spaS127	476	1176	17867	35075	0.022717613877834872
p431	spaS10	spaS142	518	860	17867	28168	0.019037078029883785
p431	spaS10	spaS156	539	853	17867	24576	0.020509737917768694
p431	spaS10	spaS158	546	878	17867	25925	0.02045952369855991
p431	spaS10	spaS16	21	1607	17867	22560	0.041396187532199896
p431	spaS10	spaS186	623	1047	17867	36137	0.01977075740695281
p431	spaS10	spaS2	196	669	17867	13053	0.022114971405903936
p431	spaS10	spaS204	728	887	17867	27341	0.02001308634732971
p431	spaS10	spaS210	770	748	17867	32280	0.01514200692321707
p431	spaS10	spaS211	840	790	17867	37682	0.01442685220694315
p431	spaS10	spaS226	49	1181	17867	18203	0.03385021066811889
p431	spaS10	spaS229	42	1414	17867	17705	0.04139586626851689
p431	spaS10	spaS233	35	1315	17867	21875	0.03422073021573373
p431	spaS10	spaS236	28	1595	17867	19239	0.044915659936357745
p431	spaS10	spaS238	21	1493	17867	18214	0.04316525962761651
p431	spaS10	spaS242	259	615	17867	12744	0.020502733697826375
p431	spaS10	spaS243	245	771	17867	28996	0.0167274147357459
p431	spaS10	spaS244	266	882	17867	19472	0.024192884768357244
p431	spaS10	spaS26	49	1039	17867	21322	0.0272346002621232
p431	spaS10	spaS3	315	707	17867	28434	0.015506426284160197
p431	spaS10	spaS65	154	1018	17867	26883	0.023278148724046464
p431	spaS10	spaS66	161	802	17867	26392	0.018455024506983914
p431	spaS10	spaS70	175	778	17867	21538	0.020141351904108526
p431	spaS10	spaS77	210	696	17867	23496	0.017114613814640862
p431	spaS10	spaS78	231	1040	17867	30640	0.02190995849748246
p431	spaS10	spaS81	329	1244	17867	25419	0.029589458160886734
p431	spaS10	spaS83	336	472	17867	21909	0.012008955831467535
p431	spaS10	spaS96	378	632	17867	18113	0.0178793708272038
p431	spaS100	spaS110	35	1016	15382	14007	0.035808691361505655
p431	spaS100	spaS115	49	836	15382	29019	0.019189716515551476
p431	spaS100	spaS123	63	1364	15382	26733	0.03347157124978528
p431	spaS100	spaS127	91	1227	15382	35075	0.024923826934795855
p431	spaS100	spaS142	133	1148	15382	28168	0.027074194613461628
p431	spaS100	spaS156	154	958	15382	24576	0.024564102564102564
p431	spaS100	spaS158	161	864	15382	25925	0.021363400341220976
p431	spaS100	spaS16	364	663	15382	22560	0.017784811824351512
p431	spaS100	spaS186	238	936	15382	36137	0.018504240555127217
p431	spaS100	spaS2	189	1031	15382	13053	0.037622244927747774
p431	spaS100	spaS204	343	726	15382	27341	0.017286949067790557
p431	spaS100	spaS210	385	746	15382	32280	0.015900758802967006
p431	spaS100	spaS211	455	675	15382	37682	0.012884384126438756
p431	spaS100	spaS226	434	503	15382	18203	0.01520464300828245
p431	spaS100	spaS229	427	401	15382	17705	0.012268249403414306
p431	spaS100	spaS233	420	514	15382	21875	0.013989059140516562
p431	spaS100	spaS236	413	416	15382	19239	0.012161964625054816
p431	spaS100	spaS238	406	482	15382	18214	0.014555777012743855
p431	spaS100	spaS242	126	527	15382	12744	0.019094894742563137
p431	spaS100	spaS243	140	966	15382	28996	0.022251911913756566
p431	spaS100	spaS244	119	652	15382	19472	0.01906321267762119
p431	spaS100	spaS26	336	919	15382	21322	0.025681151320385637
p431	spaS100	spaS3	70	1425	15382	28434	0.033615625958340216
p431	spaS100	spaS65	231	917	15382	26883	0.022177614394892135
p431	spaS100	spaS66	224	939	15382	26392	0.02299497979674299
p431	spaS100	spaS70	210	909	15382	21538	0.0252422870789481
p431	spaS100	spaS77	175	1107	15382	23496	0.029308199412247493
p431	spaS100	spaS78	154	1032	15382	30640	0.022938430762391642
p431	spaS100	spaS81	56	1059	15382	25419	0.026646872326505963
p431	spaS100	spaS83	49	1442	15382	21909	0.04022427403832743
p431	spaS100	spaS96	7	1734	15382	18113	0.05459525833569472
p431	spaS110	spaS115	14	1081	14007	29019	0.025771844081535343
p431	spaS110	spaS123	28	1312	14007	26733	0.03327584457745764
p431	spaS110	spaS127	56	1231	14007	35075	0.02572569016321498
p431	spaS110	spaS142	98	1183	14007	28168	0.02885928961748634
p431	spaS110	spaS156	119	896	14007	24576	0.02377477644811208
p431	spaS110	spaS158	126	1028	14007	25925	0.026424018095825622
p431	spaS110	spaS16	399	467	14007	22560	0.01293628808864266
p431	spaS110	spaS186	203	913	14007	36137	0.018545225569255145
p431	spaS110	spaS2	224	613	14007	13053	0.023178432336370854
p431	spaS110	spaS204	308	791	14007	27341	0.019503414946864906
p431	spaS110	spaS210	350	903	14007	32280	0.019896879957694343
p431	spaS110	spaS211	420	862	14007	37682	0.016959490034824012
p431	spaS110	spaS226	469	429	14007	18203	0.013498631257669676
p431	spaS110	spaS229	462	321	14007	17705	0.010225860915549043
p431	spaS110	spaS233	455	439	14007	21875	0.012386084699376463
p431	spaS110	spaS236	448	402	14007	19239	0.012239678480087687
p431	spaS110	spaS238	441	498	14007	18214	0.01569838918135107
p431	spaS110	spaS242	161	498	14007	12744	0.018969260655925038
p431	spaS110	spaS243	175	683	14007	28996	0.016138941398865785
p431	spaS110	spaS244	154	598	14007	19472	0.018186794805510782
p431	spaS110	spaS26	371	634	14007	21322	0.01827352644473267
p431	spaS110	spaS3	105	762	14007	28434	0.018282588353847263
p431	spaS110	spaS65	266	731	14007	26883	0.018202644488159565
p431	spaS110	spaS66	259	702	14007	26392	0.017683955966445827
p431	spaS110	spaS70	245	775	14007	21538	0.022289329882082255
p431	spaS110	spaS77	210	653	14007	23496	0.017720488466757122
p431	spaS110	spaS78	189	873	14007	30640	0.019943345364828436
p431	spaS110	spaS81	91	802	14007	25419	0.020764291632145816
p431	spaS110	spaS83	84	1011	14007	21909	0.028964331757627845
p431	spaS110	spaS96	42	1078	14007	18113	0.03472714386959603
p431	spaS115	spaS123	14	1553	29019	26733	0.028653665196774848
p431	spaS115	spaS127	42	2472	29019	35075	0.04011554315017364
p431	spaS115	spaS142	84	1296	29019	28168	0.023187990910880106
p431	spaS115	spaS156	105	1460	29019	24576	0.02800421981394457
p431	spaS115	spaS158	112	2405	29019	25925	0.04577551913816403
p431	spaS115	spaS16	413	836	29019	22560	0.01647517884240191
p431	spaS115	spaS186	189	2967	29019	36137	0.047709401984273744
p431	spaS115	spaS2	238	519	29019	13053	0.012490072918922821
p431	spaS115	spaS204	294	1672	29019	27341	0.030573434757167936
p431	spaS115	spaS210	336	1825	29019	32280	0.030685677775162255
p431	spaS115	spaS211	406	2092	29019	37682	0.032379389868284605
p431	spaS115	spaS226	483	741	29019	18203	0.01594199780555496
p431	spaS115	spaS229	476	780	29019	17705	0.016977189622148704
p431	spaS115	spaS233	469	815	29019	21875	0.016274286627129136
p431	spaS115	spaS236	462	738	29019	19239	0.01553030303030303
p431	spaS115	spaS238	455	795	29019	18214	0.017119600327318144
p431	spaS115	spaS242	175	633	29019	12744	0.01539022611232677
p431	spaS115	spaS243	189	958	29019	28996	0.016790227316543106
p431	spaS115	spaS244	168	928	29019	19472	0.01951096440510481
p431	spaS115	spaS26	385	889	29019	21322	0.01797702822939416
p431	spaS115	spaS3	119	841	29019	28434	0.014855507666219176
p431	spaS115	spaS65	280	1176	29019	26883	0.021488871834228703
p431	spaS115	spaS66	273	887	29019	26392	0.016268065439072703
p431	spaS115	spaS70	259	709	29019	21538	0.014223238645482266
p431	spaS115	spaS77	224	830	29019	23496	0.016058817838831382
p431	spaS115	spaS78	203	1562	29019	30640	0.02688606984870131
p431	spaS115	spaS81	105	1750	29019	25419	0.03321439416945035
p431	spaS115	spaS83	98	915	29019	21909	0.018295243236758442
p431	spaS115	spaS96	56	828	29019	18113	0.017881824464409123
p431	spaS123	spaS127	28	2432	26733	35075	0.040959310158986795
p431	spaS123	spaS142	70	2361	26733	28168	0.0449371907118386
p431	spaS123	spaS156	91	1755	26733	24576	0.035415909916454776
p431	spaS123	spaS158	98	1379	26733	25925	0.026892100079954757
p431	spaS123	spaS16	427	940	26733	22560	0.019440365644324033
p431	spaS123	spaS186	175	1538	26733	36137	0.02507663210069784
p431	spaS123	spaS2	252	986	26733	13053	0.025412371134020617
p431	spaS123	spaS204	280	1367	26733	27341	0.02593583394994972
p431	spaS123	spaS210	322	1620	26733	32280	0.028226438764309237
p431	spaS123	spaS211	392	1427	26733	37682	0.02265510890963358
p431	spaS123	spaS226	497	877	26733	18203	0.01990512721577884
p431	spaS123	spaS229	490	708	26733	17705	0.016190258403841758
p431	spaS123	spaS233	483	895	26733	21875	0.018757990484773543
p431	spaS123	spaS236	476	948	26733	19239	0.02105543710021322
p431	spaS123	spaS238	469	768	26733	18214	0.017383824894180493
p431	spaS123	spaS242	189	549	26733	12744	0.014102959309494451
p431	spaS123	spaS243	203	1963	26733	28996	0.03651006212104304
p431	spaS123	spaS244	182	909	26733	19472	0.020067997174143412
p431	spaS123	spaS26	399	1125	26733	21322	0.023971873002343918
p431	spaS123	spaS3	133	1641	26733	28434	0.030657997982288982
p431	spaS123	spaS65	294	1362	26733	26883	0.026064990239981628
p431	spaS123	spaS66	287	1310	26733	26392	0.02528225417350188
p431	spaS123	spaS70	273	1077	26733	21538	0.022820697546298258
p431	spaS123	spaS77	238	1326	26733	23496	0.02711490092632354
p431	spaS123	spaS78	217	1840	26733	30640	0.033133452181585726
p431	spaS123	spaS81	119	2027	26733	25419	0.040438902743142144
p431	spaS123	spaS83	112	1477	26733	21909	0.03131559419060744
p431	spaS123	spaS96	70	1406	26733	18113	0.032366482504604055
p431	spaS127	spaS142	42	2028	35075	28168	0.03312913501592747
p431	spaS127	spaS156	63	2037	35075	24576	0.03535598986357483
p431	spaS127	spaS158	70	2033	35075	25925	0.03447691081452338
p431	spaS127	spaS16	455	1881	35075	22560	0.03373748968683861
p431	spaS127	spaS186	147	2293	35075	36137	0.03327094124987304
p431	spaS127	spaS2	280	850	35075	13053	0.01797876390710267
p431	spaS127	spaS204	252	1717	35075	27341	0.028287121698874776
p431	spaS127	spaS210	294	2100	35075	32280	0.0321814420350931
p431	spaS127	spaS211	364	2302	35075	37682	0.03267333759137038
p431	spaS127	spaS226	525	793	35075	18203	0.015109078784414594
p431	spaS127	spaS229	518	808	35075	17705	0.015546832910028476
p431	spaS127	spaS233	511	1167	35075	21875	0.020920352078590252
p431	spaS127	spaS236	504	1133	35075	19239	0.021304601267369924
p431	spaS127	spaS238	497	883	35075	18214	0.01684921573865588
p431	spaS127	spaS242	217	674	35075	12744	0.014296319864248595
p431	spaS127	spaS243	231	1501	35075	28996	0.023989132171967395
p431	spaS127	spaS244	210	1107	35075	19472	0.020714820359281436
p431	spaS127	spaS26	427	1315	35075	21322	0.023873497694346612
p431	spaS127	spaS3	161	1328	35075	28434	0.02135700615943777
p431	spaS127	spaS65	322	1428	35075	26883	0.023591607467371552
p431	spaS127	spaS66	315	1241	35075	26392	0.02060571846046558
p431	spaS127	spaS70	301	995	35075	21538	0.017889891761659893
p431	spaS127	spaS77	266	1081	35075	23496	0.018803270133936338
p431	spaS127	spaS78	245	1973	35075	30640	0.030952903893821968
p431	spaS127	spaS81	147	2416	35075	25419	0.041599228623575193
p431	spaS127	spaS83	140	1480	35075	21909	0.026664744883251656
p431	spaS127	spaS96	98	1524	35075	18113	0.02949829668628058
p431	spaS142	spaS156	21	1774	28168	24576	0.03480478712968413
p431	spaS142	spaS158	28	1320	28168	25925	0.025012790631572964
p431	spaS142	spaS16	497	953	28168	22560	0.01914615770969362
p431	spaS142	spaS186	105	1713	28168	36137	0.027367714723926382
p431	spaS142	spaS2	322	826	28168	13053	0.020448075256838717
p431	spaS142	spaS204	210	1592	28168	27341	0.029526865367138378
p431	spaS142	spaS210	252	1863	28168	32280	0.03179994879235299
p431	spaS142	spaS211	322	1562	28168	37682	0.02429691388750622
p431	spaS142	spaS226	567	821	28168	18203	0.018024149286498353
p431	spaS142	spaS229	560	602	28168	17705	0.013297696096839036
p431	spaS142	spaS233	553	989	28168	21875	0.020161454723366088
p431	spaS142	spaS236	546	836	28168	19239	0.01795108543943656
p431	spaS142	spaS238	539	834	28168	18214	0.018310353912356195
p431	spaS142	spaS242	259	556	28168	12744	0.013777381306373277
p431	spaS142	spaS243	273	1295	28168	28996	0.023179222824822352
p431	spaS142	spaS244	252	981	28168	19472	0.021024882659294027
p431	spaS142	spaS26	469	1067	28168	21322	0.022034983375668588
p431	spaS142	spaS3	203	1589	28168	28434	0.02888408194426772
p431	spaS142	spaS65	364	1204	28168	26883	0.022359648634092892
p431	spaS142	spaS66	357	1193	28168	26392	0.02235463863436206
p431	spaS142	spaS70	343	1038	28168	21538	0.021328182789512616
p431	spaS142	spaS77	308	1177	28168	23496	0.023312932041911778
p431	spaS142	spaS78	287	1252	28168	30640	0.021752727778163877
p431	spaS142	spaS81	189	1222	28168	25419	0.023336197842070083
p431	spaS142	spaS83	182	1364	28168	21909	0.02800073902243754
p431	spaS142	spaS96	140	1219	28168	18113	0.027051617771070968
p431	spaS156	spaS158	7	1721	24576	25925	0.035280852808528086
p431	spaS156	spaS16	518	1283	24576	22560	0.027980720999716484
p431	spaS156	spaS186	84	1609	24576	36137	0.027223199783432593
p431	spaS156	spaS2	343	570	24576	13053	0.015380879138670768
p431	spaS156	spaS204	189	1470	24576	27341	0.029139492933177392
p431	spaS156	spaS210	231	1762	24576	32280	0.03198170399680546
p431	spaS156	spaS211	301	2059	24576	37682	0.034203225967208754
p431	spaS156	spaS226	588	589	24576	18203	0.013960654183455795
p431	spaS156	spaS229	581	801	24576	17705	0.019310511089681775
p431	spaS156	spaS233	574	844	24576	21875	0.018505931107066897
p431	spaS156	spaS236	567	751	24576	19239	0.01743916031952443
p431	spaS156	spaS238	560	707	24576	18214	0.016800133070360955
p431	spaS156	spaS242	280	496	24576	12744	0.01346947642841625
p431	spaS156	spaS243	294	996	24576	28996	0.018944004869141814
p431	spaS156	spaS244	273	1091	24576	19472	0.025397490513769584
p431	spaS156	spaS26	490	1206	24576	21322	0.026984695247471584
p431	spaS156	spaS3	224	1259	24576	28434	0.024328032308554425
p431	spaS156	spaS65	385	1039	24576	26883	0.020606902023006742
p431	spaS156	spaS66	378	829	24576	26392	0.016534035381639042
p431	spaS156	spaS70	364	673	24576	21538	0.01481041350322396
p431	spaS156	spaS77	329	895	24576	23496	0.01897110880301842
p431	spaS156	spaS78	308	1401	24576	30640	0.026033633745238316
p431	spaS156	spaS81	210	2050	24576	25419	0.042757326102826156
p431	spaS156	spaS83	203	1016	24576	21909	0.022344894323605095
p431	spaS156	spaS96	161	1022	24576	18113	0.02452780377756978
p431	spaS158	spaS16	525	731	25925	22560	0.015307618209992881
p431	spaS158	spaS186	77	2933	25925	36137	0.049603409494495085
p431	spaS158	spaS2	350	488	25925	13053	0.01267861782281112
p431	spaS158	spaS204	182	1773	25925	27341	0.03443186452527528
p431	spaS158	spaS210	224	1852	25925	32280	0.03286426632122513
p431	spaS158	spaS211	294	2270	25925	37682	0.03700865709115216
p431	spaS158	spaS226	595	654	25925	18203	0.015043474260477526
p431	spaS158	spaS229	588	693	25925	17705	0.01613992593800219
p431	spaS158	spaS233	581	819	25925	21875	0.017432579127732488
p431	spaS158	spaS236	574	676	25925	19239	0.015195108793382485
p431	spaS158	spaS238	567	805	25925	18214	0.018576637282503347
p431	spaS158	spaS242	287	707	25925	12744	0.018623887044939676
p431	spaS158	spaS243	301	751	25925	28996	0.013863762230016615
p431	spaS158	spaS244	280	999	25925	19472	0.022501013559169333
p431	spaS158	spaS26	497	833	25925	21322	0.017947171112164432
p431	spaS158	spaS3	231	907	25925	28434	0.016968495098406047
p431	spaS158	spaS65	392	1007	25925	26883	0.01943977915484257
p431	spaS158	spaS66	385	890	25925	26392	0.01730608435257744
p431	spaS158	spaS70	371	802	25925	21538	0.017187801375881356
p431	spaS158	spaS77	336	781	25925	23496	0.016056743421052632
p431	spaS158	spaS78	315	1329	25925	30640	0.02406039539430806
p431	spaS158	spaS81	217	1438	25925	25419	0.02881417064080471
p431	spaS158	spaS83	210	963	25925	21909	0.02054575323760961
p431	spaS158	spaS96	168	1002	25925	18113	0.023282832977042475
p431	spaS16	spaS186	602	875	22560	36137	0.015132648472899588
p431	spaS16	spaS2	175	620	22560	13053	0.017717829280141744
p431	spaS16	spaS204	707	748	22560	27341	0.01521778935161638
p431	spaS16	spaS210	749	995	22560	32280	0.018478967406444422
p431	spaS16	spaS211	819	974	22560	37682	0.016433826010663427
p431	spaS16	spaS226	70	927	22560	18203	0.023270408675569836
p431	spaS16	spaS229	63	1145	22560	17705	0.02926891615541922
p431	spaS16	spaS233	56	1514	22560	21875	0.03527410824538105
p431	spaS16	spaS236	49	1435	22560	19239	0.03555148151818452
p431	spaS16	spaS238	42	1400	22560	18214	0.03555645857672576
p431	spaS16	spaS242	238	488	22560	12744	0.01401654411764706
p431	spaS16	spaS243	224	914	22560	28996	0.01804826033726946
p431	spaS16	spaS244	245	1192	22560	19472	0.02918707149853085
p431	spaS16	spaS26	28	2139	22560	21322	0.05124212442804782
p431	spaS16	spaS3	294	948	22560	28434	0.018942572832993648
p431	spaS16	spaS65	133	1328	22560	26883	0.027600540372025355
p431	spaS16	spaS66	140	1389	22560	26392	0.02920337236927864
p431	spaS16	spaS70	154	838	22560	21538	0.019371243643088305
p431	spaS16	spaS77	189	838	22560	23496	0.018532442832500332
p431	spaS16	spaS78	210	1242	22560	30640	0.02390392239886062
p431	spaS16	spaS81	308	1515	22560	25419	0.03260588842975207
p431	spaS16	spaS83	315	658	22560	21909	0.015019059140398531
p431	spaS16	spaS96	357	652	22560	18113	0.016291446990330076
p431	spaS186	spaS2	427	591	36137	13053	0.012160744048231444
p431	spaS186	spaS204	105	2529	36137	27341	0.04149370785410753
p431	spaS186	spaS210	147	2710	36137	32280	0.04124370310621395
p431	spaS186	spaS211	217	2802	36137	37682	0.039455341678752975
p431	spaS186	spaS226	672	992	36137	18203	0.018594886406238284
p431	spaS186	spaS229	665	862	36137	17705	0.01627029067572669
p431	spaS186	spaS233	658	778	36137	21875	0.013593318656742496
p431	spaS186	spaS236	651	817	36137	19239	0.014974614637365054
p431	spaS186	spaS238	644	845	36137	18214	0.01579262138825552
p431	spaS186	spaS242	364	724	36137	12744	0.015034159104595386
p431	spaS186	spaS243	378	986	36137	28996	0.01537094486102234
p431	spaS186	spaS244	357	1246	36137	19472	0.022920000735794567
p431	spaS186	spaS26	574	800	36137	21322	0.014119557351877018
p431	spaS186	spaS3	308	1029	36137	28434	0.01619401340845425
p431	spaS186	spaS65	469	1156	36137	26883	0.018686150265097633
p431	spaS186	spaS66	462	971	36137	26392	0.015773741836966764
p431	spaS186	spaS70	448	831	36137	21538	0.014618957145872915
p431	spaS186	spaS77	413	1070	36137	23496	0.018270921913153357
p431	spaS186	spaS78	392	1256	36137	30640	0.019169426596053175
p431	spaS186	spaS81	294	1528	36137	25419	0.025454787765709336
p431	spaS186	spaS83	287	1047	36137	21909	0.018368743311286163
p431	spaS186	spaS96	245	958	36137	18113	0.01797643173459431
p431	spaS2	spaS204	532	529	13053	27341	0.01326978552615076
p431	spaS2	spaS210	574	460	13053	32280	0.010251153254741158
p431	spaS2	spaS211	644	470	13053	37682	0.009350442653934149
p431	spaS2	spaS226	245	510	13053	18203	0.01658752358030313
p431	spaS2	spaS229	238	425	13053	17705	0.014011142979593182
p431	spaS2	spaS233	231	640	13053	21875	0.018665422305179653
p431	spaS2	spaS236	224	538	13053	19239	0.016942747370410027
p431	spaS2	spaS238	217	640	13053	18214	0.020896594508113757
p431	spaS2	spaS242	63	947	13053	12744	0.03810865191146881
p431	spaS2	spaS243	49	1456	13053	28996	0.035868253147094326
p431	spaS2	spaS244	70	995	13053	19472	0.03155724706628608
p431	spaS2	spaS26	147	1135	13053	21322	0.03414560770156438
p431	spaS2	spaS3	119	1436	13053	28434	0.03585428578562333
p431	spaS2	spaS65	42	1688	13053	26883	0.04413302656348044
p431	spaS2	spaS66	35	1596	13053	26392	0.04216756056963196
p431	spaS2	spaS70	21	1466	13053	21538	0.0442566037735849
p431	spaS2	spaS77	14	1619	13053	23496	0.046349842542227314
p431	spaS2	spaS78	35	1629	13053	30640	0.03872670216812476
p431	spaS2	spaS81	133	681	13053	25419	0.018020163530999445
p431	spaS2	spaS83	140	1098	13053	21909	0.03242381289865344
p431	spaS2	spaS96	182	956	13053	18113	0.031645150612380005
p431	spaS204	spaS210	42	2473	27341	32280	0.0432736053755162
p431	spaS204	spaS211	112	2744	27341	37682	0.044059795436664044
p431	spaS204	spaS226	777	544	27341	18203	0.012088888888888889
p431	spaS204	spaS229	770	792	27341	17705	0.017896687305102365
p431	spaS204	spaS233	763	630	27341	21875	0.01296669822582637
p431	spaS204	spaS236	756	711	27341	19239	0.015500664937103491
p431	spaS204	spaS238	749	707	27341	18214	0.015764359614698537
p431	spaS204	spaS242	469	683	27341	12744	0.017334145474848992
p431	spaS204	spaS243	483	858	27341	28996	0.01546531119883199
p431	spaS204	spaS244	462	1052	27341	19472	0.022989008107340312
p431	spaS204	spaS26	679	808	27341	21322	0.016884338104691254
p431	spaS204	spaS3	413	822	27341	28434	0.014958237038924172
p431	spaS204	spaS65	574	1097	27341	26883	0.020648634404351836
p431	spaS204	spaS66	567	873	27341	26392	0.016515323496027242
p431	spaS204	spaS70	553	696	27341	21538	0.01444492870929581
p431	spaS204	spaS77	518	821	27341	23496	0.016414747280870123
p431	spaS204	spaS78	497	1435	27341	30640	0.02537756870512503
p431	spaS204	spaS81	399	1188	27341	25419	0.023035755836500426
p431	spaS204	spaS83	392	1048	27341	21909	0.02174183643832206
p431	spaS204	spaS96	350	866	27341	18113	0.019422266080559792
p431	spaS210	spaS211	70	3657	32280	37682	0.05515421159791871
p431	spaS210	spaS226	819	510	32280	18203	0.010205510975927
p431	spaS210	spaS229	812	602	32280	17705	0.012190429905028046
p431	spaS210	spaS233	805	854	32280	21875	0.016022213466914317
p431	spaS210	spaS236	798	610	32280	19239	0.011982164253864738
p431	spaS210	spaS238	791	781	32280	18214	0.01571017641260837
p431	spaS210	spaS242	511	574	32280	12744	0.012913385826771654
p431	spaS210	spaS243	525	1146	32280	28996	0.01905870613670381
p431	spaS210	spaS244	504	1210	32280	19472	0.02394048514107079
p431	spaS210	spaS26	721	941	32280	21322	0.017869011222726498
p431	spaS210	spaS3	455	1080	32280	28434	0.018110473890733475
p431	spaS210	spaS65	616	1101	32280	26883	0.01896248837449623
p431	spaS210	spaS66	609	1093	32280	26392	0.01898261518956564
p431	spaS210	spaS70	595	865	32280	21538	0.016335240685135876
p431	spaS210	spaS77	560	953	32280	23496	0.017383215073965307
p431	spaS210	spaS78	539	1364	32280	30640	0.02215868477483917
p431	spaS210	spaS81	441	1260	32280	25419	0.022324988040184977
p431	spaS210	spaS83	434	937	32280	21909	0.01759558326447833
p431	spaS210	spaS96	392	729	32280	18113	0.014678640463917526
p431	spaS211	spaS226	889	619	37682	18203	0.011200376361596641
p431	spaS211	spaS229	882	664	37682	17705	0.012133837691647022
p431	spaS211	spaS233	875	763	37682	21875	0.012977514712385618
p431	spaS211	spaS236	868	726	37682	19239	0.012919298870006228
p431	spaS211	spaS238	861	806	37682	18214	0.014630604465420222
p431	spaS211	spaS242	581	614	37682	12744	0.012326347064964266
p431	spaS211	spaS243	595	957	37682	28996	0.014561555667138357
p431	spaS211	spaS244	574	1128	37682	19472	0.020133509442044766
p431	spaS211	spaS26	791	995	37682	21322	0.017152510817286973
p431	spaS211	spaS3	525	888	37682	28434	0.013613785490893482
p431	spaS211	spaS65	686	1113	37682	26883	0.01754081825631974
p431	spaS211	spaS66	679	916	37682	26392	0.014503309161151398
p431	spaS211	spaS70	665	752	37682	21538	0.012861736334405145
p431	spaS211	spaS77	630	728	37682	23496	0.012043010752688172
p431	spaS211	spaS78	609	1599	37682	30640	0.023964749786430466
p431	spaS211	spaS81	511	1529	37682	25419	0.02483271616968752
p431	spaS211	spaS83	504	848	37682	21909	0.014435762558943193
p431	spaS211	spaS96	462	619	37682	18113	0.01121864578802378
p431	spaS226	spaS229	7	1755	18203	17705	0.051386408221825317
p431	spaS226	spaS233	14	1626	18203	21875	0.042286487048788096
p431	spaS226	spaS236	21	1655	18203	19239	0.04624584346270992
p431	spaS226	spaS238	28	1566	18203	18214	0.044934148231040714
p431	spaS226	spaS242	308	317	18203	12744	0.010349330721514855
p431	spaS226	spaS243	294	565	18203	28996	0.012115623793798515
p431	spaS226	spaS244	315	672	18203	19472	0.01816068967381023
p431	spaS226	spaS26	98	816	18203	21322	0.021080368906455864
p431	spaS226	spaS3	364	580	18203	28434	0.012593091169637622
p431	spaS226	spaS65	203	715	18203	26883	0.016114128597507382
p431	spaS226	spaS66	210	612	18203	26392	0.013914466953140987
p431	spaS226	spaS70	224	394	18203	21538	0.010013469896053066
p431	spaS226	spaS77	259	581	18203	23496	0.014130064691862445
p431	spaS226	spaS78	280	935	18203	30640	0.019516573432412122
p431	spaS226	spaS81	378	955	18203	25419	0.022382637635643472
p431	spaS226	spaS83	385	460	18203	21909	0.01160092807424594
p431	spaS226	spaS96	427	662	18203	18113	0.01856734167274359
p431	spaS229	spaS233	7	1576	17705	21875	0.04146931901905063
p431	spaS229	spaS236	14	1548	17705	19239	0.043733755226579275
p431	spaS229	spaS238	21	1215	17705	18214	0.0350103734439834
p431	spaS229	spaS242	301	405	17705	12744	0.013480228997470377
p431	spaS229	spaS243	287	470	17705	28996	0.010166338603967035
p431	spaS229	spaS244	308	771	17705	19472	0.021177827830577377
p431	spaS229	spaS26	91	950	17705	21322	0.024949444546576674
p431	spaS229	spaS3	357	500	17705	28434	0.010955542408904664
p431	spaS229	spaS65	196	786	17705	26883	0.017944386101091274
p431	spaS229	spaS66	203	513	17705	26392	0.011770374449339207
p431	spaS229	spaS70	217	462	17705	21538	0.011913050204997293
p431	spaS229	spaS77	252	474	17705	23496	0.011638470793331206
p431	spaS229	spaS78	273	953	17705	30640	0.02010887913571911
p431	spaS229	spaS81	371	1081	17705	25419	0.025711771281782935
p431	spaS229	spaS83	378	292	17705	21909	0.007425868470576268
p431	spaS229	spaS96	420	415	17705	18113	0.011722170437533543
p431	spaS233	spaS236	7	1854	21875	19239	0.04722363728986245
p431	spaS233	spaS238	14	2026	21875	18214	0.05322754380894832
p431	spaS233	spaS242	294	407	21875	12744	0.011896410616158074
p431	spaS233	spaS243	280	1003	21875	28996	0.020113098580251863
p431	spaS233	spaS244	301	883	21875	19472	0.021821866350336103
p431	spaS233	spaS26	84	1366	21875	21322	0.032655207860199376
p431	spaS233	spaS3	350	880	21875	28434	0.017803313844099618
p431	spaS233	spaS65	189	1174	21875	26883	0.024672158708809684
p431	spaS233	spaS66	196	1125	21875	26392	0.023864070255822833
p431	spaS233	spaS70	210	746	21875	21538	0.017484238404387467
p431	spaS233	spaS77	245	948	21875	23496	0.02134029669315445
p431	spaS233	spaS78	266	1257	21875	30640	0.024523001287603888
p431	spaS233	spaS81	364	1182	21875	25419	0.02563324080499653
p431	spaS233	spaS83	371	756	21875	21909	0.017569954448266246
p431	spaS233	spaS96	413	835	21875	18113	0.021326590555002172
p431	spaS236	spaS238	7	1499	19239	18214	0.041692162207264835
p431	spaS236	spaS242	287	444	19239	12744	0.01407780842766099
p431	spaS236	spaS243	273	780	19239	28996	0.01643662417026657
p431	spaS236	spaS244	294	814	19239	19472	0.021479272765654273
p431	spaS236	spaS26	77	1085	19239	21322	0.027485054210153004
p431	spaS236	spaS3	343	650	19239	28434	0.013823022776088297
p431	spaS236	spaS65	182	931	19239	26883	0.02060144719081233
p431	spaS236	spaS66	189	787	19239	26392	0.01754972794576755
p431	spaS236	spaS70	203	557	19239	21538	0.013848831427150671
p431	spaS236	spaS77	238	786	19239	23496	0.01873703783165272
p431	spaS236	spaS78	259	1078	19239	30640	0.02208971127640827
p431	spaS236	spaS81	357	1059	19239	25419	0.024289547925411135
p431	spaS236	spaS83	364	420	19239	21909	0.010312315851502652
p431	spaS236	spaS96	406	587	19239	18113	0.015966272269821842
p431	spaS238	spaS242	280	540	18214	12744	0.01775264645933329
p431	spaS238	spaS243	266	799	18214	28996	0.01721574626704876
p431	spaS238	spaS244	287	975	18214	19472	0.026558797090790228
p431	spaS238	spaS26	70	977	18214	21322	0.02533779402992816
p431	spaS238	spaS3	336	639	18214	28434	0.013888587015583908
p431	spaS238	spaS65	175	848	18214	26883	0.01916427489886777
p431	spaS238	spaS66	182	724	18214	26392	0.016498792215486988
p431	spaS238	spaS70	196	665	18214	21538	0.017013329239900735
p431	spaS238	spaS77	231	731	18214	23496	0.017838405036726127
p431	spaS238	spaS78	252	1093	18214	30640	0.022884780469420656
p431	spaS238	spaS81	350	916	18214	25419	0.02144345342603647
p431	spaS238	spaS83	357	539	18214	21909	0.01361661277283751
p431	spaS238	spaS96	399	626	18214	18113	0.01753452284249741
p431	spaS242	spaS243	14	1066	12744	28996	0.02620838865122683
p431	spaS242	spaS244	7	1005	12744	19472	0.032200185831918235
p431	spaS242	spaS26	210	654	12744	21322	0.019573805818268886
p431	spaS242	spaS3	56	839	12744	28434	0.020798730756835818
p431	spaS242	spaS65	105	1213	12744	26883	0.031577029208101216
p431	spaS242	spaS66	98	923	12744	26392	0.024154083688797005
p431	spaS242	spaS70	84	1012	12744	21538	0.030417793808235647
p431	spaS242	spaS77	49	1032	12744	23496	0.02931152010906612
p431	spaS242	spaS78	28	1333	12744	30640	0.031699602863189937
p431	spaS242	spaS81	70	513	12744	25419	0.013625498007968128
p431	spaS242	spaS83	77	685	12744	21909	0.020166038624587847
p431	spaS242	spaS96	119	644	12744	18113	0.021315327839009697
p431	spaS243	spaS244	21	1169	28996	19472	0.024715110256030782
p431	spaS243	spaS26	196	1317	28996	21322	0.026877002510152855
p431	spaS243	spaS3	70	2286	28996	28434	0.04145509937617873
p431	spaS243	spaS65	91	2088	28996	26883	0.038816902455801154
p431	spaS243	spaS66	84	2181	28996	26392	0.04099084706899468
p431	spaS243	spaS70	70	2053	28996	21538	0.04234648625234628
p431	spaS243	spaS77	35	2183	28996	23496	0.043391838438450375
p431	spaS243	spaS78	14	2233	28996	30640	0.03890040590213055
p431	spaS243	spaS81	84	1427	28996	25419	0.026930625802068394
p431	spaS243	spaS83	91	1532	28996	21909	0.03102910497640411
p431	spaS243	spaS96	133	1276	28996	18113	0.027840202474199813
p431	spaS244	spaS26	217	1287	19472	21322	0.03257650542941757
p431	spaS244	spaS3	49	896	19472	28434	0.01905977451606041
p431	spaS244	spaS65	112	1468	19472	26883	0.03270434647002473
p431	spaS244	spaS66	105	1275	19472	26392	0.02859449640045751
p431	spaS244	spaS70	91	1093	19472	21538	0.027381817270836988
p431	spaS244	spaS77	56	1358	19472	23496	0.03263638548425859
p431	spaS244	spaS78	35	1806	19472	30640	0.03738666004223078
p431	spaS244	spaS81	63	1037	19472	25419	0.02364664568796461
p431	spaS244	spaS83	70	654	19472	21909	0.016058143246494953
p431	spaS244	spaS96	112	677	19472	18113	0.01834290668689715
p431	spaS26	spaS3	266	1343	21322	28434	0.027740482928139135
p431	spaS26	spaS65	105	1538	21322	26883	0.032956907450661065
p431	spaS26	spaS66	112	1462	21322	26392	0.03160944391593877
p431	spaS26	spaS70	126	1205	21322	21538	0.02892809986796303
p431	spaS26	spaS77	161	1311	21322	23496	0.030133082032776336
p431	spaS26	spaS78	182	1653	21322	30640	0.032856944085551294
p431	spaS26	spaS81	280	1262	21322	25419	0.027749070999802106
p431	spaS26	spaS83	287	1076	21322	21909	0.02552484877238762
p431	spaS26	spaS96	329	956	21322	18113	0.024844720496894408
p431	spaS3	spaS65	161	1743	28434	26883	0.03253443834695935
p431	spaS3	spaS66	154	1847	28434	26392	0.03486287019385039
p431	spaS3	spaS70	140	1582	28434	21538	0.032692705104360405
p431	spaS3	spaS77	105	2215	28434	23496	0.04455395755808106
p431	spaS3	spaS78	84	1809	28434	30640	0.03158997642539073
p431	spaS3	spaS81	14	1191	28434	25419	0.022615927993619687
p431	spaS3	spaS83	21	1686	28434	21909	0.03465071829335964
p431	spaS3	spaS96	63	1312	28434	18113	0.02900408975350945
p431	spaS65	spaS66	7	2612	26883	26392	0.05155636263150623
p431	spaS65	spaS70	21	2694	26883	21538	0.05891486430336563
p431	spaS65	spaS77	56	1884	26883	23496	0.03884936591401175
p431	spaS65	spaS78	77	2701	26883	30640	0.049268541826274125
p431	spaS65	spaS81	175	1154	26883	25419	0.022561977007898647
p431	spaS65	spaS83	182	1387	26883	21909	0.029258517034068135
p431	spaS65	spaS96	224	1153	26883	18113	0.026298382866135984
p431	spaS66	spaS70	14	2346	26392	21538	0.05146542646542646
p431	spaS66	spaS77	49	2098	26392	23496	0.04390039757271396
p431	spaS66	spaS78	70	1928	26392	30640	0.03498838559814169
p431	spaS66	spaS81	168	928	26392	25419	0.018237918361731817
p431	spaS66	spaS83	175	1290	26392	21909	0.027440386292569823
p431	spaS66	spaS96	217	1463	26392	18113	0.03399005622415315
p431	spaS70	spaS77	35	1555	21538	23496	0.03576439200533591
p431	spaS70	spaS78	56	1919	21538	30640	0.038182216120495834
p431	spaS70	spaS81	154	757	21538	25419	0.016385281385281385
p431	spaS70	spaS83	161	1170	21538	21909	0.027674622134967002
p431	spaS70	spaS96	203	964	21538	18113	0.024917931087962364
p431	spaS77	spaS78	21	1878	23496	30640	0.0359370814038042
p431	spaS77	spaS81	119	800	23496	25419	0.016626831549412864
p431	spaS77	spaS83	126	1310	23496	21909	0.029708583739653023
p431	spaS77	spaS96	168	1068	23496	18113	0.026343701438050367
p431	spaS78	spaS81	98	1806	30640	25419	0.03328848174294509
p431	spaS78	spaS83	105	1361	30640	21909	0.026588262874111118
p431	spaS78	spaS96	147	1086	30640	18113	0.022783057461136635
p431	spaS81	spaS83	7	1367	25419	21909	0.029742607863188355
p431	spaS81	spaS96	49	1222	25419	18113	0.028882060978492084
p431	spaS83	spaS96	42	1806	21909	18113	0.04725769311283232
p470	spaS120	spaS13	434	449	10330	14534	0.01839033381118165
p470	spaS120	spaS14	427	594	10330	23118	0.01807999025993791
p470	spaS120	spaS143	77	1392	10330	16492	0.05473849783720016
p470	spaS120	spaS151	91	774	10330	12120	0.035707695146706034
p470	spaS120	spaS17	420	611	10330	17877	0.02214088998405566
p470	spaS120	spaS21	406	500	10330	15790	0.0195160031225605
p470	spaS120	spaS230	483	544	10330	16337	0.02082456073192206
p470	spaS120	spaS234	476	504	10330	17604	0.018374043018592783
p470	spaS120	spaS38	371	355	10330	18191	0.012603848611801463
p470	spaS120	spaS45	364	480	10330	19144	0.016555149341243015
p470	spaS120	spaS56	322	213	10330	9845	0.010670273519687407
p470	spaS120	spaS60	301	291	10330	11105	0.013762769580022701
p470	spaS120	spaS64	287	314	10330	9140	0.016391731050323658
p470	spaS120	spaS8	448	271	10330	17640	0.009783746705657244
p470	spaS13	spaS14	7	1247	14534	23118	0.034253536602115095
p470	spaS13	spaS143	511	488	14534	16492	0.015980090379199684
p470	spaS13	spaS151	525	310	14534	12120	0.011767385362890981
p470	spaS13	spaS17	14	1039	14534	17877	0.033118704577330106
p470	spaS13	spaS21	28	609	14534	15790	0.02049469964664311
p470	spaS13	spaS230	49	994	14534	16337	0.03326973926431703
p470	spaS13	spaS234	42	844	14534	17604	0.026970026203106026
p470	spaS13	spaS38	63	627	14534	18191	0.019533927347498287
p470	spaS13	spaS45	70	559	14534	19144	0.016878528941091216
p470	spaS13	spaS56	112	273	14534	9845	0.011324981332448353
p470	spaS13	spaS60	133	520	14534	11105	0.020701461045423784
p470	spaS13	spaS64	147	516	14534	9140	0.022281716901286813
p470	spaS13	spaS8	14	627	14534	17640	0.019875106983231368
p470	spaS14	spaS143	504	534	23118	16492	0.013665677141979731
p470	spaS14	spaS151	518	299	23118	12120	0.008557772117118407
p470	spaS14	spaS17	7	1914	23118	17877	0.04897520534274968
p470	spaS14	spaS21	21	1358	23118	15790	0.036165113182423436
p470	spaS14	spaS230	56	1274	23118	16337	0.033367381681988426
p470	spaS14	spaS234	49	1178	23118	17604	0.0297896014566053
p470	spaS14	spaS38	56	1420	23118	18191	0.03559878663290632
p470	spaS14	spaS45	63	1238	23118	19144	0.03017745709828393
p470	spaS14	spaS56	105	361	23118	9845	0.011072940310410404
p470	spaS14	spaS60	126	851	23118	11105	0.025500419513364497
p470	spaS14	spaS64	140	586	23118	9140	0.018502147006819902
p470	spaS14	spaS8	21	1110	23118	17640	0.02799636803874092
p470	spaS143	spaS151	14	2007	16492	12120	0.07543694794211614
p470	spaS143	spaS17	497	376	16492	17877	0.01106110081487365
p470	spaS143	spaS21	483	450	16492	15790	0.014136717768283489
p470	spaS143	spaS230	560	485	16492	16337	0.01499505317833292
p470	spaS143	spaS234	553	514	16492	17604	0.015305818593294027
p470	spaS143	spaS38	448	338	16492	18191	0.009841316057650313
p470	spaS143	spaS45	441	449	16492	19144	0.012760394463864495
p470	spaS143	spaS56	399	220	16492	9845	0.008423632117011907
p470	spaS143	spaS60	378	335	16492	11105	0.012288166678893698
p470	spaS143	spaS64	364	296	16492	9140	0.011682980738869593
p470	spaS143	spaS8	525	406	16492	17640	0.012038190120381901
p470	spaS151	spaS17	511	377	12120	17877	0.012727886563133018
p470	spaS151	spaS21	497	382	12120	15790	0.013876780005812264
p470	spaS151	spaS230	574	381	12120	16337	0.013570309160849123
p470	spaS151	spaS234	567	334	12120	17604	0.011364409663150731
p470	spaS151	spaS38	462	375	12120	18191	0.01252672367717798
p470	spaS151	spaS45	455	534	12120	19144	0.017377155873739017
p470	spaS151	spaS56	413	274	12120	9845	0.012631967175326173
p470	spaS151	spaS60	392	316	12120	11105	0.013793705530577502
p470	spaS151	spaS64	378	322	12120	9140	0.01537873722418569
p470	spaS151	spaS8	539	335	12120	17640	0.011384876805437554
p470	spaS17	spaS21	14	1568	17877	15790	0.048848873796691485
p470	spaS17	spaS230	63	1195	17877	16337	0.03619128380629335
p470	spaS17	spaS234	56	1347	17877	17604	0.03946211988047108
p470	spaS17	spaS38	49	1605	17877	18191	0.04657168557583495
p470	spaS17	spaS45	56	1286	17877	19144	0.03598712746606968
p470	spaS17	spaS56	98	291	17877	9845	0.010608435711421385
p470	spaS17	spaS60	119	697	17877	11105	0.024642036415060985
p470	spaS17	spaS64	133	606	17877	9140	0.022944985044110407
p470	spaS17	spaS8	28	1233	17877	17640	0.03596429821491075
p470	spaS21	spaS230	77	921	15790	16337	0.02951355508556047
p470	spaS21	spaS234	70	969	15790	17604	0.029884348496530454
p470	spaS21	spaS38	35	1779	15790	18191	0.05524501583752562
p470	spaS21	spaS45	42	1540	15790	19144	0.046116068754866145
p470	spaS21	spaS56	84	271	15790	9845	0.010684434631761552
p470	spaS21	spaS60	105	698	15790	11105	0.02664427224491354
p470	spaS21	spaS64	119	451	15790	9140	0.018423955226929203
p470	spaS21	spaS8	42	993	15790	17640	0.0306131886425995
p470	spaS230	spaS234	7	2045	16337	17604	0.0641146225232004
p470	spaS230	spaS38	112	1049	16337	18191	0.031333074464589744
p470	spaS230	spaS45	119	577	16337	19144	0.016531056612422646
p470	spaS230	spaS56	161	226	16337	9845	0.008707042687625212
p470	spaS230	spaS60	182	695	16337	11105	0.02598422252962949
p470	spaS230	spaS64	196	613	16337	9140	0.024654118404118405
p470	spaS230	spaS8	35	1114	16337	17640	0.03389830508474576
p470	spaS234	spaS38	105	1214	17604	18191	0.03510598305427836
p470	spaS234	spaS45	112	796	17604	19144	0.022140631953716065
p470	spaS234	spaS56	154	216	17604	9845	0.00793155362978739
p470	spaS234	spaS60	175	531	17604	11105	0.018844488608134004
p470	spaS234	spaS64	189	456	17604	9140	0.017346317711503346
p470	spaS234	spaS8	28	1120	17604	17640	0.032821474621966946
p470	spaS38	spaS45	7	1848	18191	19144	0.052075407895849184
p470	spaS38	spaS56	49	507	18191	9845	0.018416942133749864
p470	spaS38	spaS60	70	979	18191	11105	0.03457287141999506
p470	spaS38	spaS64	84	711	18191	9140	0.02670924117205109
p470	spaS38	spaS8	77	880	18191	17640	0.025178106491945868
p470	spaS45	spaS56	42	296	19144	9845	0.010316104973338444
p470	spaS45	spaS60	63	807	19144	11105	0.027409822702262075
p470	spaS45	spaS64	77	572	19144	9140	0.020640877598152425
p470	spaS45	spaS8	84	1104	19144	17640	0.03094170403587444
p470	spaS56	spaS60	21	738	9845	11105	0.03651296259647734
p470	spaS56	spaS64	35	461	9845	9140	0.024886633556467287
p470	spaS56	spaS8	126	212	9845	17640	0.007773255600777325
p470	spaS60	spaS64	14	1322	11105	9140	0.06986207261005126
p470	spaS60	spaS8	147	518	11105	17640	0.018351224005384914
p470	spaS64	spaS8	161	446	9140	17640	0.016936280094174833
p523	spaS231	spaS237	14	3481	42925	36510	0.04583037101403481
p523	spaS231	spaS239	21	2662	42925	28548	0.038685675255409745
p523	spaS231	spaS245	224	1575	42925	19662	0.02581459385039009
p523	spaS231	spaS32	98	4072	42925	41678	0.05056437893482013
p523	spaS231	spaS5	301	2984	42925	38491	0.038045695634434926
p523	spaS231	spaS50	147	2762	42925	35540	0.036484683566040975
p523	spaS231	spaS52	154	3605	42925	43222	0.0436747352862785
p523	spaS231	spaS67	203	1834	42925	27836	0.02660786049008371
p523	spaS237	spaS239	7	3133	36510	28548	0.05059345983044005
p523	spaS237	spaS245	210	1429	36510	19662	0.026103794092395376
p523	spaS237	spaS32	84	2943	36510	41678	0.039112233370988105
p523	spaS237	spaS5	287	2105	36510	38491	0.028876755926251097
p523	spaS237	spaS50	133	2312	36510	35540	0.03315265708795778
p523	spaS237	spaS52	140	2961	36510	43222	0.03856925141003764
p523	spaS237	spaS67	189	1756	36510	27836	0.028055599936092027
p523	spaS239	spaS245	203	1399	28548	19662	0.029886137873576725
p523	spaS239	spaS32	77	2121	28548	41678	0.03114308787901035
p523	spaS239	spaS5	280	1836	28548	38491	0.028158213579129794
p523	spaS239	spaS50	126	2111	28548	35540	0.034061022637430015
p523	spaS239	spaS52	133	2340	28548	43222	0.03370301022612703
p523	spaS239	spaS67	182	1830	28548	27836	0.033544744656670455
p523	spaS245	spaS32	126	1667	19662	41678	0.027935582256631977
p523	spaS245	spaS5	77	2007	19662	38491	0.03574609054963844
p523	spaS245	spaS50	77	2190	19662	35540	0.0413114011921829
p523	spaS245	spaS52	70	2260	19662	43222	0.03727896542623384
p523	spaS245	spaS67	21	2515	19662	27836	0.05591001044839161
p523	spaS32	spaS5	203	2960	41678	38491	0.038337499514305325
p523	spaS32	spaS50	49	2414	41678	35540	0.032271001550719214
p523	spaS32	spaS52	56	3345	41678	43222	0.0410152657715652
p523	spaS32	spaS67	105	1684	41678	27836	0.024826772814388914
p523	spaS5	spaS50	154	2508	38491	35540	0.03506564321966361
p523	spaS5	spaS52	147	3590	38491	43222	0.045953176401315875
p523	spaS5	spaS67	98	2295	38491	27836	0.03584145427286357
p523	spaS50	spaS52	7	3745	35540	43222	0.04992201767599344
p523	spaS50	spaS67	56	3156	35540	27836	0.0524078379275988
p523	spaS52	spaS67	49	2949	43222	27836	0.04329824252301458
p550	spaS254	spaS255	7	1313	26240	11967	0.03558844256518675
p550	spaS254	spaS256	14	2955	26240	19722	0.06870974492524473
p550	spaS254	spaS33	91	951	26240	12446	0.025202067046508545
p550	spaS254	spaS47	140	560	26240	14652	0.013884756520876724
p550	spaS254	spaS53	147	1444	26240	25688	0.028603121781158387
p550	spaS254	spaS58	154	1631	26240	25670	0.03243899043338173
p550	spaS255	spaS256	7	1639	11967	19722	0.05454242928452579
p550	spaS255	spaS33	84	816	11967	12446	0.034580667033944995
p550	spaS255	spaS47	133	449	11967	14652	0.01715705005731754
p550	spaS255	spaS53	140	773	11967	25688	0.02095873325741554
p550	spaS255	spaS58	147	764	11967	25670	0.02071976785181569
p550	spaS256	spaS33	77	889	19722	12446	0.028421624732248473
p550	spaS256	spaS47	126	686	19722	14652	0.020363334124910946
p550	spaS256	spaS53	133	1308	19722	25688	0.02965851888803229
p550	spaS256	spaS58	140	1293	19722	25670	0.02932039275267013
p550	spaS33	spaS47	49	867	12446	14652	0.03305249513933895
p550	spaS33	spaS53	56	1651	12446	25688	0.045253953896335276
p550	spaS33	spaS58	63	1763	12446	25670	0.04849668528044453
p550	spaS47	spaS53	7	2415	14652	25688	0.06367831245880026
p550	spaS47	spaS58	14	1545	14652	25670	0.039843206024189594
p550	spaS53	spaS58	7	2542	25688	25670	0.05207309078990495
p584	spaS264	spaS265	7	539	18328	6541	0.022153719687628443
p584	spaS264	spaS266	28	2749	18328	23737	0.06992064299521823
p584	spaS264	spaS275	70	2043	18328	25100	0.0493657122145705
p584	spaS264	spaS276	77	1592	18328	19262	0.0442246791488416
p584	spaS264	spaS277	105	1810	18328	23462	0.04527263631815908
p584	spaS265	spaS266	21	487	6541	23737	0.01634721895874593
p584	spaS265	spaS275	63	628	6541	25100	0.020249572759810403
p584	spaS265	spaS276	70	485	6541	19262	0.01915633146378071
p584	spaS265	spaS277	98	403	6541	23462	0.013614864864864865
p584	spaS266	spaS275	42	2533	23737	25100	0.054703697304768484
p584	spaS266	spaS276	49	2272	23737	19262	0.05578608785326687
p584	spaS266	spaS277	77	2362	23737	23462	0.052679706492405824
p584	spaS275	spaS276	7	3286	25100	19262	0.07999805239069042
p584	spaS275	spaS277	35	2779	25100	23462	0.06069938623506542
p584	spaS276	spaS277	28	3005	19262	23462	0.07565648681990987
p601	spaS108	spaS116	28	1054	16237	13542	0.03669277632724108
p601	spaS108	spaS124	42	1473	16237	16883	0.04654469617973268
p601	spaS108	spaS131	77	957	16237	15233	0.031363681053976994
p601	spaS108	spaS140	105	1325	16237	25337	0.032920072548386296
p601	spaS108	spaS144	112	911	16237	21391	0.024811395266497806
p601	spaS108	spaS159	140	793	16237	16876	0.024535891089108912
p601	spaS108	spaS161	154	1195	16237	23929	0.030663826948243565
p601	spaS108	spaS164	168	712	16237	19159	0.020528197439741668
p601	spaS108	spaS168	182	770	16237	22346	0.020363367095972286
p601	spaS108	spaS178	196	749	16237	26210	0.017962492205861193
p601	spaS108	spaS219	560	244	16237	22884	0.006276204439642976
p601	spaS108	spaS6	91	1096	16237	22957	0.028767914326211348
p601	spaS116	spaS124	14	1104	13542	16883	0.03765219467276014
p601	spaS116	spaS131	49	897	13542	15233	0.03217590931917641
p601	spaS116	spaS140	77	1166	13542	25337	0.03091772067987166
p601	spaS116	spaS144	84	892	13542	21391	0.026203695543609178
p601	spaS116	spaS159	112	736	13542	16876	0.0247961727646385
p601	spaS116	spaS161	126	838	13542	23929	0.022875549368056126
p601	spaS116	spaS164	140	487	13542	19159	0.01511765071087105
p601	spaS116	spaS168	154	470	13542	22346	0.013270088655485911
p601	spaS116	spaS178	168	481	13542	26210	0.012248223880216954
p601	spaS116	spaS219	532	283	13542	22884	0.007830008577041197
p601	spaS116	spaS6	63	802	13542	22957	0.022466873967000027
p601	spaS124	spaS131	35	1078	16883	15233	0.03473161930536761
p601	spaS124	spaS140	63	1774	16883	25337	0.04386095040300648
p601	spaS124	spaS144	70	1163	16883	21391	0.03133841718088976
p601	spaS124	spaS159	98	1017	16883	16876	0.031061022539857066
p601	spaS124	spaS161	112	1032	16883	23929	0.02594268476621418
p601	spaS124	spaS164	126	734	16883	19159	0.020788489860654808
p601	spaS124	spaS168	140	1002	16883	22346	0.02621183979909488
p601	spaS124	spaS178	154	642	16883	26210	0.015123318649737344
p601	spaS124	spaS219	518	234	16883	22884	0.00591910555738244
p601	spaS124	spaS6	49	1745	16883	22957	0.04580653629085182
p601	spaS131	spaS140	28	1331	15233	25337	0.03392033436122225
p601	spaS131	spaS144	35	1072	15233	21391	0.030153015301530153
p601	spaS131	spaS159	63	924	15233	16876	0.02962962962962963
p601	spaS131	spaS161	77	1014	15233	23929	0.026580685750235922
p601	spaS131	spaS164	91	691	15233	19159	0.020503842615946115
p601	spaS131	spaS168	105	644	15233	22346	0.017436036279951266
p601	spaS131	spaS178	119	651	15233	26210	0.015959011570896253
p601	spaS131	spaS219	483	272	15233	22884	0.007187210992205047
p601	spaS131	spaS6	14	1465	15233	22957	0.039891082368958476
p601	spaS140	spaS144	7	2282	25337	21391	0.05134320298789542
p601	spaS140	spaS159	35	1505	25337	16876	0.0369706200255478
p601	spaS140	spaS161	49	1661	25337	23929	0.03489129293141477
p601	spaS140	spaS164	63	940	25337	19159	0.021581412434566995
p601	spaS140	spaS168	77	1239	25337	22346	0.026677288777883043
p601	spaS140	spaS178	91	1008	25337	26210	0.01994499297572172
p601	spaS140	spaS219	455	423	25337	22884	0.008849742667057198
p601	spaS140	spaS6	14	1795	25337	22957	0.03860298070926257
p601	spaS144	spaS159	28	1794	21391	16876	0.0491870698873139
p601	spaS144	spaS161	42	1683	21391	23929	0.03856818754726494
p601	spaS144	spaS164	56	1086	21391	19159	0.0275187512669775
p601	spaS144	spaS168	70	1268	21391	22346	0.02985707221738209
p601	spaS144	spaS178	84	965	21391	26210	0.020692169139720388
p601	spaS144	spaS219	448	423	21391	22884	0.009646082276749065
p601	spaS144	spaS6	21	1383	21391	22957	0.03218899103921797
p601	spaS159	spaS161	14	2358	16876	23929	0.06133118318724478
p601	spaS159	spaS164	28	1553	16876	19159	0.04503799083579839
p601	spaS159	spaS168	42	1462	16876	22346	0.03871822033898305
p601	spaS159	spaS178	56	1329	16876	26210	0.03182699906602486
p601	spaS159	spaS219	420	503	16876	22884	0.012813001502916678
p601	spaS159	spaS6	49	1121	16876	22957	0.028957429220913412
p601	spaS161	spaS164	14	1606	23929	19159	0.03871558748372788
p601	spaS161	spaS168	28	1720	23929	22346	0.038603972618112443
p601	spaS161	spaS178	42	1919	23929	26210	0.039796764827872255
p601	spaS161	spaS219	406	699	23929	22884	0.01515808648132888
p601	spaS161	spaS6	63	1185	23929	22957	0.025929410734994857
p601	spaS164	spaS168	14	2634	19159	22346	0.06776259936713745
p601	spaS164	spaS178	28	2890	19159	26210	0.06803361661056051
p601	spaS164	spaS219	392	1346	19159	22884	0.03307369093544979
p601	spaS164	spaS6	77	787	19159	22957	0.019042318952793437
p601	spaS168	spaS178	14	3366	22346	26210	0.07448550564284134
p601	spaS168	spaS219	378	1397	22346	22884	0.031870964798211394
p601	spaS168	spaS6	91	984	22346	22957	0.022202667027685644
p601	spaS178	spaS219	364	1648	26210	22884	0.03473422417063609
p601	spaS178	spaS6	105	856	26210	22957	0.01771853201134317
p601	spaS219	spaS6	469	271	22884	22957	0.005946894886987053
p644	spaS101	spaS105	14	976	8787	20859	0.03404255319148936
p644	spaS101	spaS112	42	959	8787	10176	0.053265940902021774
p644	spaS101	spaS145	133	587	8787	25786	0.017271817807332432
p644	spaS101	spaS152	147	713	8787	18010	0.02733476460665542
p644	spaS101	spaS173	210	689	8787	31045	0.01760212553968781
p644	spaS101	spaS179	217	660	8787	27770	0.018385937543527315
p644	spaS101	spaS182	224	477	8787	18669	0.017680418102968977
p644	spaS101	spaS246	70	721	8787	11395	0.03704845588613124
p644	spaS101	spaS80	63	801	8787	19756	0.0288731886670031
p644	spaS101	spaS84	49	716	8787	14694	0.031451790028552605
p644	spaS101	spaS86	42	695	8787	13742	0.03183108912704956
p644	spaS101	spaS87	28	851	8787	13691	0.039348961945716
p644	spaS101	spaS94	7	896	8787	15110	0.03895482805095431
p644	spaS105	spaS112	28	1066	20859	10176	0.035570089092061795
p644	spaS105	spaS145	119	941	20859	25786	0.020589007526693508
p644	spaS105	spaS152	133	870	20859	18010	0.022895339351035552
p644	spaS105	spaS173	196	819	20859	31045	0.016032103357149847
p644	spaS105	spaS179	203	801	20859	27770	0.01674751191770511
p644	spaS105	spaS182	210	822	20859	18669	0.021237017516664083
p644	spaS105	spaS246	84	972	20859	11395	0.0310721820855444
p644	spaS105	spaS80	77	1123	20859	19756	0.02843613896485364
p644	spaS105	spaS84	63	1161	20859	14694	0.03375785066294487
p644	spaS105	spaS86	56	877	20859	13742	0.02600521883525086
p644	spaS105	spaS87	42	1084	20859	13691	0.03239108348771888
p644	spaS105	spaS94	21	1177	20859	15110	0.03382961600367901
p644	spaS112	spaS145	91	715	10176	25786	0.020285414361505945
p644	spaS112	spaS152	105	702	10176	18010	0.02554213360500655
p644	spaS112	spaS173	168	706	10176	31045	0.017425644822905095
p644	spaS112	spaS179	175	870	10176	27770	0.023465314489157407
p644	spaS112	spaS182	182	641	10176	18669	0.022727272727272728
p644	spaS112	spaS246	112	668	10176	11395	0.031957135339424965
p644	spaS112	spaS80	105	852	10176	19756	0.029298486932599725
p644	spaS112	spaS84	91	751	10176	14694	0.03113727766491148
p644	spaS112	spaS86	84	915	10176	13742	0.03977742033647785
p644	spaS112	spaS87	70	1073	10176	13691	0.047073791348600506
p644	spaS112	spaS94	49	927	10176	15110	0.03805574941500062
p644	spaS145	spaS152	14	1900	25786	18010	0.045350391445484056
p644	spaS145	spaS173	77	1721	25786	31045	0.03122845218653602
p644	spaS145	spaS179	84	2214	25786	27770	0.043122589692649295
p644	spaS145	spaS182	91	1612	25786	18669	0.03762574983077749
p644	spaS145	spaS246	203	508	25786	11395	0.013852152809969187
p644	spaS145	spaS80	196	774	25786	19756	0.017289135096497498
p644	spaS145	spaS84	182	689	25786	14694	0.017315473348244577
p644	spaS145	spaS86	175	631	25786	13742	0.016222330771010617
p644	spaS145	spaS87	161	553	25786	13691	0.0142071729524201
p644	spaS145	spaS94	140	849	25786	15110	0.02120008989437411
p644	spaS152	spaS173	63	1695	18010	31045	0.03578969594594594
p644	spaS152	spaS179	70	1703	18010	27770	0.03863693082560065
p644	spaS152	spaS182	77	1162	18010	18669	0.03271672720105865
p644	spaS152	spaS246	217	515	18010	11395	0.017826237452405677
p644	spaS152	spaS80	210	742	18010	19756	0.02004105445116681
p644	spaS152	spaS84	196	753	18010	14694	0.02356733748552471
p644	spaS152	spaS86	189	666	18010	13742	0.021424435437174292
p644	spaS152	spaS87	175	578	18010	13691	0.018571474472255246
p644	spaS152	spaS94	154	836	18010	15110	0.02589518027505885
p644	spaS173	spaS179	7	2573	31045	27770	0.04574872870808293
p644	spaS173	spaS182	14	1591	31045	18669	0.033061114228123765
p644	spaS173	spaS246	280	492	31045	11395	0.01172880709449795
p644	spaS173	spaS80	273	775	31045	19756	0.015491944189021709
p644	spaS173	spaS84	259	775	31045	14694	0.01723601103104706
p644	spaS173	spaS86	252	537	31045	13742	0.012135593220338983
p644	spaS173	spaS87	238	583	31045	13691	0.013204085792584875
p644	spaS173	spaS94	217	791	31045	15110	0.01743673397407636
p644	spaS179	spaS182	7	2215	27770	18669	0.050085926193921854
p644	spaS179	spaS246	287	567	27770	11395	0.014689880304679
p644	spaS179	spaS80	280	828	27770	19756	0.017730952075035333
p644	spaS179	spaS84	266	759	27770	14694	0.01819925668385086
p644	spaS179	spaS86	259	711	27770	13742	0.017426043479326487
p644	spaS179	spaS87	245	616	27770	13691	0.015081405312767781
p644	spaS179	spaS94	224	734	27770	15110	0.017415650358278367
p644	spaS182	spaS246	294	497	18669	11395	0.016809280616903982
p644	spaS182	spaS80	287	625	18669	19756	0.016534391534391533
p644	spaS182	spaS84	273	626	18669	14694	0.019122094266426366
p644	spaS182	spaS86	266	563	18669	13742	0.017677719166038684
p644	spaS182	spaS87	252	563	18669	13691	0.017706072899959114
p644	spaS182	spaS94	231	652	18669	15110	0.019681830530986807
p644	spaS246	spaS80	7	1210	11395	19756	0.04041281186333122
p644	spaS246	spaS84	21	848	11395	14694	0.033596133275226814
p644	spaS246	spaS86	28	893	11395	13742	0.03683385579937304
p644	spaS246	spaS87	42	1043	11395	13691	0.04338060974088092
p644	spaS246	spaS94	63	881	11395	15110	0.034381829534811115
p644	spaS80	spaS84	14	1499	19756	14694	0.045491790840945644
p644	spaS80	spaS86	21	1134	19756	13742	0.035038932146829814
p644	spaS80	spaS87	35	1285	19756	13691	0.03995398296125863
p644	spaS80	spaS94	56	1268	19756	15110	0.03774034168700518
p644	spaS84	spaS86	7	1082	14694	13742	0.03955545806828983
p644	spaS84	spaS87	21	775	14694	13691	0.028069540021731256
p644	spaS84	spaS94	42	849	14694	15110	0.02932136073217061
p644	spaS86	spaS87	14	1267	13742	13691	0.04842161583734617
p644	spaS86	spaS94	35	1158	13742	15110	0.04181411135986134
p644	spaS87	spaS94	21	1409	13691	15110	0.0514383761682243
p654	spaS278	spaS279	7	2022	14547	19502	0.06313423049302151
p654	spaS278	spaS280	14	1979	14547	15646	0.07014248245551853
p654	spaS278	spaS281	35	2328	14547	18490	0.0758083949330815
p654	spaS278	spaS283	56	1290	14547	18728	0.04033140534625606
p654	spaS278	spaS284	77	1792	14547	19126	0.05620902732034754
p654	spaS278	spaS285	98	919	14547	22672	0.0253168044077135
p654	spaS279	spaS280	7	2642	19502	15646	0.08127730265181812
p654	spaS279	spaS281	28	1751	19502	18490	0.048315443834331284
p654	spaS279	spaS283	49	1576	19502	18728	0.04299667157745403
p654	spaS279	spaS284	70	1716	19502	19126	0.0464889466840052
p654	spaS279	spaS285	91	1377	19502	22672	0.033752481800132364
p654	spaS280	spaS281	21	2483	15646	18490	0.07844438125928033
p654	spaS280	spaS283	42	1641	15646	18728	0.05013289341031986
p654	spaS280	spaS284	63	2004	15646	19126	0.0611572265625
p654	spaS280	spaS285	84	1480	15646	22672	0.04017590531516369
p654	spaS281	spaS283	21	2407	18490	18728	0.06914481054838988
p654	spaS281	spaS284	42	2579	18490	19126	0.07360790021976768
p654	spaS281	spaS285	63	2056	18490	22672	0.05257505242162328
p654	spaS283	spaS284	21	2539	18728	19126	0.07189579498796546
p654	spaS283	spaS285	42	2158	18728	22672	0.05499210030069823
p654	spaS284	spaS285	21	2358	19126	22672	0.05978701825557809
p722	spaS132	spaS136	7	1391	12701	12777	0.0577489932328642
p722	spaS132	spaS147	42	1737	12701	12358	0.0744790326730126
p722	spaS132	spaS192	161	630	12701	23016	0.017955368085045744
p722	spaS132	spaS240	469	156	12701	30336	0.003637974860660899
p722	spaS132	spaS241	14	1976	12701	12235	0.08606271777003484
p722	spaS132	spaS85	140	476	12701	18278	0.015605022456807527
p722	spaS132	spaS92	112	509	12701	9016	0.024000377216144852
p722	spaS136	spaS147	35	1142	12777	12358	0.047597215854624265
p722	spaS136	spaS192	154	686	12777	23016	0.019540262625687185
p722	spaS136	spaS240	462	320	12777	30336	0.007477858528263969
p722	spaS136	spaS241	21	1249	12777	12235	0.052560703614863445
p722	spaS136	spaS85	147	502	12777	18278	0.016430465093444178
p722	spaS136	spaS92	119	539	12777	9016	0.025359932248047428
p722	spaS147	spaS192	119	816	12358	23016	0.023612477573933678
p722	spaS147	spaS240	427	178	12358	30336	0.004186659140088437
p722	spaS147	spaS241	56	1407	12358	12235	0.0606831708789787
p722	spaS147	spaS85	182	559	12358	18278	0.0185856302157795
p722	spaS147	spaS92	154	375	12358	9016	0.017857993237773227
p722	spaS192	spaS240	308	730	23016	30336	0.013872524799513512
p722	spaS192	spaS241	175	640	23016	12235	0.018491231111496344
p722	spaS192	spaS85	301	1197	23016	18278	0.02985260742698955
p722	spaS192	spaS92	273	383	23016	9016	0.012101488198679263
p722	spaS240	spaS241	483	133	30336	12235	0.0031339836938592772
p722	spaS240	spaS85	609	433	30336	18278	0.00898694506133123
p722	spaS240	spaS92	581	80	30336	9016	0.002037074760643716
p722	spaS241	spaS85	126	493	12235	18278	0.01642238507661559
p722	spaS241	spaS92	98	578	12235	9016	0.027959173801576937
p722	spaS85	spaS92	28	668	18278	9016	0.025088259595883722
p728	spaS111	spaS117	14	960	9619	9380	0.05321802760685182
p728	spaS111	spaS121	21	1080	9619	10043	0.05812076202776881
p728	spaS111	spaS128	56	660	9619	9973	0.03486160997253328
p728	spaS111	spaS137	70	1024	9619	13042	0.04732633914128576
p728	spaS111	spaS146	98	1014	9619	13584	0.045698318986885395
p728	spaS111	spaS160	126	661	9619	12895	0.03024756326362513
p728	spaS111	spaS162	140	631	9619	7885	0.03739702483257275
p728	spaS111	spaS165	154	711	9619	14779	0.030016464727487653
p728	spaS111	spaS187	203	481	9619	14978	0.019945264554652512
p728	spaS111	spaS193	224	420	9619	14564	0.01767453604342886
p728	spaS111	spaS196	238	600	9619	27066	0.016627407510045725
p728	spaS111	spaS198	273	376	9619	15240	0.015357595065964139
p728	spaS117	spaS121	7	833	9380	10043	0.04480903711672943
p728	spaS117	spaS128	42	567	9380	9973	0.030182050463110826
p728	spaS117	spaS137	56	983	9380	13042	0.045851019170670276
p728	spaS117	spaS146	84	857	9380	13584	0.03876600171891256
p728	spaS117	spaS160	112	625	9380	12895	0.028868360277136258
p728	spaS117	spaS162	126	522	9380	7885	0.03117720838559398
p728	spaS117	spaS165	140	748	9380	14779	0.03195079236256461
p728	spaS117	spaS187	189	637	9380	14978	0.02685384258673749
p728	spaS117	spaS193	210	274	9380	14564	0.011575834389522602
p728	spaS117	spaS196	224	459	9380	27066	0.012754605829883013
p728	spaS117	spaS198	259	264	9380	15240	0.010839218262440466
p728	spaS121	spaS128	35	711	10043	9973	0.03682983682983683
p728	spaS121	spaS137	49	1046	10043	13042	0.04746131857162303
p728	spaS121	spaS146	77	1219	10043	13584	0.054400214209211
p728	spaS121	spaS160	105	1093	10043	12895	0.05003433279926757
p728	spaS121	spaS162	119	846	10043	7885	0.04952581664910432
p728	spaS121	spaS165	133	867	10043	14779	0.03619286161552912
p728	spaS121	spaS187	182	657	10043	14978	0.026966015432605482
p728	spaS121	spaS193	203	412	10043	14564	0.017028311634635255
p728	spaS121	spaS196	217	742	10043	27066	0.020403112712074133
p728	spaS121	spaS198	252	435	10043	15240	0.017506439150032197
p728	spaS128	spaS137	14	1202	9973	13042	0.05510475404575253
p728	spaS128	spaS146	42	940	9973	13584	0.041561657160542956
p728	spaS128	spaS160	70	877	9973	12895	0.039879950889000045
p728	spaS128	spaS162	84	379	9973	7885	0.021683162652325647
p728	spaS128	spaS165	98	464	9973	14779	0.019104084321475624
p728	spaS128	spaS187	147	560	9973	14978	0.022959288262063875
p728	spaS128	spaS193	168	449	9973	14564	0.018639986715376953
p728	spaS128	spaS196	182	516	9973	27066	0.014128083673301754
p728	spaS128	spaS198	217	426	9973	15240	0.01718642836970993
p728	spaS137	spaS146	28	1369	13042	13584	0.054202795264679096
p728	spaS137	spaS160	56	1149	13042	12895	0.046353074068097466
p728	spaS137	spaS162	70	767	13042	7885	0.03804563492063492
p728	spaS137	spaS165	84	996	13042	14779	0.03712954333643989
p728	spaS137	spaS187	133	954	13042	14978	0.03524717357570384
p728	spaS137	spaS193	154	413	13042	14564	0.015187732136947008
p728	spaS137	spaS196	168	783	13042	27066	0.019910998092816275
p728	spaS137	spaS198	203	625	13042	15240	0.02259825722240301
p728	spaS146	spaS160	28	1664	13584	12895	0.06705621599838807
p728	spaS146	spaS162	42	1110	13584	7885	0.054521341912667616
p728	spaS146	spaS165	56	891	13584	14779	0.03243302271403611
p728	spaS146	spaS187	105	784	13584	14978	0.02822377420980632
p728	spaS146	spaS193	126	380	13584	14564	0.013684817055603572
p728	spaS146	spaS196	140	1009	13584	27066	0.025453444665876238
p728	spaS146	spaS198	175	497	13584	15240	0.017545098316094184
p728	spaS160	spaS162	14	585	12895	7885	0.02896756622926467
p728	spaS160	spaS165	28	844	12895	14779	0.0314573238911666
p728	spaS160	spaS187	77	831	12895	14978	0.03072997559352119
p728	spaS160	spaS193	98	565	12895	14564	0.02100840336134454
p728	spaS160	spaS196	112	978	12895	27066	0.02508785881025062
p728	spaS160	spaS198	147	528	12895	15240	0.019125584090991417
p728	spaS162	spaS165	14	1481	7885	14779	0.06991455412358967
p728	spaS162	spaS187	63	973	7885	14978	0.044449520328917316
p728	spaS162	spaS193	84	409	7885	14564	0.01855716878402904
p728	spaS162	spaS196	98	768	7885	27066	0.022467308311148817
p728	spaS162	spaS198	133	330	7885	15240	0.014476858960298312
p728	spaS165	spaS187	49	1135	14779	14978	0.03965481098455733
p728	spaS165	spaS193	70	440	14779	14564	0.015223333218005052
p728	spaS165	spaS196	84	1068	14779	27066	0.026191235255168355
p728	spaS165	spaS198	119	574	14779	15240	0.01949397181185261
p728	spaS187	spaS193	21	664	14978	14564	0.022993282083246764
p728	spaS187	spaS196	35	2209	14978	27066	0.05545374670515878
p728	spaS187	spaS198	70	717	14978	15240	0.024304260872512796
p728	spaS193	spaS196	14	627	14564	27066	0.015291564031900105
p728	spaS193	spaS198	49	680	14564	15240	0.02334844114819393
p728	spaS196	spaS198	35	1824	27066	15240	0.04505706239810286
p729	spaS106	spaS122	42	915	6240	16186	0.042536376737483145
p729	spaS106	spaS129	77	576	6240	9701	0.0374877969410999
p729	spaS106	spaS133	84	295	6240	14676	0.014305804762135686
p729	spaS106	spaS138	91	375	6240	21360	0.013774104683195593
p729	spaS106	spaS148	126	701	6240	20922	0.026491818147462303
p729	spaS106	spaS180	203	352	6240	23185	0.012107453651153992
p729	spaS106	spaS183	210	554	6240	23729	0.018833928267890532
p729	spaS106	spaS216	560	110	6240	42931	0.0022421067650475936
p729	spaS106	spaS221	574	172	6240	43872	0.0034441329595514616
p729	spaS106	spaS247	133	657	6240	4843	0.06301553807788222
p729	spaS122	spaS129	35	958	16186	9701	0.03842913875406154
p729	spaS122	spaS133	42	2135	16186	14676	0.0743203258258781
p729	spaS122	spaS138	49	2049	16186	21360	0.057723187875031695
p729	spaS122	spaS148	84	1832	16186	20922	0.05193332577389727
p729	spaS122	spaS180	161	1545	16186	23185	0.04084492148257812
p729	spaS122	spaS183	168	1369	16186	23729	0.03551600684895968
p729	spaS122	spaS216	518	1289	16186	42931	0.022290240022134606
p729	spaS122	spaS221	532	1267	16186	43872	0.02155091765746458
p729	spaS122	spaS247	175	316	16186	4843	0.015256119345338676
p729	spaS129	spaS133	7	843	9701	14676	0.03582051499957508
p729	spaS129	spaS138	14	1689	9701	21360	0.05750374506332562
p729	spaS129	spaS148	49	1241	9701	20922	0.04223674358450752
p729	spaS129	spaS180	126	661	9701	23185	0.020512024825446083
p729	spaS129	spaS183	133	935	9701	23729	0.028773657485767042
p729	spaS129	spaS216	483	355	9701	42931	0.006790749277885112
p729	spaS129	spaS221	497	393	9701	43872	0.007389996239187665
p729	spaS129	spaS247	210	168	9701	4843	0.011686143572621035
p729	spaS133	spaS138	7	1832	14676	21360	0.053560987019062097
p729	spaS133	spaS148	42	1780	14676	20922	0.052634691584363354
p729	spaS133	spaS180	119	1930	14676	23185	0.05371406306531964
p729	spaS133	spaS183	126	1159	14676	23729	0.031117435429307845
p729	spaS133	spaS216	476	1185	14676	42931	0.021002445854453936
p729	spaS133	spaS221	490	1099	14676	43872	0.019130010966248324
p729	spaS133	spaS247	217	218	14676	4843	0.011294751567276306
p729	spaS138	spaS148	35	2050	21360	20922	0.0509544641081726
p729	spaS138	spaS180	112	1933	21360	23185	0.04536280859851685
p729	spaS138	spaS183	119	2842	21360	23729	0.06727104883186971
p729	spaS138	spaS216	469	1246	21360	42931	0.019763660877151243
p729	spaS138	spaS221	483	1131	21360	43872	0.01764403051434455
p729	spaS138	spaS247	224	206	21360	4843	0.00792399122975728
p729	spaS148	spaS180	77	2147	20922	23185	0.05116777883698761
p729	spaS148	spaS183	84	1969	20922	23729	0.04613185886322103
p729	spaS148	spaS216	434	1260	20922	42931	0.020130046490821656
p729	spaS148	spaS221	448	1159	20922	43872	0.018213247426730573
p729	spaS148	spaS247	259	219	20922	4843	0.00857277068817036
p729	spaS180	spaS183	7	3446	23185	23729	0.0792767093033956
p729	spaS180	spaS216	357	2039	23185	42931	0.031821090250792015
p729	spaS180	spaS221	371	1919	23185	43872	0.029460529951794653
p729	spaS180	spaS247	336	235	23185	4843	0.00845536645918037
p729	spaS183	spaS216	350	1878	23729	42931	0.028989534129850884
p729	spaS183	spaS221	364	1961	23729	43872	0.029875076173065205
p729	spaS183	spaS247	343	206	23729	4843	0.007262215328209829
p729	spaS216	spaS221	14	10456	42931	43872	0.1369536458537991
p729	spaS216	spaS247	693	78	42931	4843	0.0016353572626635357
p729	spaS221	spaS247	707	145	43872	4843	0.002985381922997735
p789	spaS286	spaS287	35	4365	49226	59585	0.04179193075847806
p789	spaS286	spaS294	126	3853	49226	62156	0.035832194105776115
p789	spaS286	spaS295	140	4411	49226	71712	0.03785388794013404
p789	spaS286	spaS296	154	4647	49226	74826	0.038917968259285625
p789	spaS286	spaS297	175	3885	49226	69427	0.03385089920535341
p789	spaS286	spaS300	7	3368	49226	52794	0.034140210031220856
p789	spaS287	spaS294	91	4973	59585	62156	0.042588722937791174
p789	spaS287	spaS295	105	5089	59585	71712	0.04032232505070994
p789	spaS287	spaS296	119	5183	59585	74826	0.040107407063484694
p789	spaS287	spaS297	140	4466	59585	69427	0.03585823711720971
p789	spaS287	spaS300	42	2913	59585	52794	0.02661100250306031
p789	spaS294	spaS295	14	8752	62156	71712	0.06995108539275552
p789	spaS294	spaS296	28	7787	62156	74826	0.060273230388172915
p789	spaS294	spaS297	49	6236	62156	69427	0.049749894293441406
p789	spaS294	spaS300	133	2766	62156	52794	0.02465592241317835
p789	spaS295	spaS296	14	8846	71712	74826	0.06424483630131017
p789	spaS295	spaS297	35	7894	71712	69427	0.0592442493151713
p789	spaS295	spaS300	147	2928	71712	52794	0.024083304545230222
p789	spaS296	spaS297	21	8884	74826	69427	0.06562802414142085
p789	spaS296	spaS300	161	2648	74826	52794	0.021188746279166535
p789	spaS297	spaS300	182	2718	69427	52794	0.022744198890404424
p813	spaS11	spaS113	427	211	11257	40817	0.004068411005919441
p813	spaS11	spaS134	483	241	11257	25983	0.006513689559177275
p813	spaS11	spaS153	532	208	11257	32554	0.004770313969222301
p813	spaS11	spaS169	588	243	11257	51863	0.0038646882007729376
p813	spaS11	spaS174	595	196	11257	45238	0.003481411747988419
p813	spaS11	spaS18	21	685	11257	20023	0.02238927929400229
p813	spaS11	spaS188	623	188	11257	44856	0.0033616450603486813
p813	spaS11	spaS194	644	151	11257	53603	0.002333523930210635
p813	spaS11	spaS224	54	511	11257	13090	0.021438160765229065
p813	spaS11	spaS227	49	800	11257	15537	0.030776332999923058
p813	spaS11	spaS235	35	671	11257	14093	0.027189108148628387
p813	spaS11	spaS24	42	530	11257	19452	0.017561880778024456
p813	spaS11	spaS248	259	306	11257	26133	0.008251537051019308
p813	spaS11	spaS249	245	326	11257	28160	0.008339515489498862
p813	spaS11	spaS27	49	484	11257	16020	0.0180644198111447
p813	spaS11	spaS34	56	471	11257	24146	0.0134833390587427
p813	spaS11	spaS4	385	203	11257	17728	0.007053019248141199
p813	spaS11	spaS42	70	566	11257	24140	0.01624989233728575
p813	spaS11	spaS48	105	423	11257	22823	0.012567965059274445
p813	spaS11	spaS54	112	386	11257	22065	0.01171969880981297
p813	spaS11	spaS57	119	377	11257	13033	0.015765483209969473
p813	spaS11	spaS59	133	599	11257	27036	0.015891123255690563
p813	spaS11	spaS61	140	442	11257	34114	0.009837743996082709
p813	spaS11	spaS63	154	463	11257	18262	0.015934746696035243
p813	spaS11	spaS68	161	362	11257	23616	0.010489409173886587
p813	spaS11	spaS69	168	428	11257	30156	0.010442844943271929
p813	spaS11	spaS71	182	459	11257	35537	0.009906118484946585
p813	spaS11	spaS72	189	383	11257	19083	0.012784991821610976
p813	spaS11	spaS73	196	273	11257	31274	0.006460315206588102
p813	spaS11	spaS75	203	353	11257	16311	0.012970788168289546
p813	spaS11	spaS79	231	319	11257	32979	0.007263701983286654
p813	spaS11	spaS88	357	245	11257	37738	0.005025641025641026
p813	spaS11	spaS89	364	186	11257	38261	0.003770372172220871
p813	spaS11	spaS9	7	849	11257	13104	0.036109220823409324
p813	spaS113	spaS134	56	1756	40817	25983	0.026997109648853084
p813	spaS113	spaS153	105	2468	40817	32554	0.034808118133224264
p813	spaS113	spaS169	161	2740	40817	51863	0.030464754280631532
p813	spaS113	spaS174	168	3030	40817	45238	0.03649503161698284
p813	spaS113	spaS18	406	536	40817	20023	0.00888829928362961
p813	spaS113	spaS188	196	2377	40817	44856	0.028536784479446794
p813	spaS113	spaS194	217	2330	40817	53603	0.0253013356499077
p813	spaS113	spaS224	481	184	40817	13090	0.003424976267148149
p813	spaS113	spaS227	476	262	40817	15537	0.004670897810739499
p813	spaS113	spaS235	462	187	40817	14093	0.003417210313762038
p813	spaS113	spaS24	385	597	40817	19452	0.010004692318005095
p813	spaS113	spaS248	168	1671	40817	26133	0.025597818594034837
p813	spaS113	spaS249	182	1443	40817	28160	0.021367015133118134
p813	spaS113	spaS27	378	705	40817	16020	0.012559680752511937
p813	spaS113	spaS34	371	1090	40817	24146	0.017065113584769778
p813	spaS113	spaS4	42	1559	40817	17728	0.027357596602674342
p813	spaS113	spaS42	357	1077	40817	24140	0.016859737006887913
p813	spaS113	spaS48	322	1051	40817	22823	0.016792088066593172
p813	spaS113	spaS54	315	967	40817	22065	0.015618186223047727
p813	spaS113	spaS57	308	648	40817	13033	0.012179993233337093
p813	spaS113	spaS59	294	1305	40817	27036	0.019609905632025006
p813	spaS113	spaS61	287	1759	40817	34114	0.02403924998633357
p813	spaS113	spaS63	273	905	40817	18262	0.01555677794203596
p813	spaS113	spaS68	266	1669	40817	23616	0.02659167675737684
p813	spaS113	spaS69	259	1805	40817	30156	0.02609588248901226
p813	spaS113	spaS71	245	1739	40817	35537	0.023306305702606715
p813	spaS113	spaS72	238	1110	40817	19083	0.018880762034359583
p813	spaS113	spaS73	231	2040	40817	31274	0.029121639948037858
p813	spaS113	spaS75	224	1044	40817	16311	0.018614934740746023
p813	spaS113	spaS79	196	2153	40817	32979	0.030051784542802506
p813	spaS113	spaS88	70	2917	40817	37738	0.0385652714244163
p813	spaS113	spaS89	63	3464	40817	38261	0.045811622186367605
p813	spaS113	spaS9	434	309	40817	13104	0.005763635007087965
p813	spaS134	spaS153	49	1985	25983	32554	0.03510043853444617
p813	spaS134	spaS169	105	1968	25983	51863	0.025936371543793985
p813	spaS134	spaS174	112	1569	25983	45238	0.022526273473841382
p813	spaS134	spaS18	462	358	25983	20023	0.007842621801612338
p813	spaS134	spaS188	140	1662	25983	44856	0.02402532633678824
p813	spaS134	spaS194	161	1567	25983	53603	0.020084851126007768
p813	spaS134	spaS224	537	130	25983	13090	0.003338212258942557
p813	spaS134	spaS227	532	186	25983	15537	0.0044999274205254755
p813	spaS134	spaS235	518	126	25983	14093	0.003153942428035044
p813	spaS134	spaS24	441	412	25983	19452	0.009150878439908491
p813	spaS134	spaS248	224	1167	25983	26133	0.022905258199375847
p813	spaS134	spaS249	238	1236	25983	28160	0.023361747972858032
p813	spaS134	spaS27	434	479	25983	16020	0.011535497543589249
p813	spaS134	spaS34	427	619	25983	24146	0.012502524742476267
p813	spaS134	spaS4	98	1266	25983	17728	0.029826834727294145
p813	spaS134	spaS42	413	573	25983	24140	0.011564076690211908
p813	spaS134	spaS48	378	766	25983	22823	0.01594504579517069
p813	spaS134	spaS54	371	819	25983	22065	0.017341040462427744
p813	spaS134	spaS57	364	602	25983	13033	0.01567136981308898
p813	spaS134	spaS59	350	932	25983	27036	0.017893140322921268
p813	spaS134	spaS61	343	1090	25983	34114	0.018472384632331758
p813	spaS134	spaS63	329	810	25983	18262	0.018648555312535973
p813	spaS134	spaS68	322	983	25983	23616	0.02021968076353464
p813	spaS134	spaS69	315	988	25983	30156	0.017914453047088903
p813	spaS134	spaS71	301	1259	25983	35537	0.020892451170740612
p813	spaS134	spaS72	294	1103	25983	19083	0.0250892796214999
p813	spaS134	spaS73	287	1041	25983	31274	0.018517859684075707
p813	spaS134	spaS75	280	1095	25983	16311	0.026578315007645816
p813	spaS134	spaS79	252	1210	25983	32979	0.020951655353927137
p813	spaS134	spaS88	126	1499	25983	37738	0.02409115746841953
p813	spaS134	spaS89	119	1331	25983	38261	0.02115619983151336
p813	spaS134	spaS9	490	130	25983	13104	0.0033370126036399105
p813	spaS153	spaS169	56	3635	32554	51863	0.04499764799088906
p813	spaS153	spaS174	63	2834	32554	45238	0.037807839056538325
p813	spaS153	spaS18	511	421	32554	20023	0.008071938032057673
p813	spaS153	spaS188	91	2986	32554	44856	0.04012146619370096
p813	spaS153	spaS194	112	2895	32554	53603	0.034769762917057
p813	spaS153	spaS224	586	141	32554	13090	0.0030986967892226887
p813	spaS153	spaS227	581	228	32554	15537	0.004763596097194075
p813	spaS153	spaS235	567	164	32554	14093	0.0035281715896134072
p813	spaS153	spaS24	490	543	32554	19452	0.010551269844354196
p813	spaS153	spaS248	273	1663	32554	26133	0.029163159371492706
p813	spaS153	spaS249	287	1305	32554	28160	0.021966368732010303
p813	spaS153	spaS27	483	638	32554	16020	0.013309412550066756
p813	spaS153	spaS34	476	996	32554	24146	0.017880224041361484
p813	spaS153	spaS4	147	1506	32554	17728	0.030875840577333113
p813	spaS153	spaS42	462	818	32554	24140	0.014639559023552151
p813	spaS153	spaS48	427	1071	32554	22823	0.019721577726218097
p813	spaS153	spaS54	420	956	32554	22065	0.01781488176210797
p813	spaS153	spaS57	413	692	32554	13033	0.015413743178527676
p813	spaS153	spaS59	399	1399	32554	27036	0.024041518447869944
p813	spaS153	spaS61	392	1464	32554	34114	0.022452610269308632
p813	spaS153	spaS63	378	1116	32554	18262	0.02245472837022133
p813	spaS153	spaS68	371	1326	32554	23616	0.024177667566187732
p813	spaS153	spaS69	364	1677	32554	30156	0.02747693870529058
p813	spaS153	spaS71	350	1855	32554	35537	0.028005918231777283
p813	spaS153	spaS72	343	1303	32554	19083	0.02588707434338618
p813	spaS153	spaS73	336	1854	32554	31274	0.029915771129828638
p813	spaS153	spaS75	329	1504	32554	16311	0.031756086231287346
p813	spaS153	spaS79	301	1703	32554	32979	0.026680244399185336
p813	spaS153	spaS88	175	2455	32554	37738	0.036189689992187156
p813	spaS153	spaS89	168	2200	32554	38261	0.03206295999417037
p813	spaS153	spaS9	539	139	32554	13104	0.003053669896087348
p813	spaS169	spaS174	7	3900	51863	45238	0.04184504458106673
p813	spaS169	spaS18	567	361	51863	20023	0.005047186298497029
p813	spaS169	spaS188	35	3494	51863	44856	0.0374792169482435
p813	spaS169	spaS194	56	4135	51863	53603	0.040806860684292075
p813	spaS169	spaS224	642	304	51863	13090	0.004702315581060806
p813	spaS169	spaS227	637	336	51863	15537	0.005010139568173685
p813	spaS169	spaS235	623	279	51863	14093	0.00424806248762885
p813	spaS169	spaS24	546	632	51863	19452	0.008941329598347552
p813	spaS169	spaS248	329	2046	51863	26133	0.026938775510204082
p813	spaS169	spaS249	343	1467	51863	28160	0.018674576098579358
p813	spaS169	spaS27	539	775	51863	16020	0.011548548608213626
p813	spaS169	spaS34	532	973	51863	24146	0.012967109120955275
p813	spaS169	spaS4	203	1652	51863	17728	0.024315930467036607
p813	spaS169	spaS42	518	1062	51863	24140	0.014171147969736193
p813	spaS169	spaS48	483	1266	51863	22823	0.01724325796785617
p813	spaS169	spaS54	476	945	51863	22065	0.012948220818546784
p813	spaS169	spaS57	469	704	51863	13033	0.010967098703888335
p813	spaS169	spaS59	455	1421	51863	27036	0.018340690260461034
p813	spaS169	spaS61	448	1817	51863	34114	0.021589828897338403
p813	spaS169	spaS63	434	945	51863	18262	0.013660017346053772
p813	spaS169	spaS68	427	1751	51863	23616	0.023749457465277776
p813	spaS169	spaS69	420	1867	51863	30156	0.023293242838606648
p813	spaS169	spaS71	406	1797	51863	35537	0.020992254944336063
p813	spaS169	spaS72	399	1184	51863	19083	0.016971990481924257
p813	spaS169	spaS73	392	2314	51863	31274	0.028630464100565432
p813	spaS169	spaS75	385	1419	51863	16311	0.02125683469403041
p813	spaS169	spaS79	357	1926	51863	32979	0.023228327463939408
p813	spaS169	spaS88	231	2556	51863	37738	0.02936412200585904
p813	spaS169	spaS89	224	2719	51863	38261	0.03110806017962359
p813	spaS169	spaS9	595	275	51863	13104	0.004250912013850245
p813	spaS174	spaS18	574	453	45238	20023	0.0069898777928650785
p813	spaS174	spaS188	28	3811	45238	44856	0.04416860795289918
p813	spaS174	spaS194	49	3557	45238	53603	0.03733050669577264
p813	spaS174	spaS224	649	260	45238	13090	0.004477509127230144
p813	spaS174	spaS227	644	311	45238	15537	0.005143556496427626
p813	spaS174	spaS235	630	234	45238	14093	0.003959591857454693
p813	spaS174	spaS24	553	682	45238	19452	0.010654918135233097
p813	spaS174	spaS248	336	1571	45238	26133	0.022507163323782234
p813	spaS174	spaS249	350	1476	45238	28160	0.020522232418453325
p813	spaS174	spaS27	546	718	45238	16020	0.01185992732077965
p813	spaS174	spaS34	539	1288	45238	24146	0.018914473684210526
p813	spaS174	spaS4	210	1536	45238	17728	0.025004069672798307
p813	spaS174	spaS42	525	1139	45238	24140	0.016691334867158077
p813	spaS174	spaS48	490	1328	45238	22823	0.019900199301694815
p813	spaS174	spaS54	483	1031	45238	22065	0.015557098020280057
p813	spaS174	spaS57	476	830	45238	13033	0.01444960916418586
p813	spaS174	spaS59	462	1339	45238	27036	0.018876436173962077
p813	spaS174	spaS61	455	1620	45238	34114	0.0208408377502187
p813	spaS174	spaS63	441	829	45238	18262	0.01322780871535479
p813	spaS174	spaS68	434	1417	45238	23616	0.021012203982976704
p813	spaS174	spaS69	427	1693	45238	30156	0.022971194420699854
p813	spaS174	spaS71	413	1722	45238	35537	0.021782854540624643
p813	spaS174	spaS72	406	1099	45238	19083	0.017383189396096295
p813	spaS174	spaS73	399	1636	45238	31274	0.02184945777018003
p813	spaS174	spaS75	392	927	45238	16311	0.015291478341196265
p813	spaS174	spaS79	364	1953	45238	32979	0.025608412881569287
p813	spaS174	spaS88	238	2729	45238	37738	0.034007501838074945
p813	spaS174	spaS89	231	2948	45238	38261	0.03659793174510559
p813	spaS174	spaS9	602	216	45238	13104	0.0037160650999552695
p813	spaS18	spaS188	602	369	20023	44856	0.005720043404123392
p813	spaS18	spaS194	623	499	20023	53603	0.006823744991589974
p813	spaS18	spaS224	75	490	20023	13090	0.015020077859179106
p813	spaS18	spaS227	70	669	20023	15537	0.01917399902553667
p813	spaS18	spaS235	56	644	20023	14093	0.019239961759082217
p813	spaS18	spaS24	21	1104	20023	19452	0.02877172864924031
p813	spaS18	spaS248	238	455	20023	26133	0.009956018467867225
p813	spaS18	spaS249	224	486	20023	28160	0.01018932008302409
p813	spaS18	spaS27	28	922	20023	16020	0.026252099883260726
p813	spaS18	spaS34	35	1349	20023	24146	0.031503970107426435
p813	spaS18	spaS4	364	255	20023	17728	0.006800725410710476
p813	spaS18	spaS42	49	1001	20023	24140	0.02319169639961077
p813	spaS18	spaS48	84	725	20023	22823	0.01721231689655991
p813	spaS18	spaS54	91	575	20023	22065	0.013851082793341844
p813	spaS18	spaS57	98	441	20023	13033	0.013521385865399357
p813	spaS18	spaS59	112	849	20023	27036	0.018372646613287167
p813	spaS18	spaS61	119	824	20023	34114	0.015455892559038134
p813	spaS18	spaS63	133	608	20023	18262	0.016137165910237016
p813	spaS18	spaS68	140	853	20023	23616	0.019936427803487124
p813	spaS18	spaS69	147	662	20023	30156	0.0133691459498758
p813	spaS18	spaS71	161	652	20023	35537	0.011874408100823195
p813	spaS18	spaS72	168	427	20023	19083	0.0110395822022286
p813	spaS18	spaS73	175	615	20023	31274	0.012134485616195099
p813	spaS18	spaS75	182	436	20023	16311	0.012145523427488997
p813	spaS18	spaS79	210	616	20023	32979	0.011758866872828618
p813	spaS18	spaS88	336	548	20023	37738	0.009578242707077063
p813	spaS18	spaS89	343	548	20023	38261	0.009491478453651102
p813	spaS18	spaS9	28	764	20023	13104	0.023607205759663814
p813	spaS188	spaS194	21	3856	44856	53603	0.04075980677145545
p813	spaS188	spaS224	677	316	44856	13090	0.005483255249002256
p813	spaS188	spaS227	672	291	44856	15537	0.004841768992712389
p813	spaS188	spaS235	658	250	44856	14093	0.004259016337586671
p813	spaS188	spaS24	581	672	44856	19452	0.010560060343201961
p813	spaS188	spaS248	364	1614	44856	26133	0.023264864864864863
p813	spaS188	spaS249	378	1401	44856	28160	0.01956294072470851
p813	spaS188	spaS27	574	569	44856	16020	0.009435057290198485
p813	spaS188	spaS34	567	937	44856	24146	0.013766252846543744
p813	spaS188	spaS4	238	1224	44856	17728	0.019947848761408083
p813	spaS188	spaS42	553	896	44856	24140	0.01315712187958884
p813	spaS188	spaS48	518	1007	44856	22823	0.015103791696664266
p813	spaS188	spaS54	511	1123	44856	22065	0.01706738806650658
p813	spaS188	spaS57	504	620	44856	13033	0.010826101381200999
p813	spaS188	spaS59	490	1187	44856	27036	0.01678806307899017
p813	spaS188	spaS61	483	1590	44856	34114	0.02054794520547945
p813	spaS188	spaS63	469	821	44856	18262	0.013178804757853508
p813	spaS188	spaS68	462	1291	44856	23616	0.019216742829073697
p813	spaS188	spaS69	455	1510	44856	30156	0.020543658675954396
p813	spaS188	spaS71	441	1537	44856	35537	0.01949122451050015
p813	spaS188	spaS72	434	1027	44856	19083	0.01632438962360122
p813	spaS188	spaS73	427	1407	44856	31274	0.018829543781700413
p813	spaS188	spaS75	420	959	44856	16311	0.015928115865001327
p813	spaS188	spaS79	392	1596	44856	32979	0.020934167552040295
p813	spaS188	spaS88	266	2206	44856	37738	0.02744190675225158
p813	spaS188	spaS89	259	2385	44856	38261	0.02954218897091612
p813	spaS188	spaS9	630	294	44856	13104	0.005098324836125273
p813	spaS194	spaS224	698	268	53603	13090	0.0040346255175009406
p813	spaS194	spaS227	693	285	53603	15537	0.004139132960569313
p813	spaS194	spaS235	679	254	53603	14093	0.003766199104415646
p813	spaS194	spaS24	602	691	53603	19452	0.009548946990216129
p813	spaS194	spaS248	385	1677	53603	26133	0.021483749471553567
p813	spaS194	spaS249	399	1357	53603	28160	0.016876849986319428
p813	spaS194	spaS27	595	749	53603	16020	0.01087493103348143
p813	spaS194	spaS34	588	1237	53603	24146	0.016167398578000838
p813	spaS194	spaS4	259	1203	53603	17728	0.01715434633812457
p813	spaS194	spaS42	574	1374	53603	24140	0.017991593447603087
p813	spaS194	spaS48	539	1200	53603	22823	0.015951931513040703
p813	spaS194	spaS54	532	891	53603	22065	0.011915428540861495
p813	spaS194	spaS57	525	555	53603	13033	0.008398783311390566
p813	spaS194	spaS59	511	1052	53603	27036	0.013218239159661754
p813	spaS194	spaS61	504	1548	53603	34114	0.017964697280924695
p813	spaS194	spaS63	490	898	53603	18262	0.012653768653035918
p813	spaS194	spaS68	483	1652	53603	23616	0.02186139452406474
p813	spaS194	spaS69	476	1628	53603	30156	0.019821991696192667
p813	spaS194	spaS71	462	1317	53603	35537	0.014996071644102342
p813	spaS194	spaS72	455	795	53603	19083	0.011058407867466025
p813	spaS194	spaS73	448	1962	53603	31274	0.023662787191702346
p813	spaS194	spaS75	441	1024	53603	16311	0.014864276382638989
p813	spaS194	spaS79	413	1809	53603	32979	0.021339341535630447
p813	spaS194	spaS88	287	2533	53603	37738	0.028522205206738132
p813	spaS194	spaS89	280	2740	53603	38261	0.030743682958574572
p813	spaS194	spaS9	651	140	53603	13104	0.002103144200579867
p813	spaS224	spaS227	5	1206	13090	15537	0.04398089055833121
p813	spaS224	spaS235	19	929	13090	14093	0.03538508417764912
p813	spaS224	spaS24	96	532	13090	19452	0.01661980631052796
p813	spaS224	spaS248	313	218	13090	26133	0.0055890270478143825
p813	spaS224	spaS249	299	339	13090	28160	0.008286279973601231
p813	spaS224	spaS27	103	393	13090	16020	0.013685273531357732
p813	spaS224	spaS34	110	365	13090	24146	0.00989937891567899
p813	spaS224	spaS4	439	192	13090	17728	0.006269183047084177
p813	spaS224	spaS42	124	569	13090	24140	0.01552058045334279
p813	spaS224	spaS48	159	396	13090	22823	0.011149590337021708
p813	spaS224	spaS54	166	259	13090	22065	0.0074220541036221915
p813	spaS224	spaS57	173	127	13090	13033	0.0048853669795353135
p813	spaS224	spaS59	187	231	13090	27036	0.005790199273091866
p813	spaS224	spaS61	194	416	13090	34114	0.00889116867572882
p813	spaS224	spaS63	208	224	13090	18262	0.00719609354921614
p813	spaS224	spaS68	215	276	13090	23616	0.007576173483392808
p813	spaS224	spaS69	222	343	13090	30156	0.007994778919889051
p813	spaS224	spaS71	236	361	13090	35537	0.007479385074379481
p813	spaS224	spaS72	243	199	13090	19083	0.0062238068430599865
p813	spaS224	spaS73	250	219	13090	31274	0.004960924226979272
p813	spaS224	spaS75	257	217	13090	16311	0.007435581140350877
p813	spaS224	spaS79	285	234	13090	32979	0.005105268899312752
p813	spaS224	spaS88	411	149	13090	37738	0.0029400737978255292
p813	spaS224	spaS89	418	279	13090	38261	0.005462875939849624
p813	spaS224	spaS9	47	594	13090	13104	0.023203125
p813	spaS227	spaS235	14	1148	15537	14093	0.04030615827540201
p813	spaS227	spaS24	91	573	15537	19452	0.01664923291492329
p813	spaS227	spaS248	308	427	15537	26133	0.010353272070411949
p813	spaS227	spaS249	294	155	15537	28160	0.00355978136052547
p813	spaS227	spaS27	98	511	15537	16020	0.016459447271790245
p813	spaS227	spaS34	105	500	15537	24146	0.012760635990097746
p813	spaS227	spaS4	434	127	15537	17728	0.003832458205081779
p813	spaS227	spaS42	119	626	15537	24140	0.016030319326009578
p813	spaS227	spaS48	154	366	15537	22823	0.009633099963152076
p813	spaS227	spaS54	161	254	15537	22065	0.00680089964656742
p813	spaS227	spaS57	168	198	15537	13033	0.006978711405611166
p813	spaS227	spaS59	182	277	15537	27036	0.006549082655570267
p813	spaS227	spaS61	189	467	15537	34114	0.009494957709824333
p813	spaS227	spaS63	203	300	15537	18262	0.008955491208692797
p813	spaS227	spaS68	210	411	15537	23616	0.010608641784110268
p813	spaS227	spaS69	217	424	15537	30156	0.009366232962954782
p813	spaS227	spaS71	231	412	15537	35537	0.008132327977576882
p813	spaS227	spaS72	238	192	15537	19083	0.0055768560474032764
p813	spaS227	spaS73	245	317	15537	31274	0.006818084053856412
p813	spaS227	spaS75	252	252	15537	16311	0.007975693125712115
p813	spaS227	spaS79	280	339	15537	32979	0.0070365527118749615
p813	spaS227	spaS88	406	239	15537	37738	0.004506373029640244
p813	spaS227	spaS89	413	221	15537	38261	0.004124904343281632
p813	spaS227	spaS9	42	900	15537	13104	0.03244295447172056
p813	spaS235	spaS24	77	455	14093	19452	0.013750377757630704
p813	spaS235	spaS248	294	233	14093	26133	0.005826019553421849
p813	spaS235	spaS249	280	177	14093	28160	0.0042066736381785345
p813	spaS235	spaS27	84	321	14093	16020	0.010774704618689582
p813	spaS235	spaS34	91	433	14093	24146	0.011453208485425593
p813	spaS235	spaS4	420	122	14093	17728	0.003848701851793432
p813	spaS235	spaS42	105	561	14093	24140	0.014891696750902527
p813	spaS235	spaS48	140	326	14093	22823	0.008909538125170811
p813	spaS235	spaS54	147	181	14093	22065	0.005030992022681157
p813	spaS235	spaS57	154	207	14093	13033	0.007689735874289535
p813	spaS235	spaS59	168	263	14093	27036	0.006435667792296775
p813	spaS235	spaS61	175	361	14093	34114	0.007545040337750282
p813	spaS235	spaS63	189	258	14093	18262	0.008038134405084588
p813	spaS235	spaS68	196	256	14093	23616	0.006835233492644114
p813	spaS235	spaS69	203	351	14093	30156	0.007995808465078136
p813	spaS235	spaS71	217	385	14093	35537	0.007818052594171997
p813	spaS235	spaS72	224	153	14093	19083	0.004633134482027678
p813	spaS235	spaS73	231	263	14093	31274	0.005830968428520752
p813	spaS235	spaS75	238	237	14093	16311	0.007856266781582523
p813	spaS235	spaS79	266	260	14093	32979	0.005554131419294198
p813	spaS235	spaS88	392	167	14093	37738	0.003232424899349644
p813	spaS235	spaS89	399	217	14093	38261	0.004162111360454188
p813	spaS235	spaS9	28	790	14093	13104	0.029916310069299807
p813	spaS24	spaS248	217	725	19452	26133	0.016161390994204192
p813	spaS24	spaS249	203	625	19452	28160	0.01330155149296614
p813	spaS24	spaS27	7	1418	19452	16020	0.04163974863452164
p813	spaS24	spaS34	14	1599	19452	24146	0.03807233505559656
p813	spaS24	spaS4	343	415	19452	17728	0.011287909696722427
p813	spaS24	spaS42	28	1714	19452	24140	0.040928411098906346
p813	spaS24	spaS48	63	1090	19452	22823	0.02646594633968678
p813	spaS24	spaS54	70	891	19452	22065	0.021931767833407178
p813	spaS24	spaS57	77	535	19452	13033	0.01674491392801252
p813	spaS24	spaS59	91	908	19452	27036	0.019921017990346644
p813	spaS24	spaS61	98	1103	19452	34114	0.02102434096410804
p813	spaS24	spaS63	112	810	19452	18262	0.021948840234120963
p813	spaS24	spaS68	119	875	19452	23616	0.020738037115161284
p813	spaS24	spaS69	126	949	19452	30156	0.019503072401816725
p813	spaS24	spaS71	140	809	19452	35537	0.01493170911775563
p813	spaS24	spaS72	147	567	19452	19083	0.014933628318584071
p813	spaS24	spaS73	154	692	19452	31274	0.013830595195267218
p813	spaS24	spaS75	161	612	19452	16311	0.017410599982930784
p813	spaS24	spaS79	189	625	19452	32979	0.012064239663359457
p813	spaS24	spaS88	315	804	19452	37738	0.014258858581917498
p813	spaS24	spaS89	322	786	19452	38261	0.013807156533806453
p813	spaS24	spaS9	49	641	19452	13104	0.02008459971800094
p813	spaS248	spaS249	14	1623	26133	28160	0.030814505411049933
p813	spaS248	spaS27	210	741	26133	16020	0.017893364242248622
p813	spaS248	spaS34	203	918	26133	24146	0.018597678329045197
p813	spaS248	spaS4	126	1425	26133	17728	0.03357997926289
p813	spaS248	spaS42	189	1058	26133	24140	0.021497510921467032
p813	spaS248	spaS48	154	1288	26133	22823	0.027020223210539564
p813	spaS248	spaS54	147	1196	26133	22065	0.025445725713799414
p813	spaS248	spaS57	140	727	26133	13033	0.018913083066677074
p813	spaS248	spaS59	126	1352	26133	27036	0.0260918231468437
p813	spaS248	spaS61	119	1479	26133	34114	0.025166757419003538
p813	spaS248	spaS63	105	1154	26133	18262	0.02668763442103559
p813	spaS248	spaS68	98	1440	26133	23616	0.029808110290008072
p813	spaS248	spaS69	91	1826	26133	30156	0.03352734884233333
p813	spaS248	spaS71	77	1768	26133	35537	0.029514874294681314
p813	spaS248	spaS72	70	1256	26133	19083	0.02857142857142857
p813	spaS248	spaS73	63	1852	26133	31274	0.03333633336333364
p813	spaS248	spaS75	56	1512	26133	16311	0.036939313984168866
p813	spaS248	spaS79	28	2248	26133	32979	0.039532920652785596
p813	spaS248	spaS88	98	1951	26133	37738	0.03150839793281654
p813	spaS248	spaS89	105	1613	26133	38261	0.025692486580334815
p813	spaS248	spaS9	266	284	26133	13104	0.007290837676173851
p813	spaS249	spaS27	196	621	28160	16020	0.01425652563190156
p813	spaS249	spaS34	189	981	28160	24146	0.019113492450073065
p813	spaS249	spaS4	140	1595	28160	17728	0.03601020477276319
p813	spaS249	spaS42	175	848	28160	24140	0.016481380704345797
p813	spaS249	spaS48	140	1188	28160	22823	0.023857817049904608
p813	spaS249	spaS54	133	1264	28160	22065	0.025816466166949204
p813	spaS249	spaS57	126	1000	28160	13033	0.024879954220884234
p813	spaS249	spaS59	112	1461	28160	27036	0.027188982971992185
p813	spaS249	spaS61	105	1581	28160	34114	0.02604913251940092
p813	spaS249	spaS63	91	999	28160	18262	0.021993263324747374
p813	spaS249	spaS68	84	1312	28160	23616	0.02599873176918199
p813	spaS249	spaS69	77	1578	28160	30156	0.02781204836264937
p813	spaS249	spaS71	63	1960	28160	35537	0.03174757438813029
p813	spaS249	spaS72	56	1482	28160	19083	0.03238565590786915
p813	spaS249	spaS73	49	1328	28160	31274	0.022854782638625958
p813	spaS249	spaS75	42	1419	28160	16311	0.03296014122456564
p813	spaS249	spaS79	14	2308	28160	32979	0.03923101766075708
p813	spaS249	spaS88	112	1519	28160	37738	0.023594650429487878
p813	spaS249	spaS89	119	1494	28160	38261	0.023010457898871038
p813	spaS249	spaS9	252	209	28160	13104	0.005090731944951894
p813	spaS27	spaS34	7	1902	16020	24146	0.04970729667572653
p813	spaS27	spaS4	336	564	16020	17728	0.016996142719382837
p813	spaS27	spaS42	21	1658	16020	24140	0.04306269804166017
p813	spaS27	spaS48	56	1220	16020	22823	0.03242697286234484
p813	spaS27	spaS54	63	925	16020	22065	0.024892357373519913
p813	spaS27	spaS57	70	707	16020	13033	0.02494179072885063
p813	spaS27	spaS59	84	878	16020	27036	0.02081653942813789
p813	spaS27	spaS61	91	1057	16020	34114	0.0215375837968906
p813	spaS27	spaS63	105	768	16020	18262	0.022915796383600882
p813	spaS27	spaS68	112	1105	16020	23616	0.028678207157872882
p813	spaS27	spaS69	119	1168	16020	30156	0.025950942054745824
p813	spaS27	spaS71	133	959	16020	35537	0.018953318312976798
p813	spaS27	spaS72	140	542	16020	19083	0.015682416596741994
p813	spaS27	spaS73	147	760	16020	31274	0.016332144238621223
p813	spaS27	spaS75	154	683	16020	16311	0.02158114256825076
p813	spaS27	spaS79	182	774	16020	32979	0.016049766718506997
p813	spaS27	spaS88	308	824	16020	37738	0.01556655457739827
p813	spaS27	spaS89	315	833	16020	38261	0.015585241730279899
p813	spaS27	spaS9	56	496	16020	13104	0.01732569512365516
p813	spaS34	spaS4	329	774	24146	17728	0.018832116788321168
p813	spaS34	spaS42	14	1951	24146	24140	0.04210639905039387
p813	spaS34	spaS48	49	1346	24146	22823	0.029502663130438596
p813	spaS34	spaS54	56	1065	24146	22065	0.023590129801089797
p813	spaS34	spaS57	63	846	24146	13033	0.02328461729006688
p813	spaS34	spaS59	77	1382	24146	27036	0.027751004016064257
p813	spaS34	spaS61	84	1579	24146	34114	0.027857659533176902
p813	spaS34	spaS63	98	1029	24146	18262	0.02486768650764881
p813	spaS34	spaS68	105	1563	24146	23616	0.03383190112340094
p813	spaS34	spaS69	112	1536	24146	30156	0.029109653943827463
p813	spaS34	spaS71	126	1176	24146	35537	0.020100158955338676
p813	spaS34	spaS72	133	796	24146	19083	0.018758984752433247
p813	spaS34	spaS73	140	1237	24146	31274	0.02283003894210361
p813	spaS34	spaS75	147	856	24146	16311	0.021615615767278603
p813	spaS34	spaS79	175	1335	24146	32979	0.023929019537551534
p813	spaS34	spaS88	301	1270	24146	37738	0.020952255254561652
p813	spaS34	spaS89	308	1349	24146	38261	0.022093746929149335
p813	spaS34	spaS9	63	462	24146	13104	0.01255844297053387
p813	spaS4	spaS42	315	681	17728	24140	0.016534343360769175
p813	spaS4	spaS48	280	850	17728	22823	0.021410040049369035
p813	spaS4	spaS54	273	954	17728	22065	0.02456293931357656
p813	spaS4	spaS57	266	826	17728	13033	0.027593118423250376
p813	spaS4	spaS59	252	1028	17728	27036	0.023504664349734774
p813	spaS4	spaS61	245	1178	17728	34114	0.02325122374861835
p813	spaS4	spaS63	231	798	17728	18262	0.02267560809274835
p813	spaS4	spaS68	224	1039	17728	23616	0.025778439399578214
p813	spaS4	spaS69	217	1204	17728	30156	0.02579263067694944
p813	spaS4	spaS71	203	1446	17728	35537	0.027904822555433334
p813	spaS4	spaS72	196	1488	17728	19083	0.04212552727684511
p813	spaS4	spaS73	189	1449	17728	31274	0.030471263642672386
p813	spaS4	spaS75	182	1448	17728	16311	0.04442944371145408
p813	spaS4	spaS79	154	1235	17728	32979	0.02496361578266494
p813	spaS4	spaS88	28	2301	17728	37738	0.04328035361610082
p813	spaS4	spaS89	21	1881	17728	38261	0.03476380572188956
p813	spaS4	spaS9	392	133	17728	13104	0.004332388677155608
p813	spaS42	spaS48	35	1584	24140	22823	0.03490601379492717
p813	spaS42	spaS54	42	1131	24140	22065	0.02509207081687891
p813	spaS42	spaS57	49	823	24140	13033	0.02264099037138927
p813	spaS42	spaS59	63	1155	24140	27036	0.023090302073129287
p813	spaS42	spaS61	70	1607	24140	34114	0.028368669126343848
p813	spaS42	spaS63	84	1077	24140	18262	0.026061705989110708
p813	spaS42	spaS68	91	1593	24140	23616	0.03450815588241665
p813	spaS42	spaS69	98	1622	24140	30156	0.030793180696358734
p813	spaS42	spaS71	112	1114	24140	35537	0.01902224954322695
p813	spaS42	spaS72	119	699	24140	19083	0.01643777631455178
p813	spaS42	spaS73	126	1047	24140	31274	0.01925800577556238
p813	spaS42	spaS75	133	793	24140	16311	0.019995965505068335
p813	spaS42	spaS79	161	991	24140	32979	0.017656071835803876
p813	spaS42	spaS88	287	1210	24140	37738	0.019944616601832926
p813	spaS42	spaS89	294	1096	24140	38261	0.017877823994780197
p813	spaS42	spaS9	77	587	24140	13104	0.0160133126005947
p813	spaS48	spaS54	7	1993	22823	22065	0.04646229164238256
p813	spaS48	spaS57	14	1438	22823	13033	0.041780463710848974
p813	spaS48	spaS59	28	2010	22823	27036	0.04200714748479592
p813	spaS48	spaS61	35	2121	22823	34114	0.0386930823117338
p813	spaS48	spaS63	49	1487	22823	18262	0.037552401636446284
p813	spaS48	spaS68	56	1659	22823	23616	0.0370477891916034
p813	spaS48	spaS69	63	2142	22823	30156	0.04213466569624486
p813	spaS48	spaS71	77	1490	22823	35537	0.026200105503780553
p813	spaS48	spaS72	84	1055	22823	19083	0.025825561185772686
p813	spaS48	spaS73	91	1482	22823	31274	0.02816687256485793
p813	spaS48	spaS75	98	1124	22823	16311	0.029571165482767694
p813	spaS48	spaS79	126	1441	22823	32979	0.0265079744669892
p813	spaS48	spaS88	252	1411	22823	37738	0.02385460693153001
p813	spaS48	spaS89	259	1166	22823	38261	0.01945992856904436
p813	spaS48	spaS9	112	491	22823	13104	0.013855965684614516
p813	spaS54	spaS57	7	1644	22065	13033	0.049142105577808334
p813	spaS54	spaS59	21	1777	22065	27036	0.03754965767897896
p813	spaS54	spaS61	28	1864	22065	34114	0.03431832827027525
p813	spaS54	spaS63	42	1291	22065	18262	0.033072036069269395
p813	spaS54	spaS68	49	1141	22065	23616	0.0256174225415357
p813	spaS54	spaS69	56	1407	22065	30156	0.027689219506435235
p813	spaS54	spaS71	70	1413	22065	35537	0.025147270818131662
p813	spaS54	spaS72	77	1278	22065	19083	0.032054176072234764
p813	spaS54	spaS73	84	1116	22065	31274	0.021369894490933114
p813	spaS54	spaS75	91	1098	22065	16311	0.0294543698696282
p813	spaS54	spaS79	119	1186	22065	32979	0.022020869694381523
p813	spaS54	spaS88	245	1023	22065	37738	0.01740387887036407
p813	spaS54	spaS89	252	1054	22065	38261	0.01778242677824268
p813	spaS54	spaS9	119	341	22065	13104	0.00979097278052142
p813	spaS57	spaS59	14	1750	13033	27036	0.04566925024139461
p813	spaS57	spaS61	21	1485	13033	34114	0.032521571547457405
p813	spaS57	spaS63	35	1048	13033	18262	0.034648064270836776
p813	spaS57	spaS68	42	792	13033	23616	0.02208773740134423
p813	spaS57	spaS69	49	843	13033	30156	0.019907429273130873
p813	spaS57	spaS71	63	1088	13033	35537	0.022913946337559495
p813	spaS57	spaS72	70	1190	13033	19083	0.03847894975101856
p813	spaS57	spaS73	77	841	13033	31274	0.019348456264666636
p813	spaS57	spaS75	84	861	13033	16311	0.030228557385106904
p813	spaS57	spaS79	112	796	13033	32979	0.017604387827317762
p813	spaS57	spaS88	238	769	13033	37738	0.015379384824607016
p813	spaS57	spaS89	245	587	13033	38261	0.011576310962983415
p813	spaS57	spaS9	126	262	13033	13104	0.0101256038647343
p813	spaS59	spaS61	7	2588	27036	34114	0.04419247976503535
p813	spaS59	spaS63	21	1832	27036	18262	0.04214788570376846
p813	spaS59	spaS68	28	1504	27036	23616	0.030601448685602668
p813	spaS59	spaS69	35	2063	27036	30156	0.03742132090188467
p813	spaS59	spaS71	49	1899	27036	35537	0.03129841447737087
p813	spaS59	spaS72	56	1451	27036	19083	0.03248410495209098
p813	spaS59	spaS73	63	1704	27036	31274	0.030102815955905735
p813	spaS59	spaS75	70	1508	27036	16311	0.03604292645617725
p813	spaS59	spaS79	98	1674	27036	32979	0.028693371728287138
p813	spaS59	spaS88	224	1599	27036	37738	0.025310645033636725
p813	spaS59	spaS89	231	1371	27036	38261	0.021446672715327096
p813	spaS59	spaS9	140	329	27036	13104	0.008264047625028258
p813	spaS61	spaS63	14	1590	34114	18262	0.03130784074351199
p813	spaS61	spaS68	21	2178	34114	23616	0.039206509216589865
p813	spaS61	spaS69	28	2312	34114	30156	0.03731560089092611
p813	spaS61	spaS71	42	2112	34114	35537	0.031270821303247015
p813	spaS61	spaS72	49	1329	34114	19083	0.025622734634071102
p813	spaS61	spaS73	56	2025	34114	31274	0.031958714076038064
p813	spaS61	spaS75	63	1223	34114	16311	0.024856713141742207
p813	spaS61	spaS79	91	1970	34114	32979	0.03025044915006987
p813	spaS61	spaS88	217	2030	34114	37738	0.029073930852739824
p813	spaS61	spaS89	224	1886	34114	38261	0.026755947736526266
p813	spaS61	spaS9	147	443	34114	13104	0.009470871191876002
p813	spaS63	spaS68	7	1598	18262	23616	0.03967229394240318
p813	spaS63	spaS69	14	1655	18262	30156	0.03539122810769198
p813	spaS63	spaS71	28	1704	18262	35537	0.03270947307803052
p813	spaS63	spaS72	35	1300	18262	19083	0.03606602857539187
p813	spaS63	spaS73	42	1371	18262	31274	0.028464652756150732
p813	spaS63	spaS75	49	1349	18262	16311	0.04060317842523477
p813	spaS63	spaS79	77	1216	18262	32979	0.024307846076961518
p813	spaS63	spaS88	203	1141	18262	37738	0.02079877504146995
p813	spaS63	spaS89	210	930	18262	38261	0.016728724839458205
p813	spaS63	spaS9	161	388	18262	13104	0.012525017754535477
p813	spaS68	spaS69	7	2645	23616	30156	0.05173391749955992
p813	spaS68	spaS71	21	1841	23616	35537	0.03212241764377443
p813	spaS68	spaS72	28	1081	23616	19083	0.02597433802681532
p813	spaS68	spaS73	35	1872	23616	31274	0.03530876306160172
p813	spaS68	spaS75	42	1139	23616	16311	0.029364751985150046
p813	spaS68	spaS79	70	2101	23616	32979	0.03855470327008478
p813	spaS68	spaS88	196	1645	23616	37738	0.027550285551591887
p813	spaS68	spaS89	203	2074	23616	38261	0.0346805344213501
p813	spaS68	spaS9	168	342	23616	13104	0.009401286491835725
p813	spaS69	spaS71	14	2382	30156	35537	0.037623793653551514
p813	spaS69	spaS72	21	1379	30156	19083	0.028813205181780193
p813	spaS69	spaS73	28	2116	30156	31274	0.03567454563846647
p813	spaS69	spaS75	35	1550	30156	16311	0.03450809270432131
p813	spaS69	spaS79	63	2068	30156	32979	0.0338644439713757
p813	spaS69	spaS88	189	1844	30156	37738	0.027918243754731266
p813	spaS69	spaS89	196	1996	30156	38261	0.030050736965718673
p813	spaS69	spaS9	175	370	30156	13104	0.00862671951503847
p813	spaS71	spaS72	7	2337	35537	19083	0.044699041753533654
p813	spaS71	spaS73	14	2503	35537	31274	0.038922062573863284
p813	spaS71	spaS75	21	1808	35537	16311	0.03613109512390088
p813	spaS71	spaS79	49	2445	35537	32979	0.03700564544202449
p813	spaS71	spaS88	175	1974	35537	37738	0.02768544620692557
p813	spaS71	spaS89	182	1885	35537	38261	0.026212228665192662
p813	spaS71	spaS9	189	564	35537	13104	0.011731181230110032
p813	spaS72	spaS73	7	1951	19083	31274	0.04030492087757716
p813	spaS72	spaS75	14	1671	19083	16311	0.0495507517124811
p813	spaS72	spaS79	42	1413	19083	32979	0.027897885446899248
p813	spaS72	spaS88	168	1538	19083	37738	0.027820487310746524
p813	spaS72	spaS89	175	1301	19083	38261	0.02321431757757436
p813	spaS72	spaS9	196	292	19083	13104	0.009155039974917699
p813	spaS73	spaS75	7	2026	31274	16311	0.04446980838034197
p813	spaS73	spaS79	35	2454	31274	32979	0.03970938041068626
p813	spaS73	spaS88	161	2641	31274	37738	0.039791475192478644
p813	spaS73	spaS89	168	2404	31274	38261	0.035810579315070534
p813	spaS73	spaS9	203	361	31274	13104	0.008201376740804688
p813	spaS75	spaS79	28	1426	16311	32979	0.029792746113989636
p813	spaS75	spaS88	154	1555	16311	37738	0.02962243303996647
p813	spaS75	spaS89	161	1285	16311	38261	0.02411469964531687
p813	spaS75	spaS9	210	283	16311	13104	0.00971440340519017
p813	spaS79	spaS88	126	2439	32979	37738	0.03572160871730279
p813	spaS79	spaS89	133	2349	32979	38261	0.03409734217822357
p813	spaS79	spaS9	238	365	32979	13104	0.007983726322236318
p813	spaS88	spaS89	7	4415	37738	38261	0.06167579347340188
p813	spaS88	spaS9	364	256	37738	13104	0.0050606887281065905
p813	spaS89	spaS9	371	296	38261	13104	0.005796079813585541
p860	spaS163	spaS166	14	1205	16235	17335	0.037231577321180286
p860	spaS163	spaS170	28	1609	16235	14243	0.05573452492292771
p860	spaS163	spaS175	35	1442	16235	15114	0.048216136690406926
p860	spaS163	spaS195	84	1255	16235	19131	0.036791650787136115
p860	spaS163	spaS199	133	1470	16235	24341	0.03759013962051859
p860	spaS163	spaS201	161	1021	16235	25551	0.02504599533913897
p860	spaS163	spaS206	182	1041	16235	31197	0.022439697355090427
p860	spaS163	spaS213	287	874	16235	24523	0.021913549292949554
p860	spaS163	spaS217	399	631	16235	25465	0.015364386763739073
p860	spaS163	spaS220	406	863	16235	25236	0.021251970055161544
p860	spaS166	spaS170	14	976	17335	14243	0.031893340304555255
p860	spaS166	spaS175	21	1448	17335	15114	0.04670817070417083
p860	spaS166	spaS195	70	1107	17335	19131	0.03130744647755875
p860	spaS166	spaS199	119	1513	17335	24341	0.03767148868361427
p860	spaS166	spaS201	147	948	17335	25551	0.02260479755830035
p860	spaS166	spaS206	168	1246	17335	31197	0.026350293955927757
p860	spaS166	spaS213	273	959	17335	24523	0.023448006063717938
p860	spaS166	spaS217	385	702	17335	25465	0.016675376502446673
p860	spaS166	spaS220	392	978	17335	25236	0.02351357199528767
p860	spaS170	spaS175	7	1474	14243	15114	0.052863752107018616
p860	spaS170	spaS195	56	1101	14243	19131	0.03411520466024231
p860	spaS170	spaS199	105	1674	14243	24341	0.045353562720130046
p860	spaS170	spaS201	133	915	14243	25551	0.02353455592993647
p860	spaS170	spaS206	154	950	14243	31197	0.021353113059114408
p860	spaS170	spaS213	259	628	14243	24523	0.0164665163354135
p860	spaS170	spaS217	371	541	14243	25465	0.013812648402992315
p860	spaS170	spaS220	378	645	14243	25236	0.016609156924344646
p860	spaS175	spaS195	49	1526	15114	19131	0.04663956722393716
p860	spaS175	spaS199	98	1647	15114	24341	0.043562209056284384
p860	spaS175	spaS201	126	1174	15114	25551	0.029728292522346864
p860	spaS175	spaS206	147	1383	15114	31197	0.030782585470085472
p860	spaS175	spaS213	252	884	15114	24523	0.022811137202281114
p860	spaS175	spaS217	364	831	15114	25465	0.020906712287410686
p860	spaS175	spaS220	371	886	15114	25236	0.02245084127305899
p860	spaS195	spaS199	49	1351	19131	24341	0.032074262244486125
p860	spaS195	spaS201	77	1185	19131	25551	0.02724325815573488
p860	spaS195	spaS206	98	1120	19131	31197	0.022760526743618923
p860	spaS195	spaS213	203	809	19131	24523	0.018882016571361886
p860	spaS195	spaS217	315	843	19131	25465	0.019267250245697438
p860	spaS195	spaS220	322	986	19131	25236	0.02272884442497868
p860	spaS199	spaS201	28	2472	24341	25551	0.05212990299451708
p860	spaS199	spaS206	49	2346	24341	31197	0.04410437659798466
p860	spaS199	spaS213	154	1671	24341	24523	0.03540779352870129
p860	spaS199	spaS217	266	1098	24341	25465	0.02254249815225425
p860	spaS199	spaS220	273	1438	24341	25236	0.02987182949375766
p860	spaS201	spaS206	21	2932	25551	31197	0.054481938456964474
p860	spaS201	spaS213	126	2144	25551	24523	0.04473190068850407
p860	spaS201	spaS217	238	1241	25551	25465	0.024932194876946256
p860	spaS201	spaS220	245	1530	25551	25236	0.03106157500456788
p860	spaS206	spaS213	105	2081	31197	24523	0.03879639814314212
p860	spaS206	spaS217	217	1504	31197	25465	0.027267123536023785
p860	spaS206	spaS220	224	1991	31197	25236	0.0365710297197017
p860	spaS213	spaS217	112	1588	24523	25465	0.0328099173553719
p860	spaS213	spaS220	119	2318	24523	25236	0.048860690120360026
p860	spaS217	spaS220	7	4033	25465	25236	0.08641895945830119
p894	spaS139	spaS157	42	1533	30834	20702	0.03065816051036938
p894	spaS139	spaS176	98	1723	30834	23478	0.03276350567609196
p894	spaS139	spaS197	168	1455	30834	26197	0.026180365625449835
p894	spaS139	spaS95	119	373	30834	13213	0.00854055044191052
p894	spaS157	spaS176	56	2384	20702	23478	0.057038951095798644
p894	spaS157	spaS197	126	2113	20702	26197	0.04717992229714643
p894	spaS157	spaS95	161	221	20702	13213	0.006559031281533804
p894	spaS176	spaS197	70	2455	23478	26197	0.05199068191444303
p894	spaS176	spaS95	217	137	23478	13213	0.0037478798489905345
p894	spaS197	spaS95	287	112	26197	13213	0.0028500178126113287
p97	spaS25	spaS250	103	1464	17694	17499	0.0434047851996798
p97	spaS25	spaS251	91	1712	17694	24647	0.04213738954933668
p97	spaS25	spaS252	70	1718	17694	22955	0.04412935706763248
p97	spaS25	spaS253	117	1578	17694	20382	0.043235245766891334
p97	spaS25	spaS29	7	2704	17694	22107	0.07288999110440197
p97	spaS25	spaS35	14	2072	17694	20480	0.05739294221926763
p97	spaS25	spaS43	28	1078	17694	11116	0.03887206115678638
p97	spaS250	spaS251	12	2954	17499	24647	0.07537252500510308
p97	spaS250	spaS252	33	2560	17499	22955	0.0675568691613448
p97	spaS250	spaS253	14	4149	17499	20382	0.12299893276414088
p97	spaS250	spaS29	110	1809	17499	22107	0.047860941344551156
p97	spaS250	spaS35	117	1611	17499	20480	0.04429718433787946
p97	spaS250	spaS43	131	723	17499	11116	0.025921411157321095
p97	spaS251	spaS252	21	3185	24647	22955	0.07170677893599298
p97	spaS251	spaS253	26	2980	24647	20382	0.07086969963613879
p97	spaS251	spaS29	98	2053	24647	22107	0.04592738417485068
p97	spaS251	spaS35	105	1716	24647	20480	0.039529151597521364
p97	spaS251	spaS43	119	760	24647	11116	0.021712424649315772
p97	spaS252	spaS253	47	2606	22955	20382	0.06398075176155754
p97	spaS252	spaS29	77	2016	22955	22107	0.046833619848534125
p97	spaS252	spaS35	84	1594	22955	20480	0.03809660380966038
p97	spaS252	spaS43	98	826	22955	11116	0.024845841479921794
p97	spaS253	spaS29	124	2065	20382	22107	0.051083514743716606
p97	spaS253	spaS35	131	1801	20382	20480	0.04610737052302808
p97	spaS253	spaS43	145	764	20382	11116	0.024858462940066377
p97	spaS29	spaS35	7	2535	22107	20480	0.06329271946469589
p97	spaS29	spaS43	21	1142	22107	11116	0.03559739409619401
p97	spaS35	spaS43	14	1246	20480	11116	0.041054365733113676
