participant	group_i	group_j	days_between	shared_clusters	n_clusters_i	n_clusters_j	jaccard
p110	spaS222	spaS223	14	120193	152649	149779	0.6595494828106566
p110	spaS222	spaS30	124	106309	152649	185181	0.4591764893897314
p110	spaS222	spaS37	138	91685	152649	170158	0.3966952518583259
p110	spaS223	spaS30	110	108296	149779	185181	0.4777820915540183
p110	spaS223	spaS37	124	91336	149779	170158	0.39954330908438723
p110	spaS30	spaS37	14	126237	185181	170158	0.5510078480327539
p125	spaS102	spaS104	7	84528	104919	102857	0.685836687005063
p125	spaS102	spaS15	371	37757	104919	95595	0.2319838778055629
p125	spaS102	spaS19	357	40447	104919	136688	0.2010688009544641
p125	spaS102	spaS22	350	39292	104919	65727	0.29913059366292616
p125	spaS102	spaS40	322	38015	104919	71920	0.27383593614936896
p125	spaS102	spaS44	315	40278	104919	99956	0.24470676865313462
p125	spaS102	spaS51	280	40026	104919	68769	0.29945683889213087
p125	spaS102	spaS74	189	53077	104919	117342	0.3137235199546056
p125	spaS104	spaS15	378	35394	102857	95595	0.21706386684492635
p125	spaS104	spaS19	364	37424	102857	136688	0.18515641620613396
p125	spaS104	spaS22	357	37611	102857	65727	0.28716605712627796
p125	spaS104	spaS40	329	35304	102857	71920	0.2531242606095804
p125	spaS104	spaS44	322	40574	102857	99956	0.250087833381616
p125	spaS104	spaS51	287	38597	102857	68769	0.2901397439656015
p125	spaS104	spaS74	196	53629	102857	117342	0.321960737227592
p125	spaS15	spaS19	14	75251	95595	136688	0.4792080595037954
p125	spaS15	spaS22	21	45567	95595	65727	0.393650382272904
p125	spaS15	spaS40	49	52247	95595	71920	0.45326543359822324
p125	spaS15	spaS44	56	70641	95595	99956	0.56553518533344
p125	spaS15	spaS51	91	51008	95595	68769	0.44998059211687075
p125	spaS15	spaS74	182	66685	95595	117342	0.4559595766211744
p125	spaS19	spaS22	7	49721	136688	65727	0.3256251064219943
p125	spaS19	spaS40	35	53740	136688	71920	0.34700519151793785
p125	spaS19	spaS44	42	79183	136688	99956	0.5028737274626733
p125	spaS19	spaS51	77	55893	136688	68769	0.373706239469391
p125	spaS19	spaS74	168	76213	136688	117342	0.4286035643386178
p125	spaS22	spaS40	28	49551	65727	71920	0.562465946240465
p125	spaS22	spaS44	35	49779	65727	99956	0.4294847459966869
p125	spaS22	spaS51	70	49844	65727	68769	0.5888106601143506
p125	spaS22	spaS74	161	47160	65727	117342	0.3469968876233362
p125	spaS40	spaS44	7	54872	71920	99956	0.4689754196437729
p125	spaS40	spaS51	42	53103	71920	68769	0.6062955266823465
p125	spaS40	spaS74	133	50126	71920	117342	0.3602662143514259
p125	spaS44	spaS51	35	57053	99956	68769	0.5108979869618168
p125	spaS44	spaS74	126	78863	99956	117342	0.5696752988767292
p125	spaS51	spaS74	91	51934	68769	117342	0.38705590376890225
p142	spaS257	spaS258	15	146227	236572	218252	0.4738445286247112
p142	spaS257	spaS259	43	129646	236572	205756	0.41462572197951914
p142	spaS257	spaS267	85	101825	236572	203873	0.30070580591813834
p142	spaS257	spaS268	120	125285	236572	255712	0.3413769519807956
p142	spaS257	spaS269	127	127861	236572	222904	0.3855706165282029
p142	spaS257	spaS282	197	106087	236572	224129	0.29916190562132344
p142	spaS258	spaS259	28	144385	218252	205756	0.5163559506907515
p142	spaS258	spaS267	70	125466	218252	203873	0.4229300307760762
p142	spaS258	spaS268	105	140274	218252	255712	0.42037220174413376
p142	spaS258	spaS269	112	140216	218252	222904	0.46592676280986245
p142	spaS258	spaS282	182	130277	218252	224129	0.41741534872991054
p142	spaS259	spaS267	42	132969	205756	203873	0.4806224246367382
p142	spaS259	spaS268	77	157031	205756	255712	0.5158078682945897
p142	spaS259	spaS269	84	149238	205756	222904	0.5340953826112474
p142	spaS259	spaS282	154	138007	205756	224129	0.4728242621917376
p142	spaS267	spaS268	35	141220	203873	255712	0.44357891099838237
p142	spaS267	spaS269	42	136505	203873	222904	0.4702658196450226
p142	spaS267	spaS282	112	128221	203873	224129	0.4277155656962916
p142	spaS268	spaS269	7	179729	255712	222904	0.6013275920331095
p142	spaS268	spaS282	77	172331	255712	224129	0.5604077916165328
p142	spaS269	spaS282	70	157337	222904	224129	0.5431107091571855
p151	spaS103	spaS107	14	25874	36672	40476	0.5046222256894333
p151	spaS103	spaS118	49	21404	36672	105923	0.17661377495028507
p151	spaS103	spaS149	140	23843	36672	116804	0.18392693218547745
p151	spaS103	spaS154	147	24476	36672	96015	0.22618772583193944
p151	spaS103	spaS184	231	14650	36672	168353	0.07695338148391333
p151	spaS103	spaS215	567	10617	36672	237770	0.040242585046906094
p151	spaS103	spaS98	7	29146	36672	58601	0.44075793548777353
p151	spaS107	spaS118	35	29857	40476	105923	0.256190901134355
p151	spaS107	spaS149	126	32558	40476	116804	0.261044563108353
p151	spaS107	spaS154	133	34970	40476	96015	0.34446075196264814
p151	spaS107	spaS184	217	22924	40476	168353	0.12331029289153062
p151	spaS107	spaS215	553	17789	40476	237770	0.0682991818227193
p151	spaS107	spaS98	21	35965	40476	58601	0.5698599315502598
p151	spaS118	spaS149	91	77965	105923	116804	0.5385736588331191
p151	spaS118	spaS154	98	67459	105923	96015	0.5016322251057787
p151	spaS118	spaS184	182	71988	105923	168353	0.3558688602388674
p151	spaS118	spaS215	518	51473	105923	237770	0.17614468551091644
p151	spaS118	spaS98	56	32532	105923	58601	0.24646948299896965
p151	spaS149	spaS154	7	76195	116804	96015	0.5576985009954327
p151	spaS149	spaS184	91	76990	116804	168353	0.36984728607320083
p151	spaS149	spaS215	427	57742	116804	237770	0.19452754420008625
p151	spaS149	spaS98	147	38538	116804	58601	0.2815726215961481
p151	spaS154	spaS184	84	59409	96015	168353	0.28985797159431886
p151	spaS154	spaS215	420	44653	96015	237770	0.15443811131248011
p151	spaS154	spaS98	154	39626	96015	58601	0.34460387859813896
p151	spaS184	spaS215	336	92421	168353	237770	0.29461399672300465
p151	spaS184	spaS98	238	25961	168353	58601	0.12916370221848522
p151	spaS215	spaS98	574	21572	237770	58601	0.07850101346802572
p292	spaS12	spaS130	476	73349	112928	211057	0.29265149459774337
p292	spaS12	spaS20	28	60178	112928	73925	0.47505821985395696
p292	spaS12	spaS225	56	40902	112928	71221	0.2855347755973947
p292	spaS12	spaS228	49	41492	112928	79821	0.27431457717659347
p292	spaS12	spaS23	35	45070	112928	99887	0.2686816298548392
p292	spaS12	spaS232	42	46022	112928	62827	0.354743974162318
p292	spaS12	spaS39	63	38896	112928	58862	0.2926843950817945
p292	spaS12	spaS49	98	35030	112928	72753	0.23252417839908132
p292	spaS12	spaS55	112	67316	112928	126782	0.3904776268315603
p292	spaS12	spaS7	14	85527	112928	111477	0.615842682066274
p292	spaS12	spaS97	371	27531	112928	136743	0.12393535608175024
p292	spaS12	spaS99	378	25127	112928	117283	0.12252052817382146
p292	spaS130	spaS20	448	43427	211057	73925	0.17978100225621493
p292	spaS130	spaS225	532	23071	211057	71221	0.08900608394063432
p292	spaS130	spaS228	525	27473	211057	79821	0.10429946280442665
p292	spaS130	spaS23	441	30982	211057	99887	0.11066501882398326
p292	spaS130	spaS232	518	26741	211057	62827	0.1082005154910315
p292	spaS130	spaS39	413	38193	211057	58862	0.1648196576991792
p292	spaS130	spaS49	378	44101	211057	72753	0.18397723906903787
p292	spaS130	spaS55	364	81147	211057	126782	0.31612594081623113
p292	spaS130	spaS7	490	60052	211057	111477	0.22878521193834245
p292	spaS130	spaS97	105	81663	211057	136743	0.30684572231595003
p292	spaS130	spaS99	98	74912	211057	117283	0.2955948040469088
p292	spaS20	spaS225	84	33889	73925	71221	0.3046010588097828
p292	spaS20	spaS228	77	35861	73925	79821	0.304203248929041
p292	spaS20	spaS23	7	47519	73925	99887	0.37625996690236196
p292	spaS20	spaS232	70	41220	73925	62827	0.43147845748021607
p292	spaS20	spaS39	35	41563	73925	58862	0.45561475050425326
p292	spaS20	spaS49	70	36295	73925	72753	0.32880968989790094
p292	spaS20	spaS55	84	55399	73925	126782	0.38125223662840313
p292	spaS20	spaS7	42	61802	73925	111477	0.5000161812297734
p292	spaS20	spaS97	343	28134	73925	136743	0.15413018944415835
p292	spaS20	spaS99	350	26596	73925	117283	0.16156780793623793
p292	spaS225	spaS228	7	55928	71221	79821	0.588010177260971
p292	spaS225	spaS23	91	33701	71221	99887	0.24526406951610907
p292	spaS225	spaS232	14	44920	71221	62827	0.5039942554528318
p292	spaS225	spaS39	119	26766	71221	58862	0.2590667557129998
p292	spaS225	spaS49	154	27542	71221	72753	0.23655008932252303
p292	spaS225	spaS55	168	34852	71221	126782	0.21361805934379807
p292	spaS225	spaS7	42	47383	71221	111477	0.35016812622399585
p292	spaS225	spaS97	427	21912	71221	136743	0.1177735256809924
p292	spaS225	spaS99	434	17260	71221	117283	0.10079185256125762
p292	spaS228	spaS23	84	34657	79821	99887	0.23892975574108416
p292	spaS228	spaS232	7	45074	79821	62827	0.4619468300981819
p292	spaS228	spaS39	112	29569	79821	58862	0.2709918067342412
p292	spaS228	spaS49	147	30623	79821	72753	0.2511090519962936
p292	spaS228	spaS55	161	36645	79821	126782	0.21561209239929865
p292	spaS228	spaS7	35	46784	79821	111477	0.32373334071439447
p292	spaS228	spaS97	420	23760	79821	136743	0.12323395780170536
p292	spaS228	spaS99	427	20633	79821	117283	0.11692006051985879
p292	spaS23	spaS232	77	39461	99887	62827	0.32016259239126027
p292	spaS23	spaS39	28	36200	99887	58862	0.29539204726272755
p292	spaS23	spaS49	63	37644	99887	72753	0.2788527067468666
p292	spaS23	spaS55	77	40436	99887	126782	0.21712585846761853
p292	spaS23	spaS7	49	51780	99887	111477	0.32446861840786045
p292	spaS23	spaS97	336	33456	99887	136743	0.16466673885438096
p292	spaS23	spaS99	343	33059	99887	117283	0.17956015664463285
p292	spaS232	spaS39	105	28992	62827	58862	0.3127609307744587
p292	spaS232	spaS49	140	29179	62827	72753	0.2742361443971391
p292	spaS232	spaS55	154	38771	62827	126782	0.25703735133056654
p292	spaS232	spaS7	28	50282	62827	111477	0.40542806921352664
p292	spaS232	spaS97	413	19339	62827	136743	0.10730118570057315
p292	spaS232	spaS99	420	17422	62827	117283	0.10708841463414634
p292	spaS39	spaS49	35	42268	58862	72753	0.47307688002954773
p292	spaS39	spaS55	49	46044	58862	126782	0.3298280802292264
p292	spaS39	spaS7	77	39018	58862	111477	0.29711927262204824
p292	spaS39	spaS97	308	33302	58862	136743	0.20518413091563312
p292	spaS39	spaS99	315	32526	58862	117283	0.22647421302195392
p292	spaS49	spaS55	14	60929	72753	126782	0.4395841449865085
p292	spaS49	spaS7	112	36722	72753	111477	0.24894920953439814
p292	spaS49	spaS97	273	47348	72753	136743	0.2920048350889311
p292	spaS49	spaS99	280	44080	72753	117283	0.30200882457726985
p292	spaS55	spaS7	126	66487	126782	111477	0.38706541229071095
p292	spaS55	spaS97	259	51601	126782	136743	0.24348823163020705
p292	spaS55	spaS99	266	45918	126782	117283	0.2317370437099729
p292	spaS7	spaS97	385	31844	111477	136743	0.14716974156098644
p292	spaS7	spaS99	392	27823	111477	117283	0.13846628545265433
p292	spaS97	spaS99	7	98592	136743	117283	0.6343013755034291
p341	spaS260	spaS261	21	41960	69166	88292	0.36329633413565604
p341	spaS260	spaS262	28	45352	69166	94580	0.3830599523624508
p341	spaS260	spaS263	42	46078	69166	86816	0.4192568059397292
p341	spaS260	spaS270	91	42646	69166	94764	0.3516209887536691
p341	spaS260	spaS271	98	40762	69166	94947	0.33045536720415725
p341	spaS260	spaS272	119	47919	69166	137740	0.30140200142149987
p341	spaS260	spaS273	147	39875	69166	115638	0.2751347211393165
p341	spaS260	spaS274	154	35032	69166	108422	0.24574202418698618
p341	spaS260	spaS298	224	38083	69166	132747	0.23245437343587866
p341	spaS261	spaS262	7	64882	88292	94580	0.5498940588185439
p341	spaS261	spaS263	21	66256	88292	86816	0.6086796751552567
p341	spaS261	spaS270	70	51793	88292	94764	0.3945742516931656
p341	spaS261	spaS271	77	52166	88292	94947	0.3979919586795145
p341	spaS261	spaS272	98	66815	88292	137740	0.41964739946111285
p341	spaS261	spaS273	126	53428	88292	115638	0.3549986046697054
p341	spaS261	spaS274	133	48424	88292	108422	0.32654932901746575
p341	spaS261	spaS298	203	40104	88292	132747	0.22164865835797387
p341	spaS262	spaS263	14	68050	94580	86816	0.6003740758385827
p341	spaS262	spaS270	63	56126	94580	94764	0.42130943265925025
p341	spaS262	spaS271	70	56081	94580	94947	0.4202523867332104
p341	spaS262	spaS272	91	66488	94580	137740	0.4009358869217039
p341	spaS262	spaS273	119	53045	94580	115638	0.33749435335585626
p341	spaS262	spaS274	126	46448	94580	108422	0.29668996001379716
p341	spaS262	spaS298	196	41624	94580	132747	0.2241428517579145
p341	spaS263	spaS270	49	54752	86816	94764	0.4317027785662472
p341	spaS263	spaS271	56	60495	86816	94947	0.4988537784081538
p341	spaS263	spaS272	77	71248	86816	137740	0.4647376523077726
p341	spaS263	spaS273	105	55260	86816	115638	0.37542291125996985
p341	spaS263	spaS274	112	45870	86816	108422	0.30709388891864386
p341	spaS263	spaS298	182	42054	86816	132747	0.23691193122602233
p341	spaS270	spaS271	7	69360	94764	94947	0.576314280728868
p341	spaS270	spaS272	28	67161	94764	137740	0.4061919766787829
p341	spaS270	spaS273	56	52866	94764	115638	0.33558043875685556
p341	spaS270	spaS274	63	47435	94764	108422	0.30455663206014727
p341	spaS270	spaS298	133	47019	94764	132747	0.2605046207034107
p341	spaS271	spaS272	21	69914	94947	137740	0.4295184090727578
p341	spaS271	spaS273	49	58564	94947	115638	0.385236250254899
p341	spaS271	spaS274	56	49940	94947	108422	0.32549257311199314
p341	spaS271	spaS298	126	48263	94947	132747	0.2689780472716532
p341	spaS272	spaS273	28	90364	137740	115638	0.5543327566957439
p341	spaS272	spaS274	35	78401	137740	108422	0.4673374622230435
p341	spaS272	spaS298	105	74593	137740	132747	0.3807824639856249
p341	spaS273	spaS274	7	85652	115638	108422	0.6188370614415352
p341	spaS273	spaS298	77	76024	115638	132747	0.44107425693747426
p341	spaS274	spaS298	70	73521	108422	132747	0.438543853788891
p373	spaS171	spaS177	7	68316	93196	87137	0.6098717159002651
p373	spaS171	spaS185	28	49471	93196	84674	0.38529116270375935
p373	spaS171	spaS202	133	42402	93196	134922	0.22831635400288613
p373	spaS171	spaS205	140	42401	93196	115995	0.2542178787697104
p373	spaS171	spaS207	154	40991	93196	119262	0.23906057725393223
p373	spaS171	spaS209	175	43433	93196	132296	0.23856551996880132
p373	spaS171	spaS212	252	30567	93196	125209	0.16273065088001362
p373	spaS171	spaS214	280	35305	93196	163615	0.1593862017281699
p373	spaS177	spaS185	21	51613	87137	84674	0.42939982362435314
p373	spaS177	spaS202	126	48596	87137	134922	0.2801519632428818
p373	spaS177	spaS205	133	44227	87137	115995	0.2783235266354111
p373	spaS177	spaS207	147	44075	87137	119262	0.2715248515315049
p373	spaS177	spaS209	168	43203	87137	132296	0.24515122283379676
p373	spaS177	spaS212	245	27977	87137	125209	0.1517445991462773
p373	spaS177	spaS214	273	35888	87137	163615	0.16702658425794922
p373	spaS185	spaS202	105	49401	84674	134922	0.29026117100972415
p373	spaS185	spaS205	112	47123	84674	115995	0.30689825850233804
p373	spaS185	spaS207	126	47928	84674	119262	0.30721501461463513
p373	spaS185	spaS209	147	42288	84674	132296	0.24208561843807605
p373	spaS185	spaS212	224	34980	84674	125209	0.1999965695271093
p373	spaS185	spaS214	252	38357	84674	163615	0.18271154469066173
p373	spaS202	spaS205	7	95739	134922	115995	0.6169624560182501
p373	spaS202	spaS207	21	87730	134922	119262	0.5270525190142622
p373	spaS202	spaS209	42	83101	134922	132296	0.4513488705551361
p373	spaS202	spaS212	119	64609	134922	125209	0.33044363294156154
p373	spaS202	spaS214	147	74934	134922	163615	0.33512072736054527
p373	spaS205	spaS207	14	84236	115995	119262	0.5577767330371273
p373	spaS205	spaS209	35	82586	115995	132296	0.49839172022570233
p373	spaS205	spaS212	112	66384	115995	125209	0.37972771994051024
p373	spaS205	spaS214	140	67980	115995	163615	0.32122099891319755
p373	spaS207	spaS209	21	80514	119262	132296	0.47072098407427326
p373	spaS207	spaS212	98	58971	119262	125209	0.3179029649595687
p373	spaS207	spaS214	126	60125	119262	163615	0.2699190130728344
p373	spaS209	spaS212	77	77568	132296	125209	0.43108421280781606
p373	spaS209	spaS214	105	78031	132296	163615	0.3581375068845236
p373	spaS212	spaS214	28	90117	125209	163615	0.45351698732304346
p398	spaS155	spaS167	49	45851	63433	87003	0.4384089496581728
p398	spaS155	spaS172	56	44593	63433	76908	0.4657329657016335
p398	spaS155	spaS191	105	44124	63433	97972	0.3762246229141975
p398	spaS155	spaS200	161	38805	63433	93670	0.32802752371130534
p398	spaS155	spaS203	189	32069	63433	105499	0.2343146065773803
p398	spaS155	spaS208	224	41078	63433	123985	0.28070247369140355
p398	spaS155	spaS218	427	23681	63433	80533	0.1968740907012512
p398	spaS167	spaS172	7	63664	87003	76908	0.6350713737069439
p398	spaS167	spaS191	56	63195	87003	97972	0.5189275743143373
p398	spaS167	spaS200	112	46122	87003	93670	0.3427845203677416
p398	spaS167	spaS203	140	47806	87003	105499	0.33038922983358215
p398	spaS167	spaS208	175	51951	87003	123985	0.326659833875136
p398	spaS167	spaS218	378	33255	87003	80533	0.2476523111981591
p398	spaS172	spaS191	49	62768	76908	97972	0.5598687027258455
p398	spaS172	spaS200	105	49762	76908	93670	0.4118825321149517
p398	spaS172	spaS203	133	45386	76908	105499	0.33123389845352175
p398	spaS172	spaS208	168	52503	76908	123985	0.353817642698295
p398	spaS172	spaS218	371	28973	76908	80533	0.2255269794812716
p398	spaS191	spaS200	56	64635	97972	93670	0.5089089577739809
p398	spaS191	spaS203	84	62373	97972	105499	0.4420544586032403
p398	spaS191	spaS208	119	75647	97972	123985	0.5170323286173194
p398	spaS191	spaS218	322	36748	97972	80533	0.259232348314369
p398	spaS200	spaS203	28	71742	93670	105499	0.5630047007306144
p398	spaS200	spaS208	63	84036	93670	123985	0.6289225334720362
p398	spaS200	spaS218	266	44320	93670	80533	0.3412301840887568
p398	spaS203	spaS208	35	85857	105499	123985	0.5977775766394898
p398	spaS203	spaS218	238	44315	105499	80533	0.31270066399937907
p398	spaS208	spaS218	203	49739	123985	80533	0.32135496417472653
p408	spaS109	spaS114	14	56242	75711	106282	0.44724892843794484
p408	spaS109	spaS119	21	54086	75711	116312	0.3921065413920848
p408	spaS109	spaS126	49	53263	75711	120183	0.3734321430824996
p408	spaS109	spaS135	70	58141	75711	132776	0.38671464488579677
p408	spaS109	spaS141	98	45846	75711	105463	0.3387768976117285
p408	spaS109	spaS150	112	44024	75711	98526	0.33809220277545254
p408	spaS114	spaS119	7	91104	106282	116312	0.6928587725302304
p408	spaS114	spaS126	35	90072	106282	120183	0.6603857969250622
p408	spaS114	spaS135	56	91935	106282	132776	0.6248853000550559
p408	spaS114	spaS141	84	67903	106282	105463	0.4720665730454248
p408	spaS114	spaS150	98	68844	106282	98526	0.5063399135065164
p408	spaS119	spaS126	28	95078	116312	120183	0.6723236951710191
p408	spaS119	spaS135	49	100525	116312	132776	0.6766489637392891
p408	spaS119	spaS141	77	70180	116312	105463	0.4629440284969821
p408	spaS119	spaS150	91	71112	116312	98526	0.49477477978932133
p408	spaS126	spaS135	21	102739	120183	132776	0.6839235787511649
p408	spaS126	spaS141	49	75685	120183	105463	0.5046978881175772
p408	spaS126	spaS150	63	76440	120183	98526	0.5372920312928325
p408	spaS135	spaS141	28	78684	132776	105463	0.4931465638807935
p408	spaS135	spaS150	42	80532	132776	98526	0.5341380911321881
p408	spaS141	spaS150	14	85173	105463	98526	0.7168478992728252
p431	spaS10	spaS100	385	36344	100820	86270	0.24109429105913258
p431	spaS10	spaS110	420	30161	100820	75099	0.20692517734875615
p431	spaS10	spaS115	434	61843	100820	136780	0.3518664974936987
p431	spaS10	spaS123	448	63182	100820	147855	0.34061662704252993
p431	spaS10	spaS127	476	73047	100820	162930	0.383040644352737
p431	spaS10	spaS142	518	58455	100820	134285	0.3309085762807812
p431	spaS10	spaS156	539	61231	100820	147037	0.32809469205791264
p431	spaS10	spaS158	546	58045	100820	138240	0.3206640333674005
p431	spaS10	spaS16	21	85923	100820	129944	0.5932229134015921
p431	spaS10	spaS186	623	61102	100820	165613	0.29757805689350364
p431	spaS10	spaS2	196	35141	100820	76273	0.24755551172227233
p431	spaS10	spaS204	728	54357	100820	131033	0.30624352098075447
p431	spaS10	spaS210	770	56401	100820	160732	0.2749243240344917
p431	spaS10	spaS211	840	58404	100820	174030	0.26983173632222357
p431	spaS10	spaS226	49	71348	100820	95829	0.5694128538479342
p431	spaS10	spaS229	42	72958	100820	88834	0.6251970933022555
p431	spaS10	spaS233	35	77186	100820	109898	0.5780337297426834
p431	spaS10	spaS236	28	73791	100820	96943	0.5952231148969122
p431	spaS10	spaS238	21	74704	100820	97065	0.6064571646601343
p431	spaS10	spaS242	259	34414	100820	68382	0.2553194646407692
p431	spaS10	spaS243	245	58487	100820	128705	0.34195325015493633
p431	spaS10	spaS244	266	61931	100820	108372	0.4205526242521781
p431	spaS10	spaS26	49	70449	100820	116793	0.47871082601723247
p431	spaS10	spaS3	315	59199	100820	133595	0.33786298054972147
p431	spaS10	spaS65	154	62670	100820	140258	0.35127348549392406
p431	spaS10	spaS66	161	55068	100820	122775	0.32676069709898115
p431	spaS10	spaS70	175	49589	100820	95664	0.3375812655298002
p431	spaS10	spaS77	210	60670	100820	119731	0.3794697306121428
p431	spaS10	spaS78	231	71086	100820	158995	0.37665647568736127
p431	spaS10	spaS81	329	72056	100820	134212	0.4421264480659729
p431	spaS10	spaS83	336	43318	100820	107875	0.26193485188387744
p431	spaS10	spaS96	378	37283	100820	98567	0.22999432463110103
p431	spaS100	spaS110	35	52052	86270	75099	0.4761564989891783
p431	spaS100	spaS115	49	53705	86270	136780	0.317133662050843
p431	spaS100	spaS123	63	66482	86270	147855	0.39656889938738865
p431	spaS100	spaS127	91	65723	86270	162930	0.35820838579222464
p431	spaS100	spaS142	133	61476	86270	134285	0.3864494999339951
p431	spaS100	spaS156	154	52591	86270	147037	0.2910146306912504
p431	spaS100	spaS158	161	50339	86270	138240	0.28902056025400324
p431	spaS100	spaS16	364	39437	86270	129944	0.2230889765071248
p431	spaS100	spaS186	238	50368	86270	165613	0.24994665409522865
p431	spaS100	spaS2	189	44396	86270	76273	0.37576916891668855
p431	spaS100	spaS204	343	40264	86270	131033	0.2274301142686075
p431	spaS100	spaS210	385	47079	86270	160732	0.23548566197986226
p431	spaS100	spaS211	455	49282	86270	174030	0.2335440578528846
p431	spaS100	spaS226	434	36785	86270	95829	0.25314147294823625
p431	spaS100	spaS229	427	27606	86270	88834	0.1871618598218281
p431	spaS100	spaS233	420	38904	86270	109898	0.24738020144470443
p431	spaS100	spaS236	413	34506	86270	96943	0.23204018640682686
p431	spaS100	spaS238	406	31455	86270	97065	0.20710429286278642
p431	spaS100	spaS242	126	36129	86270	68382	0.304826911232419
p431	spaS100	spaS243	140	49337	86270	128705	0.2978603943539526
p431	spaS100	spaS244	119	39395	86270	108372	0.2537569163977404
p431	spaS100	spaS26	336	46108	86270	116793	0.2937657290306139
p431	spaS100	spaS3	70	61661	86270	133595	0.38975626406411973
p431	spaS100	spaS65	231	53561	86270	140258	0.3096602242046171
p431	spaS100	spaS66	224	53052	86270	122775	0.34009218362362414
p431	spaS100	spaS70	210	42140	86270	95664	0.30144355265605105
p431	spaS100	spaS77	175	56848	86270	119731	0.3811388305967698
p431	spaS100	spaS78	154	54912	86270	158995	0.2884745709287482
p431	spaS100	spaS81	56	58941	86270	134212	0.3648671235166305
p431	spaS100	spaS83	49	63745	86270	107875	0.4888420245398773
p431	spaS100	spaS96	7	70157	86270	98567	0.6117631670735961
p431	spaS110	spaS115	14	51854	75099	136780	0.3240368692391814
p431	spaS110	spaS123	28	62499	75099	147855	0.38951107787230066
p431	spaS110	spaS127	56	57281	75099	162930	0.3169108371876867
p431	spaS110	spaS142	98	61158	75099	134285	0.4125996788687545
p431	spaS110	spaS156	119	56669	75099	147037	0.3424791650298851
p431	spaS110	spaS158	126	52563	75099	138240	0.32693312434691746
p431	spaS110	spaS16	399	30923	75099	129944	0.17759591086606938
p431	spaS110	spaS186	203	50875	75099	165613	0.2679930677370586
p431	spaS110	spaS2	224	36458	75099	76273	0.31726334476217
p431	spaS110	spaS204	308	42568	75099	131033	0.2602528673791299
p431	spaS110	spaS210	350	50705	75099	160732	0.2738945366939274
p431	spaS110	spaS211	420	51339	75099	174030	0.25956317306233884
p431	spaS110	spaS226	469	27178	75099	95829	0.18906434782608697
p431	spaS110	spaS229	462	22541	75099	88834	0.1594220323639244
p431	spaS110	spaS233	455	29916	75099	109898	0.19290564285760345
p431	spaS110	spaS236	448	26724	75099	96943	0.1839001362529074
p431	spaS110	spaS238	441	24825	75099	97065	0.16848899476716958
p431	spaS110	spaS242	161	35158	75099	68382	0.3245663432512024
p431	spaS110	spaS243	175	42165	75099	128705	0.26085907485198495
p431	spaS110	spaS244	154	38154	75099	108372	0.26255703049195894
p431	spaS110	spaS26	371	37447	75099	116793	0.24246171776360517
p431	spaS110	spaS3	105	47829	75099	133595	0.2973238429739222
p431	spaS110	spaS65	266	45090	75099	140258	0.26481937192761956
p431	spaS110	spaS66	259	43943	75099	122775	0.28547206215772003
p431	spaS110	spaS70	245	40640	75099	95664	0.3123198819578399
p431	spaS110	spaS77	210	46120	75099	119731	0.3101338174971421
p431	spaS110	spaS78	189	47836	75099	158995	0.2568265524165405
p431	spaS110	spaS81	91	45690	75099	134212	0.27924288447081974
p431	spaS110	spaS83	84	51625	75099	107875	0.3930368712361723
p431	spaS110	spaS96	42	50642	75099	98567	0.4116432566003381
p431	spaS115	spaS123	14	96651	136780	147855	0.5141448208358158
p431	spaS115	spaS127	42	105841	136780	162930	0.5459408157054506
p431	spaS115	spaS142	84	82578	136780	134285	0.4381097900650973
p431	spaS115	spaS156	105	91109	136780	147037	0.47278265562405297
p431	spaS115	spaS158	112	101617	136780	138240	0.5860163895665012
p431	spaS115	spaS16	413	65769	136780	129944	0.3272822273643353
p431	spaS115	spaS186	189	107450	136780	165613	0.5511867571546555
p431	spaS115	spaS2	238	32899	136780	76273	0.18261598410249008
p431	spaS115	spaS204	294	84895	136780	131033	0.4641150679539466
p431	spaS115	spaS210	336	94417	136780	160732	0.4648908146433935
p431	spaS115	spaS211	406	97458	136780	174030	0.45679440548951966
p431	spaS115	spaS226	483	57757	136780	95829	0.33031935579804633
p431	spaS115	spaS229	476	56918	136780	88834	0.337399819794186
p431	spaS115	spaS233	469	60622	136780	109898	0.3258266328417251
p431	spaS115	spaS236	462	55107	136780	96943	0.30852219286066196
p431	spaS115	spaS238	455	54936	136780	97065	0.30706113163675386
p431	spaS115	spaS242	175	35318	136780	68382	0.2079437601563788
p431	spaS115	spaS243	189	65106	136780	128705	0.324914287425329
p431	spaS115	spaS244	168	68662	136780	108372	0.38904187206074
p431	spaS115	spaS26	385	67322	136780	116793	0.3614584619679894
p431	spaS115	spaS3	119	68420	136780	133595	0.338788343938006
p431	spaS115	spaS65	280	70969	136780	140258	0.3443943533476651
p431	spaS115	spaS66	273	61601	136780	122775	0.31118845792456834
p431	spaS115	spaS70	259	50683	136780	95664	0.2788441964997992
p431	spaS115	spaS77	224	68645	136780	119731	0.36539341871333825
p431	spaS115	spaS78	203	88206	136780	158995	0.4249478486671902
p431	spaS115	spaS81	105	89125	136780	134212	0.4900559199854839
p431	spaS115	spaS83	98	59832	136780	107875	0.32372594319971
p431	spaS115	spaS96	56	53781	136780	98567	0.296206338191071
p431	spaS123	spaS127	28	116310	147855	162930	0.5980717315850367
p431	spaS123	spaS142	70	103432	147855	134285	0.578776551693265
p431	spaS123	spaS156	91	96304	147855	147037	0.4849437025399319
p431	spaS123	spaS158	98	92992	147855	138240	0.48156683220871765
p431	spaS123	spaS16	427	72425	147855	129944	0.3526493129607448
p431	spaS123	spaS186	175	97054	147855	165613	0.44846451708299834
p431	spaS123	spaS2	252	50488	147855	76273	0.29076249712047914
p431	spaS123	spaS204	280	84612	147855	131033	0.4355247174123412
p431	spaS123	spaS210	322	95496	147855	160732	0.44814656649037266
p431	spaS123	spaS211	392	97468	147855	174030	0.43431647335094936
p431	spaS123	spaS226	497	63343	147855	95829	0.35124015060357877
p431	spaS123	spaS229	490	56883	147855	88834	0.31635762988999255
p431	spaS123	spaS233	483	71741	147855	109898	0.3856794185321377
p431	spaS123	spaS236	476	62617	147855	96943	0.3437076314214984
p431	spaS123	spaS238	469	57601	147855	97065	0.3075021754333517
p431	spaS123	spaS242	189	42957	147855	68382	0.24790512465373962
p431	spaS123	spaS243	203	85150	147855	128705	0.4448565905647563
p431	spaS123	spaS244	182	67662	147855	108372	0.3588258690637181
p431	spaS123	spaS26	399	76668	147855	116793	0.4078518991382062
p431	spaS123	spaS3	133	89289	147855	133595	0.46465724054308627
p431	spaS123	spaS65	294	89513	147855	140258	0.4507200402819738
p431	spaS123	spaS66	287	80239	147855	122775	0.42144324048930887
p431	spaS123	spaS70	273	63243	147855	95664	0.35081208813153164
p431	spaS123	spaS77	238	85595	147855	119731	0.4703254556544005
p431	spaS123	spaS78	217	99454	147855	158995	0.4795367316630986
p431	spaS123	spaS81	119	96670	147855	134212	0.5214215979762348
p431	spaS123	spaS83	112	75131	147855	107875	0.41601005542666347
p431	spaS123	spaS96	70	69266	147855	98567	0.39098873309399623
p431	spaS127	spaS142	42	99156	162930	134285	0.5006386985696182
p431	spaS127	spaS156	63	103487	162930	147037	0.501196241766757
p431	spaS127	spaS158	70	100134	162930	138240	0.49808989434728107
p431	spaS127	spaS16	455	86121	162930	129944	0.4165405096903068
p431	spaS127	spaS186	147	105285	162930	165613	0.47158444490231033
p431	spaS127	spaS2	280	45296	162930	76273	0.23359651791838357
p431	spaS127	spaS204	252	89491	162930	131033	0.4376687272584999
p431	spaS127	spaS210	294	99972	162930	160732	0.44692207966382047
p431	spaS127	spaS211	364	105298	162930	174030	0.4545328970655524
p431	spaS127	spaS226	525	67281	162930	95829	0.35137718171278165
p431	spaS127	spaS229	518	64745	162930	88834	0.34619477165421697
p431	spaS127	spaS233	511	75574	162930	109898	0.38313038011903433
p431	spaS127	spaS236	504	70034	162930	96943	0.36891260489151334
p431	spaS127	spaS238	497	64098	162930	97065	0.3272025605292577
p431	spaS127	spaS242	217	40418	162930	68382	0.21173007009125483
p431	spaS127	spaS243	231	80001	162930	128705	0.3780158197643101
p431	spaS127	spaS244	210	70852	162930	108372	0.3534647044150661
p431	spaS127	spaS26	427	81086	162930	116793	0.4082119645383287
p431	spaS127	spaS3	161	86207	162930	133595	0.4098888350022347
p431	spaS127	spaS65	322	88404	162930	140258	0.41159490464839094
p431	spaS127	spaS66	315	76314	162930	122775	0.36445692508273997
p431	spaS127	spaS70	301	60352	162930	95664	0.3044359923729583
p431	spaS127	spaS77	266	82107	162930	119731	0.40940095934262094
p431	spaS127	spaS78	245	102861	162930	158995	0.4695477120841398
p431	spaS127	spaS81	147	106983	162930	134212	0.5625976156795103
p431	spaS127	spaS83	140	76953	162930	107875	0.3969677898603058
p431	spaS127	spaS96	98	70308	162930	98567	0.36774082190921026
p431	spaS142	spaS156	21	92839	134285	147037	0.4925590106269531
p431	spaS142	spaS158	28	82932	134285	138240	0.4374212128084898
p431	spaS142	spaS16	497	66089	134285	129944	0.3335469869789038
p431	spaS142	spaS186	105	92041	134285	165613	0.44280923904415054
p431	spaS142	spaS2	322	43566	134285	76273	0.2608867490658235
p431	spaS142	spaS204	210	79300	134285	131033	0.4263028309088368
p431	spaS142	spaS210	252	92473	134285	160732	0.4565575874871633
p431	spaS142	spaS211	322	89572	134285	174030	0.40948510352331274
p431	spaS142	spaS226	567	57946	134285	95829	0.3365666093583012
p431	spaS142	spaS229	560	51480	134285	88834	0.299931833674165
p431	spaS142	spaS233	553	65671	134285	109898	0.3678800304741418
p431	spaS142	spaS236	546	58184	134285	96943	0.3362381821964356
p431	spaS142	spaS238	539	55421	134285	97065	0.3150191270342013
p431	spaS142	spaS242	259	38020	134285	68382	0.23091826756636927
p431	spaS142	spaS243	273	76897	134285	128705	0.4132181221217348
p431	spaS142	spaS244	252	65627	134285	108372	0.3707111788962323
p431	spaS142	spaS26	469	70425	134285	116793	0.3898357624838779
p431	spaS142	spaS3	203	84923	134285	133595	0.4641691763638451
p431	spaS142	spaS65	364	76887	134285	140258	0.388994009794795
p431	spaS142	spaS66	357	71840	134285	122775	0.3878630817406328
p431	spaS142	spaS70	343	57937	134285	95664	0.3368195242192405
p431	spaS142	spaS77	308	80142	134285	119731	0.46091997653473205
p431	spaS142	spaS78	287	84488	134285	158995	0.40465151921529563
p431	spaS142	spaS81	189	85025	134285	134212	0.46342221156361735
p431	spaS142	spaS83	182	70698	134285	107875	0.4123245967036428
p431	spaS142	spaS96	140	65391	134285	98567	0.39048494873433215
p431	spaS156	spaS158	7	101660	147037	138240	0.553652439588927
p431	spaS156	spaS16	518	69383	147037	129944	0.3342180560506363
p431	spaS156	spaS186	84	96278	147037	165613	0.44496515260754627
p431	spaS156	spaS2	343	37029	147037	76273	0.19878033723246064
p431	spaS156	spaS204	189	84311	147037	131033	0.4351333357418236
p431	spaS156	spaS210	231	101051	147037	160732	0.48883503129867745
p431	spaS156	spaS211	301	105043	147037	174030	0.48625615672332706
p431	spaS156	spaS226	588	52468	147037	95829	0.2755701215348901
p431	spaS156	spaS229	581	54913	147037	88834	0.30345715580410926
p431	spaS156	spaS233	574	59278	147037	109898	0.29990336795559985
p431	spaS156	spaS236	567	56041	147037	96943	0.29818717775448417
p431	spaS156	spaS238	560	52024	147037	97065	0.27084830121096637
p431	spaS156	spaS242	280	35640	147037	68382	0.1982433988396865
p431	spaS156	spaS243	294	68174	147037	128705	0.3284417636629924
p431	spaS156	spaS244	273	69676	147037	108372	0.37514065890283366
p431	spaS156	spaS26	490	68168	147037	116793	0.34839672496447954
p431	spaS156	spaS3	224	76814	147037	133595	0.3768754477033432
p431	spaS156	spaS65	385	72785	147037	140258	0.3393081907603375
p431	spaS156	spaS66	378	66707	147037	122775	0.3284360306245538
p431	spaS156	spaS70	364	55607	147037	95664	0.2972142345558917
p431	spaS156	spaS77	329	73074	147037	119731	0.37726517083647404
p431	spaS156	spaS78	308	86241	147037	158995	0.39237730389324404
p431	spaS156	spaS81	210	89823	147037	134212	0.469230929967716
p431	spaS156	spaS83	203	60228	147037	107875	0.3093628649503811
p431	spaS156	spaS96	161	52464	147037	98567	0.27163715439577507
p431	spaS158	spaS16	525	63615	138240	129944	0.3109708704642443
p431	spaS158	spaS186	77	109112	138240	165613	0.5602929018542577
p431	spaS158	spaS2	350	35773	138240	76273	0.20013986796464137
p431	spaS158	spaS204	182	82544	138240	131033	0.4420523860782203
p431	spaS158	spaS210	224	99762	138240	160732	0.5007881130465338
p431	spaS158	spaS211	294	102571	138240	174030	0.48913442601061524
p431	spaS158	spaS226	595	52406	138240	95829	0.2884792170117195
p431	spaS158	spaS229	588	51310	138240	88834	0.29192553651487224
p431	spaS158	spaS233	581	58471	138240	109898	0.30828241075147494
p431	spaS158	spaS236	574	52974	138240	96943	0.29073207141249885
p431	spaS158	spaS238	567	53209	138240	97065	0.29220301379492136
p431	spaS158	spaS242	287	34735	138240	68382	0.2020804365658834
p431	spaS158	spaS243	301	65362	138240	128705	0.32424361181250405
p431	spaS158	spaS244	280	67747	138240	108372	0.3787605177088866
p431	spaS158	spaS26	497	65047	138240	116793	0.3423778594212205
p431	spaS158	spaS3	231	67138	138240	133595	0.32798722013512654
p431	spaS158	spaS65	392	72396	138240	140258	0.35126296688047665
p431	spaS158	spaS66	385	66449	138240	122775	0.3415242128635013
p431	spaS158	spaS70	371	54325	138240	95664	0.30251310008408555
p431	spaS158	spaS77	336	68074	138240	119731	0.35847854363154763
p431	spaS158	spaS78	315	85294	138240	158995	0.4024421890997966
p431	spaS158	spaS81	217	81049	138240	134212	0.4234468634242932
p431	spaS158	spaS83	210	60153	138240	107875	0.323469310934492
p431	spaS158	spaS96	168	52931	138240	98567	0.28786247253583935
p431	spaS16	spaS186	602	67989	129944	165613	0.2987634465302679
p431	spaS16	spaS2	175	37060	129944	76273	0.21908641084909286
p431	spaS16	spaS204	707	61021	129944	131033	0.3051721378703315
p431	spaS16	spaS210	749	69861	129944	160732	0.3163779634535697
p431	spaS16	spaS211	819	68670	129944	174030	0.29183524291979734
p431	spaS16	spaS226	70	68612	129944	95829	0.43657141402765315
p431	spaS16	spaS229	63	75790	129944	88834	0.5300444792570006
p431	spaS16	spaS233	56	82491	129944	109898	0.5242483365215347
p431	spaS16	spaS236	49	78123	129944	96943	0.5251472130354118
p431	spaS16	spaS238	42	76312	129944	97065	0.5063936242924544
p431	spaS16	spaS242	238	34528	129944	68382	0.2107962246181272
p431	spaS16	spaS243	224	65648	129944	128705	0.34014331531960973
p431	spaS16	spaS244	245	63107	129944	108372	0.3601812692270374
p431	spaS16	spaS26	28	83235	129944	116793	0.5090763415738033
p431	spaS16	spaS3	294	68495	129944	133595	0.35117717027952666
p431	spaS16	spaS65	133	76116	129944	140258	0.392176663953093
p431	spaS16	spaS66	140	63589	129944	122775	0.33621847406545763
p431	spaS16	spaS70	154	52822	129944	95664	0.3057076383503293
p431	spaS16	spaS77	189	64477	129944	119731	0.3481517079018132
p431	spaS16	spaS78	210	81496	129944	158995	0.3928597253221367
p431	spaS16	spaS81	308	83147	129944	134212	0.45935284985829433
p431	spaS16	spaS83	315	51207	129944	107875	0.27440357533277604
p431	spaS16	spaS96	357	46492	129944	98567	0.2554238843197688
p431	spaS186	spaS2	427	36617	165613	76273	0.17838543569657375
p431	spaS186	spaS204	105	95945	165613	131033	0.4780494367242814
p431	spaS186	spaS210	147	113443	165613	160732	0.5328414012080676
p431	spaS186	spaS211	217	112387	165613	174030	0.49453919808497904
p431	spaS186	spaS226	672	58398	165613	95829	0.2876125371840586
p431	spaS186	spaS229	665	57474	165613	88834	0.29178618389322397
p431	spaS186	spaS233	658	63182	165613	109898	0.2975665123464058
p431	spaS186	spaS236	651	56329	165613	96943	0.27314076236380297
p431	spaS186	spaS238	644	58766	165613	97065	0.2881929459766958
p431	spaS186	spaS242	364	38829	165613	68382	0.19895371119969668
p431	spaS186	spaS243	378	70159	165613	128705	0.31298765608340506
p431	spaS186	spaS244	357	72097	165613	108372	0.35711384530036455
p431	spaS186	spaS26	574	67772	165613	116793	0.3157561243791757
p431	spaS186	spaS3	308	71642	165613	133595	0.3148185581325857
p431	spaS186	spaS65	469	74549	165613	140258	0.32227371369778923
p431	spaS186	spaS66	462	64778	165613	122775	0.2896918742453379
p431	spaS186	spaS70	448	52447	165613	95664	0.2511468658717617
p431	spaS186	spaS77	413	73281	165613	119731	0.34556240362533774
p431	spaS186	spaS78	392	89621	165613	158995	0.3813870554541315
p431	spaS186	spaS81	294	85392	165613	134212	0.39822228854700537
p431	spaS186	spaS83	287	63719	165613	107875	0.30375794326139705
p431	spaS186	spaS96	245	56891	165613	98567	0.27445257587233285
p431	spaS2	spaS204	532	28496	76273	131033	0.15936468877579554
p431	spaS2	spaS210	574	36350	76273	160732	0.18115671176895667
p431	spaS2	spaS211	644	37556	76273	174030	0.17652892872754963
p431	spaS2	spaS226	245	30968	76273	95829	0.21942267632179346
p431	spaS2	spaS229	238	25636	76273	88834	0.18380882047163927
p431	spaS2	spaS233	231	38055	76273	109898	0.25692700315968564
p431	spaS2	spaS236	224	34429	76273	96943	0.2480707847276762
p431	spaS2	spaS238	217	33408	76273	97065	0.23874794540127206
p431	spaS2	spaS242	63	49529	76273	68382	0.5206673254420453
p431	spaS2	spaS243	49	63216	76273	128705	0.44593050323782113
p431	spaS2	spaS244	70	49324	76273	108372	0.36449627182772815
p431	spaS2	spaS26	147	48834	76273	116793	0.3385795107881746
p431	spaS2	spaS3	119	60820	76273	133595	0.4080564650313993
p431	spaS2	spaS65	42	64480	76273	140258	0.4240682402614912
p431	spaS2	spaS66	35	64057	76273	122775	0.47452793149172906
p431	spaS2	spaS70	21	55648	76273	95664	0.47853193337288996
p431	spaS2	spaS77	14	64750	76273	119731	0.49331829887089157
p431	spaS2	spaS78	35	64228	76273	158995	0.37551449953227317
p431	spaS2	spaS81	133	38413	76273	134212	0.22323794690594634
p431	spaS2	spaS83	140	52262	76273	107875	0.3962664725596348
p431	spaS2	spaS96	182	47004	76273	98567	0.3676898526236741
p431	spaS204	spaS210	42	102033	131033	160732	0.5377743343242046
p431	spaS204	spaS211	112	108138	131033	174030	0.5491329186238416
p431	spaS204	spaS226	777	48547	131033	95829	0.2722541569694081
p431	spaS204	spaS229	770	52013	131033	88834	0.30987048268137785
p431	spaS204	spaS233	763	54591	131033	109898	0.29296447354298594
p431	spaS204	spaS236	756	49821	131033	96943	0.27964974320114505
p431	spaS204	spaS238	749	51702	131033	97065	0.29310188439647156
p431	spaS204	spaS242	469	35608	131033	68382	0.21737776773886341
p431	spaS204	spaS243	483	58446	131033	128705	0.2903543111499712
p431	spaS204	spaS244	462	65731	131033	108372	0.3784734617732073
p431	spaS204	spaS26	679	63176	131033	116793	0.34213918223666395
p431	spaS204	spaS3	413	63048	131033	133595	0.3127691239210239
p431	spaS204	spaS65	574	63146	131033	140258	0.3033750510461457
p431	spaS204	spaS66	567	53701	131033	122775	0.26836142663674933
p431	spaS204	spaS70	553	45863	131033	95664	0.25361934149551524
p431	spaS204	spaS77	518	62690	131033	119731	0.33332624392526344
p431	spaS204	spaS78	497	78611	131033	158995	0.37182913389178734
p431	spaS204	spaS81	399	73243	131033	134212	0.3814699846876595
p431	spaS204	spaS83	392	50297	131033	107875	0.26667055473964935
p431	spaS204	spaS96	350	43735	131033	98567	0.2353051946305114
p431	spaS210	spaS211	70	123018	160732	174030	0.5809751397914463
p431	spaS210	spaS226	819	50050	160732	95829	0.24235997113955188
p431	spaS210	spaS229	812	54616	160732	88834	0.2801538856116953
p431	spaS210	spaS233	805	61240	160732	109898	0.2924685992645303
p431	spaS210	spaS236	798	53204	160732	96943	0.2602031583940999
p431	spaS210	spaS238	791	54294	160732	97065	0.2667970496749434
p431	spaS210	spaS242	511	39614	160732	68382	0.20904485488126648
p431	spaS210	spaS243	525	75966	160732	128705	0.35586098345911155
p431	spaS210	spaS244	504	75442	160732	108372	0.3895549978829094
p431	spaS210	spaS26	721	72027	160732	116793	0.35049976155485696
p431	spaS210	spaS3	455	77583	160732	133595	0.35794762484774667
p431	spaS210	spaS65	616	75333	160732	140258	0.3338385248407982
p431	spaS210	spaS66	609	67105	160732	122775	0.3100941765787747
p431	spaS210	spaS70	595	56262	160732	95664	0.281121648495508
p431	spaS210	spaS77	560	74314	160732	119731	0.36048683233971546
p431	spaS210	spaS78	539	93959	160732	158995	0.41617501151624675
p431	spaS210	spaS81	441	82004	160732	134212	0.3851037851037851
p431	spaS210	spaS83	434	57527	160732	107875	0.272536479060072
p431	spaS210	spaS96	392	50481	160732	98567	0.24174640117231272
p431	spaS211	spaS226	889	52204	174030	95829	0.23984746502492477
p431	spaS211	spaS229	882	55111	174030	88834	0.2652717409616227
p431	spaS211	spaS233	875	60210	174030	109898	0.26913346266281657
p431	spaS211	spaS236	868	54936	174030	96943	0.2542897744367863
p431	spaS211	spaS238	861	54525	174030	97065	0.2517661726000831
p431	spaS211	spaS242	581	39269	174030	68382	0.19330717770240669
p431	spaS211	spaS243	595	71058	174030	128705	0.3067114991993163
p431	spaS211	spaS244	574	76040	174030	108372	0.36847869278258594
p431	spaS211	spaS26	791	71661	174030	116793	0.32697730445971473
p431	spaS211	spaS3	525	74238	174030	133595	0.3180896965126592
p431	spaS211	spaS65	686	74568	174030	140258	0.3110629067245119
p431	spaS211	spaS66	679	66090	174030	122775	0.28645731746960534
p431	spaS211	spaS70	665	56990	174030	95664	0.2679310215134647
p431	spaS211	spaS77	630	71870	174030	119731	0.323897769625627
p431	spaS211	spaS78	609	95371	174030	158995	0.4013018926674914
p431	spaS211	spaS81	511	86559	174030	134212	0.3904629583684811
p431	spaS211	spaS83	504	57700	174030	107875	0.25735376106688074
p431	spaS211	spaS96	462	51045	174030	98567	0.2303973784935365
p431	spaS226	spaS229	7	70019	95829	88834	0.6107515439098427
p431	spaS226	spaS233	14	77301	95829	109898	0.6019108280254777
p431	spaS226	spaS236	21	73481	95829	96943	0.6159810882631548
p431	spaS226	spaS238	28	70396	95829	97065	0.5746706068670508
p431	spaS226	spaS242	308	26133	95829	68382	0.18926259070959892
p431	spaS226	spaS243	294	54188	95829	128705	0.31810550291759127
p431	spaS226	spaS244	315	53665	95829	108372	0.35649279906467557
p431	spaS226	spaS26	98	64098	95829	116793	0.4315666154964854
p431	spaS226	spaS3	364	54281	95829	133595	0.3099238907635475
p431	spaS226	spaS65	203	56278	95829	140258	0.3129876702500987
p431	spaS226	spaS66	210	52112	95829	122775	0.3130000240251784
p431	spaS226	spaS70	224	42326	95829	95664	0.2837490865942199
p431	spaS226	spaS77	259	57484	95829	119731	0.3636478655836433
p431	spaS226	spaS78	280	67039	95829	158995	0.35699869531645234
p431	spaS226	spaS81	378	65915	95829	134212	0.40161217601111343
p431	spaS226	spaS83	385	39077	95829	107875	0.2373668960741555
p431	spaS226	spaS96	427	36798	95829	98567	0.23349281082247236
p431	spaS229	spaS233	7	75383	88834	109898	0.6111358827392196
p431	spaS229	spaS236	14	72045	88834	96943	0.6334628776421763
p431	spaS229	spaS238	21	68588	88834	97065	0.5846681044403338
p431	spaS229	spaS242	301	27881	88834	68382	0.21557196427881084
p431	spaS229	spaS243	287	50686	88834	128705	0.3037763780093855
p431	spaS229	spaS244	308	54749	88834	108372	0.38431947886028767
p431	spaS229	spaS26	91	66369	88834	116793	0.4765902138476784
p431	spaS229	spaS3	357	51342	88834	133595	0.30009293517333285
p431	spaS229	spaS65	196	55770	88834	140258	0.3217710388756188
p431	spaS229	spaS66	203	47194	88834	122775	0.28704193656296567
p431	spaS229	spaS70	217	42012	88834	95664	0.2948500203528768
p431	spaS229	spaS77	252	52541	88834	119731	0.3367494744398298
p431	spaS229	spaS78	273	65824	88834	158995	0.36166039394522126
p431	spaS229	spaS81	371	66294	88834	134212	0.42292283352046545
p431	spaS229	spaS83	378	33911	88834	107875	0.2083010847799113
p431	spaS229	spaS96	420	30661	88834	98567	0.1956169452596657
p431	spaS233	spaS236	7	81681	109898	96943	0.6526126558005753
p431	spaS233	spaS238	14	78309	109898	97065	0.6086790927604272
p431	spaS233	spaS242	294	31965	109898	68382	0.21846700611693948
p431	spaS233	spaS243	280	66586	109898	128705	0.3870896481161746
p431	spaS233	spaS244	301	57609	109898	108372	0.358574887496032
p431	spaS233	spaS26	84	77430	109898	116793	0.5187557365956278
p431	spaS233	spaS3	350	67619	109898	133595	0.38447411214846994
p431	spaS233	spaS65	189	70966	109898	140258	0.3960377253194933
p431	spaS233	spaS66	196	64297	109898	122775	0.3818655865444006
p431	spaS233	spaS70	210	50997	109898	95664	0.32993886067350303
p431	spaS233	spaS77	245	65963	109898	119731	0.4030342282453289
p431	spaS233	spaS78	266	76430	109898	158995	0.3971152896920447
p431	spaS233	spaS81	364	75681	109898	134212	0.44933473451721495
p431	spaS233	spaS83	371	48209	109898	107875	0.28431152839046026
p431	spaS233	spaS96	413	45877	109898	98567	0.2821671956109922
p431	spaS236	spaS238	7	73792	96943	97065	0.6138284421374859
p431	spaS236	spaS242	287	27238	96943	68382	0.19725245678449094
p431	spaS236	spaS243	273	56880	96943	128705	0.3370307167235495
p431	spaS236	spaS244	294	55117	96943	108372	0.3669622764617372
p431	spaS236	spaS26	77	69471	96943	116793	0.48155131182199423
p431	spaS236	spaS3	343	58491	96943	133595	0.3399710544211756
p431	spaS236	spaS65	182	61660	96943	140258	0.35125697130584876
p431	spaS236	spaS66	189	56834	96943	122775	0.34892316004027407
p431	spaS236	spaS70	203	45604	96943	95664	0.31022496139534567
p431	spaS236	spaS77	238	58989	96943	119731	0.37409392142562703
p431	spaS236	spaS78	259	68861	96943	158995	0.36808907562126825
p431	spaS236	spaS81	357	68202	96943	134212	0.41853786061011455
p431	spaS236	spaS83	364	39163	96943	107875	0.23641302707434125
p431	spaS236	spaS96	406	37429	96943	98567	0.23677102245051587
p431	spaS238	spaS242	280	30468	97065	68382	0.22572400151134622
p431	spaS238	spaS243	266	54857	97065	128705	0.32096446730207767
p431	spaS238	spaS244	287	58380	97065	108372	0.396988922662641
p431	spaS238	spaS26	70	65625	97065	116793	0.4427151848778612
p431	spaS238	spaS3	336	55683	97065	133595	0.31823039599490216
p431	spaS238	spaS65	175	58113	97065	140258	0.3242731990402321
p431	spaS238	spaS66	182	52707	97065	122775	0.315359623772684
p431	spaS238	spaS70	196	45270	97065	95664	0.30700058999450697
p431	spaS238	spaS77	231	57147	97065	119731	0.35795401161297596
p431	spaS238	spaS78	252	66710	97065	158995	0.3523105360443623
p431	spaS238	spaS81	350	63689	97065	134212	0.38003317659975655
p431	spaS238	spaS83	357	38819	97065	107875	0.23367906525966012
p431	spaS238	spaS96	399	35397	97065	98567	0.2209067931475645
p431	spaS242	spaS243	14	54778	68382	128705	0.3849229493566816
p431	spaS242	spaS244	7	52849	68382	108372	0.4265283886848795
p431	spaS242	spaS26	210	42991	68382	116793	0.30236172846452486
p431	spaS242	spaS3	56	50746	68382	133595	0.3355528959009727
p431	spaS242	spaS65	105	55545	68382	140258	0.36281393905744797
p431	spaS242	spaS66	98	48378	68382	122775	0.3388313407433866
p431	spaS242	spaS70	84	47490	68382	95664	0.4074436322454443
p431	spaS242	spaS77	49	54500	68382	119731	0.4078944414091443
p431	spaS242	spaS78	28	57191	68382	158995	0.33604996885760285
p431	spaS242	spaS81	70	33976	68382	134212	0.20149687459227367
p431	spaS242	spaS83	77	44751	68382	107875	0.34029626024668075
p431	spaS242	spaS96	119	39350	68382	98567	0.30838799677113454
p431	spaS243	spaS244	21	77067	128705	108372	0.48163864758452596
p431	spaS243	spaS26	196	76367	128705	116793	0.45152574040240995
p431	spaS243	spaS3	70	92002	128705	133595	0.5402412242069784
p431	spaS243	spaS65	91	92165	128705	140258	0.521301145940565
p431	spaS243	spaS66	84	86609	128705	122775	0.5253137301284034
p431	spaS243	spaS70	70	76794	128705	95664	0.5203726918516008
p431	spaS243	spaS77	35	91647	128705	119731	0.5845244245450892
p431	spaS243	spaS78	14	101273	128705	158995	0.5432313988853545
p431	spaS243	spaS81	84	73424	128705	134212	0.38747605452444156
p431	spaS243	spaS83	91	67126	128705	107875	0.3961311034262986
p431	spaS243	spaS96	133	56232	128705	98567	0.3287652011225444
p431	spaS244	spaS26	217	70103	108372	116793	0.4520965807225497
p431	spaS244	spaS3	49	68549	108372	133595	0.395281919985238
p431	spaS244	spaS65	112	76214	108372	140258	0.4420355419450631
p431	spaS244	spaS66	105	71071	108372	122775	0.44398285814238236
p431	spaS244	spaS70	91	62441	108372	95664	0.4409830855609308
p431	spaS244	spaS77	56	80407	108372	119731	0.544408785613693
p431	spaS244	spaS78	35	92478	108372	158995	0.5287811125914151
p431	spaS244	spaS81	63	65735	108372	134212	0.3717012818845456
p431	spaS244	spaS83	70	46589	108372	107875	0.27460538259321693
p431	spaS244	spaS96	112	38136	108372	98567	0.22592015544747426
p431	spaS26	spaS3	266	78749	116793	133595	0.4588059823233647
p431	spaS26	spaS65	105	82524	116793	140258	0.47284374337495055
p431	spaS26	spaS66	112	73207	116793	122775	0.4400490499576223
p431	spaS26	spaS70	126	63674	116793	95664	0.427965560581518
p431	spaS26	spaS77	161	76407	116793	119731	0.47719480130154823
p431	spaS26	spaS78	182	87789	116793	158995	0.4669652498151586
p431	spaS26	spaS81	280	79306	116793	134212	0.46188970232791104
p431	spaS26	spaS83	287	54970	116793	107875	0.32392839043477234
p431	spaS26	spaS96	329	48329	116793	98567	0.28934149948213206
p431	spaS3	spaS65	161	93725	133595	140258	0.520324435956653
p431	spaS3	spaS66	154	86833	133595	122775	0.5121772828350154
p431	spaS3	spaS70	140	72172	133595	95664	0.4594396735566915
p431	spaS3	spaS77	105	92150	133595	119731	0.5717352459423239
p431	spaS3	spaS78	84	95559	133595	158995	0.48499474701950457
p431	spaS3	spaS81	14	80968	133595	134212	0.4333570614272181
p431	spaS3	spaS83	21	75634	133595	107875	0.4560770882076268
p431	spaS3	spaS96	63	66485	133595	98567	0.401292877104245
p431	spaS65	spaS66	7	98236	140258	122775	0.5961030844008083
p431	spaS65	spaS70	21	81392	140258	95664	0.5267067883258915
p431	spaS65	spaS77	56	91265	140258	119731	0.5409129702946824
p431	spaS65	spaS78	77	109821	140258	158995	0.5797383757760041
p431	spaS65	spaS81	175	78577	140258	134212	0.4011220411142818
p431	spaS65	spaS83	182	73190	140258	107875	0.41836483883321995
p431	spaS65	spaS96	224	62295	140258	98567	0.3528861949810231
p431	spaS66	spaS70	14	78026	122775	95664	0.5556892880288862
p431	spaS66	spaS77	49	88624	122775	119731	0.5759218102182192
p431	spaS66	spaS78	70	96382	122775	158995	0.5198934127343733
p431	spaS66	spaS81	168	69610	122775	134212	0.3714970353885482
p431	spaS66	spaS83	175	65901	122775	107875	0.4000084977754038
p431	spaS66	spaS96	217	58604	122775	98567	0.36011257358453463
p431	spaS70	spaS77	35	74796	95664	119731	0.5319810240471127
p431	spaS70	spaS78	56	81504	95664	158995	0.47069966215240683
p431	spaS70	spaS81	154	56841	95664	134212	0.328494235270321
p431	spaS70	spaS83	161	54447	95664	107875	0.365190620556435
p431	spaS70	spaS96	203	45732	95664	98567	0.30796166977555406
p431	spaS77	spaS78	21	101040	119731	158995	0.5686435622390059
p431	spaS77	spaS81	119	73159	119731	134212	0.40467629878750333
p431	spaS77	spaS83	126	68031	119731	107875	0.42632617891273694
p431	spaS77	spaS96	168	59159	119731	98567	0.37174419846800594
p431	spaS78	spaS81	98	93134	158995	134212	0.4655000924662498
p431	spaS78	spaS83	105	71542	158995	107875	0.3662659731323722
p431	spaS78	spaS96	147	59562	158995	98567	0.3008181818181818
p431	spaS81	spaS83	7	67289	134212	107875	0.38495291708143115
p431	spaS81	spaS96	49	62302	134212	98567	0.36545692380790373
p431	spaS83	spaS96	42	75165	107875	98567	0.5725679288832012
p470	spaS120	spaS13	434	36861	62363	76511	0.3613363002754551
p470	spaS120	spaS14	427	33784	62363	103649	0.2554980790755362
p470	spaS120	spaS143	77	44599	62363	77938	0.4660195189233245
p470	spaS120	spaS151	91	39853	62363	71375	0.42448740480374925
p470	spaS120	spaS17	420	29393	62363	93613	0.23220337644075428
p470	spaS120	spaS21	406	24365	62363	78878	0.20846880454498784
p470	spaS120	spaS230	483	34885	62363	107484	0.25848016478712527
p470	spaS120	spaS234	476	29080	62363	96081	0.22479205961473053
p470	spaS120	spaS38	371	23517	62363	94847	0.17590300165304093
p470	spaS120	spaS45	364	24780	62363	81549	0.20800456636336165
p470	spaS120	spaS56	322	15682	62363	50609	0.16118820022612806
p470	spaS120	spaS60	301	23863	62363	75769	0.20883179164952875
p470	spaS120	spaS64	287	23814	62363	64178	0.23181831456189705
p470	spaS120	spaS8	448	25961	62363	81052	0.2210312122192518
p470	spaS13	spaS14	7	62043	76511	103649	0.5252673196914923
p470	spaS13	spaS143	511	35627	76511	77938	0.299835047381798
p470	spaS13	spaS151	525	33331	76511	71375	0.2909606739120946
p470	spaS13	spaS17	14	54246	76511	93613	0.468130274944338
p470	spaS13	spaS21	28	41301	76511	78878	0.36201002734731086
p470	spaS13	spaS230	49	57117	76511	107484	0.4501726067560964
p470	spaS13	spaS234	42	49904	76511	96081	0.40675534689619197
p470	spaS13	spaS38	63	44521	76511	94847	0.3510095634554586
p470	spaS13	spaS45	70	44697	76511	81549	0.39428208498363665
p470	spaS13	spaS56	112	27099	76511	50609	0.2709331040481499
p470	spaS13	spaS60	133	41497	76511	75769	0.37457913217731964
p470	spaS13	spaS64	147	38016	76511	64178	0.37026287339417374
p470	spaS13	spaS8	14	44199	76511	81052	0.38988567799301366
p470	spaS14	spaS143	504	32762	103649	77938	0.22013774567444985
p470	spaS14	spaS151	518	32683	103649	71375	0.2296105830365109
p470	spaS14	spaS17	7	74179	103649	93613	0.6026746179407392
p470	spaS14	spaS21	21	59263	103649	78878	0.48078108774662515
p470	spaS14	spaS230	56	62818	103649	107484	0.42354448302599196
p470	spaS14	spaS234	49	57735	103649	96081	0.4065988239022501
p470	spaS14	spaS38	56	66234	103649	94847	0.5007787573150262
p470	spaS14	spaS45	63	59812	103649	81549	0.4770229531207631
p470	spaS14	spaS56	105	25235	103649	50609	0.19558528324407276
p470	spaS14	spaS60	126	41742	103649	75769	0.3031900984921119
p470	spaS14	spaS64	140	37206	103649	64178	0.2848393443626982
p470	spaS14	spaS8	21	56979	103649	81052	0.4461173486165265
p470	spaS143	spaS151	14	48758	77938	71375	0.48488886678931925
p470	spaS143	spaS17	497	29111	77938	93613	0.20437377141252458
p470	spaS143	spaS21	483	27471	77938	78878	0.21238548069117477
p470	spaS143	spaS230	560	37756	77938	107484	0.2556851272466241
p470	spaS143	spaS234	553	35912	77938	96081	0.260030266387656
p470	spaS143	spaS38	448	28510	77938	94847	0.19760873332178133
p470	spaS143	spaS45	441	26629	77938	81549	0.20043204022339642
p470	spaS143	spaS56	399	17582	77938	50609	0.15844635695940162
p470	spaS143	spaS60	378	30404	77938	75769	0.24657956416307794
p470	spaS143	spaS64	364	26291	77938	64178	0.22698899201381395
p470	spaS143	spaS8	525	31509	77938	81052	0.2471662443815157
p470	spaS151	spaS17	511	30379	71375	93613	0.22568327526391252
p470	spaS151	spaS21	497	25896	71375	78878	0.20823918235402913
p470	spaS151	spaS230	574	34538	71375	107484	0.23931375198342583
p470	spaS151	spaS234	567	29965	71375	96081	0.21794153799157764
p470	spaS151	spaS38	462	28994	71375	94847	0.21128341154866354
p470	spaS151	spaS45	455	29159	71375	81549	0.23559972528582393
p470	spaS151	spaS56	413	18875	71375	50609	0.18305870486572462
p470	spaS151	spaS60	392	30704	71375	75769	0.2636894537959464
p470	spaS151	spaS64	378	29046	71375	64178	0.27271446947149014
p470	spaS151	spaS8	539	29171	71375	81052	0.23667002012072436
p470	spaS17	spaS21	14	60360	93613	78878	0.5382989539021323
p470	spaS17	spaS230	63	58956	93613	107484	0.4147712482675653
p470	spaS17	spaS234	56	57521	93613	96081	0.4351947825955377
p470	spaS17	spaS38	49	66987	93613	94847	0.551455879084241
p470	spaS17	spaS45	56	58922	93613	81549	0.5068995182381281
p470	spaS17	spaS56	98	25338	93613	50609	0.21313212879781973
p470	spaS17	spaS60	119	41466	93613	75769	0.3241658588448669
p470	spaS17	spaS64	133	34716	93613	64178	0.2820719073735527
p470	spaS17	spaS8	28	57232	93613	81052	0.48735874924424993
p470	spaS21	spaS230	77	47706	78878	107484	0.3440601200092315
p470	spaS21	spaS234	70	48961	78878	96081	0.38858553310370003
p470	spaS21	spaS38	35	66688	78878	94847	0.6230368937843923
p470	spaS21	spaS45	42	56013	78878	81549	0.5364510506253951
p470	spaS21	spaS56	84	18936	78878	50609	0.171287460086295
p470	spaS21	spaS60	105	36603	78878	75769	0.3100792924672156
p470	spaS21	spaS64	119	26194	78878	64178	0.22414471770122024
p470	spaS21	spaS8	42	48926	78878	81052	0.4407588915714749
p470	spaS230	spaS234	7	83021	107484	96081	0.6887194717281656
p470	spaS230	spaS38	112	55521	107484	94847	0.3781826851031946
p470	spaS230	spaS45	119	45548	107484	81549	0.31744084747534584
p470	spaS230	spaS56	161	26566	107484	50609	0.20198134223391395
p470	spaS230	spaS60	182	42330	107484	75769	0.3003768015157213
p470	spaS230	spaS64	196	40831	107484	64178	0.31208964236304854
p470	spaS230	spaS8	35	58154	107484	81052	0.4460278259268918
p470	spaS234	spaS38	105	57306	96081	94847	0.4288665040187993
p470	spaS234	spaS45	112	46799	96081	81549	0.3577057425227966
p470	spaS234	spaS56	154	23965	96081	50609	0.1952739865553066
p470	spaS234	spaS60	175	38494	96081	75769	0.2886559284921563
p470	spaS234	spaS64	189	33546	96081	64178	0.26474000299890305
p470	spaS234	spaS8	28	58255	96081	81052	0.49004020929019665
p470	spaS38	spaS45	7	64939	94847	81549	0.5826372502400029
p470	spaS38	spaS56	49	24808	94847	50609	0.2056229692991181
p470	spaS38	spaS60	70	42760	94847	75769	0.33443874358653486
p470	spaS38	spaS64	84	29876	94847	64178	0.23132970444989895
p470	spaS38	spaS8	77	52155	94847	81052	0.42147498060512023
p470	spaS45	spaS56	42	20526	81549	50609	0.18387200802637238
p470	spaS45	spaS60	63	37876	81549	75769	0.31710788499857673
p470	spaS45	spaS64	77	26966	81549	64178	0.22706107223751906
p470	spaS45	spaS8	84	49272	81549	81052	0.434769564718651
p470	spaS56	spaS60	21	37213	50609	75769	0.41734985700667304
p470	spaS56	spaS64	35	30881	50609	64178	0.368042809810979
p470	spaS56	spaS8	126	18075	50609	81052	0.15913052664941102
p470	spaS60	spaS64	14	47982	75769	64178	0.521741967052683
p470	spaS60	spaS8	147	32283	75769	81052	0.2592220848255151
p470	spaS64	spaS8	161	27874	64178	81052	0.2375166161082518
p523	spaS231	spaS237	14	117963	201812	143157	0.5196470577870188
p523	spaS231	spaS239	21	97150	201812	113489	0.44533373672364557
p523	spaS231	spaS245	224	63957	201812	93155	0.27685814466906195
p523	spaS231	spaS32	98	147424	201812	197176	0.5860297975863001
p523	spaS231	spaS5	301	130744	201812	199642	0.4829670126703853
p523	spaS231	spaS50	147	113520	201812	164353	0.4493261295493677
p523	spaS231	spaS52	154	138297	201812	204940	0.5151589651896966
p523	spaS231	spaS67	203	87078	201812	131207	0.354060526711691
p523	spaS237	spaS239	7	93121	143157	113489	0.5694603271670998
p523	spaS237	spaS245	210	58841	143157	93155	0.3315527607327394
p523	spaS237	spaS32	84	113416	143157	197176	0.49981270684875967
p523	spaS237	spaS5	287	101919	143157	199642	0.42311109266024577
p523	spaS237	spaS50	133	98146	143157	164353	0.4687816434535068
p523	spaS237	spaS52	140	118542	143157	204940	0.5163991200365925
p523	spaS237	spaS67	189	79636	143157	131207	0.4089601906248716
p523	spaS239	spaS245	203	57258	113489	93155	0.3832889293508093
p523	spaS239	spaS32	77	92583	113489	197176	0.42453297383552974
p523	spaS239	spaS5	280	84634	113489	199642	0.37039435966336537
p523	spaS239	spaS50	126	85393	113489	164353	0.44371755633960164
p523	spaS239	spaS52	133	95753	113489	204940	0.43001041872496365
p523	spaS239	spaS67	182	75711	113489	131207	0.4480338491582093
p523	spaS245	spaS32	126	66146	93155	197176	0.29505096237482437
p523	spaS245	spaS5	77	69605	93155	199642	0.3118615362557798
p523	spaS245	spaS50	77	73105	93155	164353	0.3964414895636188
p523	spaS245	spaS52	70	74599	93155	204940	0.3337822600851917
p523	spaS245	spaS67	21	74262	93155	131207	0.4947501665556296
p523	spaS32	spaS5	203	133574	197176	199642	0.5074151737551473
p523	spaS32	spaS50	49	118386	197176	164353	0.4868986563462654
p523	spaS32	spaS52	56	141166	197176	204940	0.540969534393562
p523	spaS32	spaS67	105	91438	197176	131207	0.38590390174935113
p523	spaS5	spaS50	154	119155	199642	164353	0.4866647606600229
p523	spaS5	spaS52	147	144975	199642	204940	0.5584402577742511
p523	spaS5	spaS67	98	97743	199642	131207	0.4193070963424365
p523	spaS50	spaS52	7	131143	164353	204940	0.5506739449926517
p523	spaS50	spaS67	56	101395	164353	131207	0.5222104910771767
p523	spaS52	spaS67	49	106250	204940	131207	0.462163490606663
p550	spaS254	spaS255	7	45374	154200	60763	0.2675527304247327
p550	spaS254	spaS256	14	98594	154200	123699	0.5498675441287192
p550	spaS254	spaS33	91	39501	154200	69704	0.21421018096234876
p550	spaS254	spaS47	140	28936	154200	71578	0.1470011481289562
p550	spaS254	spaS53	147	51842	154200	120727	0.23238675841047135
p550	spaS254	spaS58	154	65535	154200	104534	0.3392098302786246
p550	spaS255	spaS256	7	50342	60763	123699	0.37535043244855354
p550	spaS255	spaS33	84	36265	60763	69704	0.3849705951041379
p550	spaS255	spaS47	133	23477	60763	71578	0.2156543944738389
p550	spaS255	spaS53	140	35187	60763	120727	0.24050771344401686
p550	spaS255	spaS58	147	36855	60763	104534	0.286938851777456
p550	spaS256	spaS33	77	39428	123699	69704	0.25606754343237537
p550	spaS256	spaS47	126	30454	123699	71578	0.18476790253787395
p550	spaS256	spaS53	133	52070	123699	120727	0.2706960011645075
p550	spaS256	spaS58	140	57399	123699	104534	0.33599283514991163
p550	spaS33	spaS47	49	30651	69704	71578	0.2770561596659164
p550	spaS33	spaS53	56	45074	69704	120727	0.31009170524983315
p550	spaS33	spaS58	63	46417	69704	104534	0.36314064199153506
p550	spaS47	spaS53	7	60211	71578	120727	0.4558193407724802
p550	spaS47	spaS58	14	45229	71578	104534	0.34556817921349603
p550	spaS53	spaS58	7	63153	120727	104534	0.38957361758827447
p584	spaS264	spaS265	7	18064	112625	27166	0.1483976439080894
p584	spaS264	spaS266	28	91274	112625	149466	0.5343379171862286
p584	spaS264	spaS275	70	76622	112625	126349	0.47194983739036167
p584	spaS264	spaS276	77	72184	112625	125297	0.43553077749218644
p584	spaS264	spaS277	105	75630	112625	146603	0.4119325918582991
p584	spaS265	spaS266	21	16885	27166	149466	0.10569838557218601
p584	spaS265	spaS275	63	16323	27166	126349	0.11897924077205668
p584	spaS265	spaS276	70	14410	27166	125297	0.10438020180655255
p584	spaS265	spaS277	98	14695	27166	146603	0.09237838993172989
p584	spaS266	spaS275	42	86282	149466	126349	0.45523470846765474
p584	spaS266	spaS276	49	87638	149466	125297	0.4683393453573814
p584	spaS266	spaS277	77	89299	149466	146603	0.4318759974851284
p584	spaS275	spaS276	7	99624	126349	125297	0.6553262027864388
p584	spaS275	spaS277	35	96154	126349	146603	0.5438636183667236
p584	spaS276	spaS277	28	103929	125297	146603	0.6187318048948925
p601	spaS108	spaS116	28	53763	98989	82859	0.4197447007846352
p601	spaS108	spaS124	42	78457	98989	117362	0.5689660173756653
p601	spaS108	spaS131	77	60913	98989	82718	0.5042717353510936
p601	spaS108	spaS140	105	71141	98989	116044	0.49440552636699747
p601	spaS108	spaS144	112	63051	98989	102286	0.45615088551915733
p601	spaS108	spaS159	140	59818	98989	106525	0.4105672084339996
p601	spaS108	spaS161	154	65744	98989	127735	0.4083985588271835
p601	spaS108	spaS164	168	50763	98989	113380	0.31411581253171295
p601	spaS108	spaS168	182	57841	98989	144542	0.31149227206634716
p601	spaS108	spaS178	196	53195	98989	134340	0.29530793742436184
p601	spaS108	spaS219	560	29056	98989	110240	0.16126722649897599
p601	spaS108	spaS6	91	68306	98989	112222	0.47798187607151604
p601	spaS116	spaS124	14	61654	82859	117362	0.44493999292760905
p601	spaS116	spaS131	49	52501	82859	82718	0.46429834801372527
p601	spaS116	spaS140	77	59661	82859	116044	0.4284698582324299
p601	spaS116	spaS144	84	51497	82859	102286	0.3853181491679636
p601	spaS116	spaS159	112	47760	82859	106525	0.3372309778003728
p601	spaS116	spaS161	126	47048	82859	127735	0.2876744157607034
p601	spaS116	spaS164	140	35214	82859	113380	0.21868653935724267
p601	spaS116	spaS168	154	40314	82859	144542	0.21548263642048887
p601	spaS116	spaS178	168	33838	82859	134340	0.1845430598655112
p601	spaS116	spaS219	532	23347	82859	110240	0.1375359347754371
p601	spaS116	spaS6	63	56340	82859	112222	0.4060803944039613
p601	spaS124	spaS131	35	68305	117362	82718	0.5183456649592108
p601	spaS124	spaS140	63	84179	117362	116044	0.5641003303691691
p601	spaS124	spaS144	70	74279	117362	102286	0.5109686384304769
p601	spaS124	spaS159	98	64924	117362	106525	0.40842208564257093
p601	spaS124	spaS161	112	69342	117362	127735	0.39453785098574723
p601	spaS124	spaS164	126	55161	117362	113380	0.3141626941411656
p601	spaS124	spaS168	140	62942	117362	144542	0.31635186618550276
p601	spaS124	spaS178	154	54948	117362	134340	0.2792725942039298
p601	spaS124	spaS219	518	30875	117362	110240	0.1569433783873083
p601	spaS124	spaS6	49	84774	117362	112222	0.5854153718665838
p601	spaS131	spaS140	28	64632	82718	116044	0.4818608812346231
p601	spaS131	spaS144	35	61054	82718	102286	0.49256958450988303
p601	spaS131	spaS159	63	55100	82718	106525	0.41075568609618096
p601	spaS131	spaS161	77	56859	82718	127735	0.37019024180632054
p601	spaS131	spaS164	91	42974	82718	113380	0.2806483634178836
p601	spaS131	spaS168	105	47651	82718	144542	0.26530407718989585
p601	spaS131	spaS178	119	41596	82718	134340	0.23706557545223467
p601	spaS131	spaS219	483	26742	82718	110240	0.16088703855224526
p601	spaS131	spaS6	14	68551	82718	112222	0.5423810616430227
p601	spaS140	spaS144	7	78493	116044	102286	0.5613178200333245
p601	spaS140	spaS159	35	67339	116044	106525	0.43380145590414226
p601	spaS140	spaS161	49	71591	116044	127735	0.41577229539805327
p601	spaS140	spaS164	63	53931	116044	113380	0.3073114027340122
p601	spaS140	spaS168	77	68297	116044	144542	0.35517892339135365
p601	spaS140	spaS178	91	56649	116044	134340	0.2924045732572844
p601	spaS140	spaS219	455	30910	116044	110240	0.15820938302947168
p601	spaS140	spaS6	14	80620	116044	112222	0.546035788304458
p601	spaS144	spaS159	28	70368	102286	106525	0.5082813865634233
p601	spaS144	spaS161	42	72985	102286	127735	0.4647660409078173
p601	spaS144	spaS164	56	59190	102286	113380	0.3782688719036785
p601	spaS144	spaS168	70	67889	102286	144542	0.3793974482924348
p601	spaS144	spaS178	84	58666	102286	134340	0.32965835019105416
p601	spaS144	spaS219	448	35811	102286	110240	0.20264833206009678
p601	spaS144	spaS6	21	70917	102286	112222	0.49388192853312535
p601	spaS159	spaS161	14	89217	106525	127735	0.6151072440586585
p601	spaS159	spaS164	28	66602	106525	113380	0.4344468144785164
p601	spaS159	spaS168	42	78466	106525	144542	0.4546091853465507
p601	spaS159	spaS178	56	70179	106525	134340	0.4111585015759933
p601	spaS159	spaS219	420	40846	106525	110240	0.23218640397000892
p601	spaS159	spaS6	49	66114	106525	112222	0.43315665681733306
p601	spaS161	spaS164	14	73234	127735	113380	0.43622565984238837
p601	spaS161	spaS168	28	93828	127735	144542	0.5257972866197065
p601	spaS161	spaS178	42	85762	127735	134340	0.4864190388683761
p601	spaS161	spaS219	406	41290	127735	110240	0.2099295828354984
p601	spaS161	spaS6	63	70167	127735	112222	0.4132575534483774
p601	spaS164	spaS168	14	102357	113380	144542	0.6579693375759329
p601	spaS164	spaS178	28	95450	113380	134340	0.62684704800683
p601	spaS164	spaS219	392	60863	113380	110240	0.3739501219609602
p601	spaS164	spaS6	77	50627	113380	112222	0.28933847692527503
p601	spaS168	spaS178	14	114364	144542	134340	0.6951458199102833
p601	spaS168	spaS219	378	61290	144542	110240	0.3167572819548095
p601	spaS168	spaS6	91	62201	144542	112222	0.31969593396483403
p601	spaS178	spaS219	364	61533	134340	110240	0.33615956557605425
p601	spaS178	spaS6	105	54059	134340	112222	0.2808215975854922
p601	spaS219	spaS6	469	30196	110240	112222	0.15705324914441451
p644	spaS101	spaS105	14	44752	55281	77956	0.5057580380855512
p644	spaS101	spaS112	42	46293	55281	60925	0.6621515311887631
p644	spaS101	spaS145	133	36435	55281	118423	0.2654277367796079
p644	spaS101	spaS152	147	40611	55281	113489	0.3168798133568458
p644	spaS101	spaS173	210	41288	55281	151854	0.24895234764572166
p644	spaS101	spaS179	217	36475	55281	127882	0.24865701352530542
p644	spaS101	spaS182	224	28318	55281	105222	0.214230056360404
p644	spaS101	spaS246	70	38399	55281	57934	0.5132458297690333
p644	spaS101	spaS80	63	41739	55281	94328	0.38693798090293874
p644	spaS101	spaS84	49	36942	55281	73125	0.40389661506166363
p644	spaS101	spaS86	42	39670	55281	67162	0.4792625614632791
p644	spaS101	spaS87	28	37222	55281	66388	0.44077350290714884
p644	spaS101	spaS94	7	51330	55281	106108	0.4663862110322645
p644	spaS105	spaS112	28	45615	77956	60925	0.48908498273754636
p644	spaS105	spaS145	119	49459	77956	118423	0.3366389872039205
p644	spaS105	spaS152	133	51501	77956	113489	0.36801149031040986
p644	spaS105	spaS173	196	52375	77956	151854	0.2951785160763096
p644	spaS105	spaS179	203	48012	77956	127882	0.3042084320707615
p644	spaS105	spaS182	210	38314	77956	105222	0.26448254914954716
p644	spaS105	spaS246	84	44609	77956	57934	0.48869972940699596
p644	spaS105	spaS80	77	54331	77956	94328	0.460615668952888
p644	spaS105	spaS84	63	51413	77956	73125	0.5158425974234458
p644	spaS105	spaS86	56	44433	77956	67162	0.4413070467299002
p644	spaS105	spaS87	42	42682	77956	66388	0.4198422222659401
p644	spaS105	spaS94	21	63563	77956	106108	0.5274893984282288
p644	spaS112	spaS145	91	42483	60925	118423	0.3104007598728674
p644	spaS112	spaS152	105	43651	60925	113489	0.3338176701360477
p644	spaS112	spaS173	168	43048	60925	151854	0.25362485344456814
p644	spaS112	spaS179	175	40458	60925	127882	0.27272175747730015
p644	spaS112	spaS182	182	32032	60925	105222	0.23883980166275212
p644	spaS112	spaS246	112	40319	60925	57934	0.5133562515915457
p644	spaS112	spaS80	105	45910	60925	94328	0.41987141380792553
p644	spaS112	spaS84	91	40824	60925	73125	0.4379035891274966
p644	spaS112	spaS86	84	45265	60925	67162	0.5465335297384752
p644	spaS112	spaS87	70	41399	60925	66388	0.4818655865167493
p644	spaS112	spaS94	49	56387	60925	106108	0.5096162536377276
p644	spaS145	spaS152	14	85959	118423	113489	0.5889498674230745
p644	spaS145	spaS173	77	87192	118423	151854	0.4762378130376601
p644	spaS145	spaS179	84	88931	118423	127882	0.5650933445168833
p644	spaS145	spaS182	91	78887	118423	105222	0.5449577916246425
p644	spaS145	spaS246	203	36462	118423	57934	0.26063833589477825
p644	spaS145	spaS80	196	46608	118423	94328	0.2805294234484751
p644	spaS145	spaS84	182	45227	118423	73125	0.3090943883653064
p644	spaS145	spaS86	175	41905	118423	67162	0.29165506681514475
p644	spaS145	spaS87	161	37143	118423	66388	0.25153046022157816
p644	spaS145	spaS94	140	57949	118423	106108	0.34787071832490907
p644	spaS152	spaS173	63	89847	113489	151854	0.5119603865615171
p644	spaS152	spaS179	70	85946	113489	127882	0.5529741032652404
p644	spaS152	spaS182	77	73332	113489	105222	0.504419482868915
p644	spaS152	spaS246	217	41488	113489	57934	0.3192981105937584
p644	spaS152	spaS80	210	53054	113489	94328	0.34280803551236405
p644	spaS152	spaS84	196	49421	113489	73125	0.3602297493312341
p644	spaS152	spaS86	189	46724	113489	67162	0.348876626819088
p644	spaS152	spaS87	175	40917	113489	66388	0.2944516407599309
p644	spaS152	spaS94	154	55340	113489	106108	0.3369110601070274
p644	spaS173	spaS179	7	92273	151854	127882	0.4922197980401466
p644	spaS173	spaS182	14	76762	151854	105222	0.4257129230120789
p644	spaS173	spaS246	280	36569	151854	57934	0.2111142542099885
p644	spaS173	spaS80	273	50144	151854	94328	0.2557871433089503
p644	spaS173	spaS84	259	49819	151854	73125	0.2844199588947248
p644	spaS173	spaS86	252	41664	151854	67162	0.2349226397221345
p644	spaS173	spaS87	238	36063	151854	66388	0.19795366095982522
p644	spaS173	spaS94	217	58222	151854	106108	0.2914889356163012
p644	spaS179	spaS182	7	86770	127882	105222	0.5929585742206186
p644	spaS179	spaS246	287	36683	127882	57934	0.24597506923350299
p644	spaS179	spaS80	280	48495	127882	94328	0.27916414817373286
p644	spaS179	spaS84	266	46063	127882	73125	0.2972880524576621
p644	spaS179	spaS86	259	41625	127882	67162	0.2713158083418612
p644	spaS179	spaS87	245	37707	127882	66388	0.24084234461526668
p644	spaS179	spaS94	224	52286	127882	106108	0.2877537093294589
p644	spaS182	spaS246	294	29809	105222	57934	0.22354458667986532
p644	spaS182	spaS80	287	38350	105222	94328	0.23790322580645162
p644	spaS182	spaS84	273	40332	105222	73125	0.29222910553200737
p644	spaS182	spaS86	266	35303	105222	67162	0.257533866837855
p644	spaS182	spaS87	252	32389	105222	66388	0.232644500470475
p644	spaS182	spaS94	231	40267	105222	106108	0.23539280849745414
p644	spaS246	spaS80	7	50838	57934	94328	0.5012423095125415
p644	spaS246	spaS84	21	43920	57934	73125	0.504022309184177
p644	spaS246	spaS86	28	42839	57934	67162	0.5207945828318562
p644	spaS246	spaS87	42	39295	57934	66388	0.4621473179107813
p644	spaS246	spaS94	63	49349	57934	106108	0.43027037395481854
p644	spaS80	spaS84	14	59103	94328	73125	0.5454822335025381
p644	spaS80	spaS86	21	52646	94328	67162	0.48368306934695526
p644	spaS80	spaS87	35	46623	94328	66388	0.40864031973916015
p644	spaS80	spaS94	56	64028	94328	106108	0.46938595976775555
p644	spaS84	spaS86	7	49030	73125	67162	0.5372738529647041
p644	spaS84	spaS87	21	39082	73125	66388	0.38914279455546597
p644	spaS84	spaS94	42	52006	73125	106108	0.40876543500986423
p644	spaS86	spaS87	14	46392	67162	66388	0.5322747194749765
p644	spaS86	spaS94	35	55782	67162	106108	0.4747889146125562
p644	spaS87	spaS94	21	52856	66388	106108	0.4417920427950518
p654	spaS278	spaS279	7	88021	116126	111098	0.6323211425041126
p654	spaS278	spaS280	14	86982	116126	111473	0.618573856646067
p654	spaS278	spaS281	35	79026	116126	109107	0.5405076364332762
p654	spaS278	spaS283	56	67437	116126	93020	0.4758836771129568
p654	spaS278	spaS284	77	86232	116126	136159	0.519304077613774
p654	spaS278	spaS285	98	67370	116126	120116	0.3989412099104647
p654	spaS279	spaS280	7	81965	111098	111473	0.5829409840262862
p654	spaS279	spaS281	28	71828	111098	109107	0.4840912001186168
p654	spaS279	spaS283	49	62228	111098	93020	0.43856508562971314
p654	spaS279	spaS284	70	80514	111098	136159	0.4828628488152426
p654	spaS279	spaS285	91	62358	111098	120116	0.3692969157151656
p654	spaS280	spaS281	21	79018	111473	109107	0.5581865189810825
p654	spaS280	spaS283	42	66533	111473	93020	0.48226297477529717
p654	spaS280	spaS284	63	81185	111473	136159	0.48775285826719617
p654	spaS280	spaS285	84	66781	111473	120116	0.4052048444250279
p654	spaS281	spaS283	21	73258	109107	93020	0.5684687550923806
p654	spaS281	spaS284	42	83180	109107	136159	0.513184358920573
p654	spaS281	spaS285	63	69763	109107	120116	0.43749529662611314
p654	spaS283	spaS284	21	80775	93020	136159	0.5442912589957144
p654	spaS283	spaS285	42	71123	93020	120116	0.5008203474329815
p654	spaS284	spaS285	21	83843	136159	120116	0.4862380532615756
p722	spaS132	spaS136	7	63849	90670	78435	0.6066067492589496
p722	spaS132	spaS147	42	67543	90670	86637	0.6153474727597391
p722	spaS132	spaS192	161	44590	90670	129988	0.253254424426926
p722	spaS132	spaS240	469	12267	90670	114897	0.06346094154164511
p722	spaS132	spaS241	14	72474	90670	83920	0.7097222766265815
p722	spaS132	spaS85	140	37275	90670	121725	0.21285404294198265
p722	spaS132	spaS92	112	37233	90670	69254	0.3034696921534587
p722	spaS136	spaS147	35	57569	78435	86637	0.5355106369124583
p722	spaS136	spaS192	154	40657	78435	129988	0.24234350225909898
p722	spaS136	spaS240	462	9920	78435	114897	0.054085883148321814
p722	spaS136	spaS241	21	58327	78435	83920	0.5606855846502865
p722	spaS136	spaS85	147	37844	78435	121725	0.23315015155622365
p722	spaS136	spaS92	119	35408	78435	69254	0.3153516623471469
p722	spaS147	spaS192	119	46985	86637	129988	0.27696887526526764
p722	spaS147	spaS240	427	13491	86637	114897	0.07174422871364529
p722	spaS147	spaS241	56	65108	86637	83920	0.6174359168887329
p722	spaS147	spaS85	182	37216	86637	121725	0.21745176632816426
p722	spaS147	spaS92	154	33186	86637	69254	0.27045352675115114
p722	spaS192	spaS240	308	35462	129988	114897	0.16933192629271857
p722	spaS192	spaS241	175	41107	129988	83920	0.2378863548243355
p722	spaS192	spaS85	301	53921	129988	121725	0.2726146659116648
p722	spaS192	spaS92	273	28276	129988	69254	0.16538960962998492
p722	spaS240	spaS241	483	11987	114897	83920	0.06415993148851898
p722	spaS240	spaS85	609	29816	114897	121725	0.14417376671856716
p722	spaS240	spaS92	581	6091	114897	69254	0.034207570481860045
p722	spaS241	spaS85	126	35645	83920	121725	0.2096764705882353
p722	spaS241	spaS92	98	33593	83920	69254	0.28092255458643095
p722	spaS85	spaS92	28	32884	121725	69254	0.20800151807457543
p728	spaS111	spaS117	14	49081	67314	72099	0.543340123101448
p728	spaS111	spaS121	21	58627	67314	89319	0.5981980695059487
p728	spaS111	spaS128	56	39639	67314	58764	0.4585777253323153
p728	spaS111	spaS137	70	57246	67314	86798	0.5909813556872381
p728	spaS111	spaS146	98	57900	67314	119002	0.45087839521554945
p728	spaS111	spaS160	126	50519	67314	101380	0.4274931246033425
p728	spaS111	spaS162	140	36306	67314	73141	0.3485967220040519
p728	spaS111	spaS165	154	34857	67314	83559	0.3004499379395945
p728	spaS111	spaS187	203	35605	67314	93969	0.2833033625614666
p728	spaS111	spaS193	224	27913	67314	102001	0.1974017340631674
p728	spaS111	spaS196	238	40255	67314	131666	0.2536147424791306
p728	spaS111	spaS198	273	28538	67314	96988	0.2102029993223535
p728	spaS117	spaS121	7	61781	72099	89319	0.6200608207794294
p728	spaS117	spaS128	42	32374	72099	58764	0.32870675913046127
p728	spaS117	spaS137	56	54964	72099	86798	0.528840695448029
p728	spaS117	spaS146	84	60970	72099	119002	0.46852786807140495
p728	spaS117	spaS160	112	53240	72099	101380	0.44278478696595946
p728	spaS117	spaS162	126	43311	72099	73141	0.4249134201257738
p728	spaS117	spaS165	140	44775	72099	83559	0.40380400963177404
p728	spaS117	spaS187	189	49340	72099	93969	0.42269207045438967
p728	spaS117	spaS193	210	26795	72099	102001	0.1819014968941991
p728	spaS117	spaS196	224	46894	72099	131666	0.2989335186235824
p728	spaS117	spaS198	259	28387	72099	96988	0.2017555081734186
p728	spaS121	spaS128	35	42908	89319	58764	0.4079676729260756
p728	spaS121	spaS137	49	66673	89319	86798	0.60919739775593
p728	spaS121	spaS146	77	73750	89319	119002	0.5480378387616945
p728	spaS121	spaS160	105	63894	89319	101380	0.503876030124995
p728	spaS121	spaS162	119	47055	89319	73141	0.40773796629262166
p728	spaS121	spaS165	133	49189	89319	83559	0.3976828982367066
p728	spaS121	spaS187	182	49195	89319	93969	0.3668722453819364
p728	spaS121	spaS193	203	33668	89319	102001	0.21355897800218201
p728	spaS121	spaS196	217	52782	89319	131666	0.3137993971570067
p728	spaS121	spaS198	252	34799	89319	96988	0.22968424109617974
p728	spaS128	spaS137	14	50411	58764	86798	0.5298000021019222
p728	spaS128	spaS146	42	49620	58764	119002	0.38721458336584835
p728	spaS128	spaS160	70	45130	58764	101380	0.39238701375484725
p728	spaS128	spaS162	84	28432	58764	73141	0.27477699496487007
p728	spaS128	spaS165	98	28371	58764	83559	0.24897325189553496
p728	spaS128	spaS187	147	28992	58764	93969	0.23429582757533882
p728	spaS128	spaS193	168	28088	58764	102001	0.21170210360499558
p728	spaS128	spaS196	182	32473	58764	131666	0.20558126578752445
p728	spaS128	spaS198	217	21655	58764	96988	0.16148757988620177
p728	spaS137	spaS146	28	74077	86798	119002	0.5623695178518557
p728	spaS137	spaS160	56	68244	86798	101380	0.5690129571264195
p728	spaS137	spaS162	70	45980	86798	73141	0.4034784440017901
p728	spaS137	spaS165	84	47261	86798	83559	0.38393611490219015
p728	spaS137	spaS187	133	49014	86798	93969	0.3720142994846417
p728	spaS137	spaS193	154	33832	86798	102001	0.21831744823091367
p728	spaS137	spaS196	168	52370	86798	131666	0.315303382422002
p728	spaS137	spaS198	203	38865	86798	96988	0.268180594944832
p728	spaS146	spaS160	28	85087	119002	101380	0.6288998115229684
p728	spaS146	spaS162	42	55249	119002	73141	0.4035896386985551
p728	spaS146	spaS165	56	55998	119002	83559	0.38207460273056637
p728	spaS146	spaS187	105	59920	119002	93969	0.3915034857661825
p728	spaS146	spaS193	126	40359	119002	102001	0.22341732911140144
p728	spaS146	spaS196	140	67869	119002	131666	0.37127664812170746
p728	spaS146	spaS198	175	40376	119002	96988	0.2299133326500165
p728	spaS160	spaS162	14	44094	101380	73141	0.33807417175891497
p728	spaS160	spaS165	28	49071	101380	83559	0.3611667206406218
p728	spaS160	spaS187	77	54122	101380	93969	0.3832270033350563
p728	spaS160	spaS193	98	37381	101380	102001	0.2251867469879518
p728	spaS160	spaS196	112	64734	101380	131666	0.3846071581348923
p728	spaS160	spaS198	147	41482	101380	96988	0.26440855143225017
p728	spaS162	spaS165	14	60098	73141	83559	0.6221196248524875
p728	spaS162	spaS187	63	54058	73141	93969	0.4781693380037505
p728	spaS162	spaS193	84	27918	73141	102001	0.18962940824865512
p728	spaS162	spaS196	98	53517	73141	131666	0.35373785445171524
p728	spaS162	spaS198	133	34082	73141	96988	0.25051636566774715
p728	spaS165	spaS187	49	61421	83559	93969	0.5290034192598206
p728	spaS165	spaS193	70	32122	83559	102001	0.2093484013086719
p728	spaS165	spaS196	84	60250	83559	131666	0.3887723826423617
p728	spaS165	spaS198	119	42759	83559	96988	0.31032455656515806
p728	spaS187	spaS193	21	38019	93969	102001	0.24070123012833095
p728	spaS187	spaS196	35	78853	93969	131666	0.5372116472046982
p728	spaS187	spaS198	70	51842	93969	96988	0.3726557164935485
p728	spaS193	spaS196	14	41869	102001	131666	0.21829737536366386
p728	spaS193	spaS198	49	36659	102001	96988	0.22583009918068134
p728	spaS196	spaS198	35	70191	131666	96988	0.4429488271710115
p729	spaS106	spaS122	42	26692	37999	116890	0.2082108005647558
p729	spaS106	spaS129	77	21214	37999	52514	0.3061227434739318
p729	spaS106	spaS133	84	15067	37999	88074	0.13573140190620328
p729	spaS106	spaS138	91	21688	37999	110980	0.17038125240590457
p729	spaS106	spaS148	126	22914	37999	114371	0.17700222469410457
p729	spaS106	spaS180	203	16136	37999	124744	0.11006295743040918
p729	spaS106	spaS183	210	18675	37999	138311	0.11846988295746504
p729	spaS106	spaS216	560	7795	37999	178193	0.03740456916366358
p729	spaS106	spaS221	574	9361	37999	186391	0.043533662901283084
p729	spaS106	spaS247	133	16062	37999	22542	0.36111423368331125
p729	spaS122	spaS129	35	39344	116890	52514	0.30250653544517914
p729	spaS122	spaS133	42	73318	116890	88074	0.5569329869498504
p729	spaS122	spaS138	49	74542	116890	110980	0.4861603881874152
p729	spaS122	spaS148	84	76679	116890	114371	0.4960409362021451
p729	spaS122	spaS180	161	74948	116890	124744	0.4496358422422999
p729	spaS122	spaS183	168	66698	116890	138311	0.35382991252128615
p729	spaS122	spaS216	518	60166	116890	178193	0.25611598990281675
p729	spaS122	spaS221	532	59722	116890	186391	0.24520547382769678
p729	spaS122	spaS247	175	15163	116890	22542	0.12201755868317923
p729	spaS129	spaS133	7	32733	52514	88074	0.3034907978304205
p729	spaS129	spaS138	14	43209	52514	110980	0.359221848110737
p729	spaS129	spaS148	49	44516	52514	114371	0.36378494553359103
p729	spaS129	spaS180	126	35266	52514	124744	0.24836610513268353
p729	spaS129	spaS183	133	36172	52514	138311	0.2338913567793706
p729	spaS129	spaS216	483	23673	52514	178193	0.11434353777640388
p729	spaS129	spaS221	497	26773	52514	186391	0.12620915279165804
p729	spaS129	spaS247	210	10519	52514	22542	0.16299177216170568
p729	spaS133	spaS138	7	66487	88074	110980	0.5015350728310968
p729	spaS133	spaS148	42	68333	88074	114371	0.5095218921498449
p729	spaS133	spaS180	119	68295	88074	124744	0.4725545414916657
p729	spaS133	spaS183	126	59784	88074	138311	0.3588453850817222
p729	spaS133	spaS216	476	55608	88074	178193	0.26397163187900824
p729	spaS133	spaS221	490	54499	88074	186391	0.24776101761181274
p729	spaS133	spaS247	217	10393	88074	22542	0.10369875178352274
p729	spaS138	spaS148	35	75142	110980	114371	0.5002496521513358
p729	spaS138	spaS180	112	71616	110980	124744	0.4363955443975918
p729	spaS138	spaS183	119	75507	110980	138311	0.43448763982875294
p729	spaS138	spaS216	469	53860	110980	178193	0.2288866318477942
p729	spaS138	spaS221	483	55156	110980	186391	0.22771504654955307
p729	spaS138	spaS247	224	15001	110980	22542	0.12656828747648097
p729	spaS148	spaS180	77	74493	114371	124744	0.452509385136859
p729	spaS148	spaS183	84	71747	114371	138311	0.39653466714566005
p729	spaS148	spaS216	434	55023	114371	178193	0.23163580181947538
p729	spaS148	spaS221	448	56418	114371	186391	0.23089578626853943
p729	spaS148	spaS247	259	11935	114371	22542	0.09549680743810911
p729	spaS180	spaS183	7	99929	124744	138311	0.6125878155536211
p729	spaS180	spaS216	357	77874	124744	178193	0.3460097839271671
p729	spaS180	spaS221	371	80405	124744	186391	0.34848090842109825
p729	spaS180	spaS247	336	8946	124744	22542	0.06466676304756397
p729	spaS183	spaS216	350	75781	138311	178193	0.3148058141515352
p729	spaS183	spaS221	364	79452	138311	186391	0.32396330275229357
p729	spaS183	spaS247	343	7438	138311	22542	0.04848287325228954
p729	spaS216	spaS221	14	134434	178193	186391	0.5841147077992613
p729	spaS216	spaS247	693	4522	178193	22542	0.023046383267163746
p729	spaS221	spaS247	707	5986	186391	22542	0.029495385494735078
p789	spaS286	spaS287	35	164824	257837	270217	0.45377309142967265
p789	spaS286	spaS294	126	166761	257837	292362	0.43490994632769836
p789	spaS286	spaS295	140	177763	257837	315306	0.4496003844402853
p789	spaS286	spaS296	154	177968	257837	342440	0.42141654570468545
p789	spaS286	spaS297	175	175434	257837	319649	0.4363465422383174
p789	spaS286	spaS300	7	126733	257837	201413	0.38113239323102277
p789	spaS287	spaS294	91	181303	270217	292362	0.4755164237979836
p789	spaS287	spaS295	105	185597	270217	315306	0.46407835449558166
p789	spaS287	spaS296	119	185513	270217	342440	0.43431020920345365
p789	spaS287	spaS297	140	187611	270217	319649	0.46639818025879104
p789	spaS287	spaS300	42	116260	270217	201413	0.3271519824408363
p789	spaS294	spaS295	14	237780	292362	315306	0.6428432390345186
p789	spaS294	spaS296	28	217574	292362	342440	0.5214750687873297
p789	spaS294	spaS297	49	216132	292362	319649	0.5459546982790195
p789	spaS294	spaS300	133	115749	292362	201413	0.30619322480464306
p789	spaS295	spaS296	14	245581	315306	342440	0.5958317664042313
p789	spaS295	spaS297	35	243105	315306	319649	0.6204032155161414
p789	spaS295	spaS300	147	119711	315306	201413	0.3015329665900939
p789	spaS296	spaS297	21	254464	342440	319649	0.6242600429316161
p789	spaS296	spaS300	161	117196	342440	201413	0.27468434831726657
p789	spaS297	spaS300	182	118027	319649	201413	0.2928455345069287
p813	spaS11	spaS113	427	20533	56422	185970	0.09254977260332013
p813	spaS11	spaS134	483	20845	56422	121532	0.13267858620448225
p813	spaS11	spaS153	532	22144	56422	163638	0.11188585056286506
p813	spaS11	spaS169	588	22354	56422	206600	0.09288314192165141
p813	spaS11	spaS174	595	18305	56422	190038	0.08023054502421599
p813	spaS11	spaS18	21	35927	56422	119624	0.2564034856086612
p813	spaS11	spaS188	623	21187	56422	179303	0.09875639746804762
p813	spaS11	spaS194	644	15994	56422	241154	0.05680050571414366
p813	spaS11	spaS224	54	24286	56422	70152	0.23742765524792742
p813	spaS11	spaS227	49	33164	56422	75591	0.33550162368865644
p813	spaS11	spaS235	35	30034	56422	65985	0.32513829798750715
p813	spaS11	spaS24	42	30595	56422	95905	0.25133079223211646
p813	spaS11	spaS248	259	23587	56422	137008	0.13887531426081734
p813	spaS11	spaS249	245	27180	56422	127659	0.17323025347193452
p813	spaS11	spaS27	49	31188	56422	96209	0.2568118376522319
p813	spaS11	spaS34	56	29049	56422	138880	0.17472767408708414
p813	spaS11	spaS4	385	18936	56422	90091	0.14842800818329321
p813	spaS11	spaS42	70	29258	56422	117522	0.20221721521087044
p813	spaS11	spaS48	105	35393	56422	144749	0.21349636260541205
p813	spaS11	spaS54	112	26997	56422	109632	0.19414340881796674
p813	spaS11	spaS57	119	26207	56422	86145	0.2252234444826401
p813	spaS11	spaS59	133	38525	56422	150030	0.22941516254086597
p813	spaS11	spaS61	140	34970	56422	167694	0.18488363486407325
p813	spaS11	spaS63	154	34319	56422	116138	0.2482548592675111
p813	spaS11	spaS68	161	24499	56422	154591	0.13135207008589167
p813	spaS11	spaS69	168	27423	56422	157880	0.14674200953558184
p813	spaS11	spaS71	182	34412	56422	165307	0.18370996759503944
p813	spaS11	spaS72	189	29186	56422	119675	0.19866449755294022
p813	spaS11	spaS73	196	26406	56422	181079	0.12509059901939884
p813	spaS11	spaS75	203	28511	56422	94987	0.23198912919656953
p813	spaS11	spaS79	231	24243	56422	168410	0.12085907003873592
p813	spaS11	spaS88	357	21537	56422	190889	0.09539185202902017
p813	spaS11	spaS89	364	21047	56422	197483	0.09038555686298087
p813	spaS11	spaS9	7	35389	56422	65398	0.4094479989818468
p813	spaS113	spaS134	56	80622	185970	121532	0.3553508462623413
p813	spaS113	spaS153	105	108611	185970	163638	0.45067365983808927
p813	spaS113	spaS169	161	122481	185970	206600	0.45348385161928106
p813	spaS113	spaS174	168	122983	185970	190038	0.4860507854955044
p813	spaS113	spaS18	406	52457	185970	119624	0.2072277067358782
p813	spaS113	spaS188	196	112370	185970	179303	0.44432054977600105
p813	spaS113	spaS194	217	123989	185970	241154	0.40902238276675407
p813	spaS113	spaS224	481	24271	185970	70152	0.10468361145735838
p813	spaS113	spaS227	476	29270	185970	75591	0.1260057427967506
p813	spaS113	spaS235	462	23291	185970	65985	0.10185687296644859
p813	spaS113	spaS24	385	53983	185970	95905	0.23687975005704456
p813	spaS113	spaS248	168	95902	185970	137008	0.4223343726329511
p813	spaS113	spaS249	182	73619	185970	127659	0.3067330527894671
p813	spaS113	spaS27	378	61119	185970	96209	0.2764814982357731
p813	spaS113	spaS34	371	83739	185970	138880	0.3473047683432112
p813	spaS113	spaS4	42	68821	185970	90091	0.33208357459949817
p813	spaS113	spaS42	357	74300	185970	117522	0.3241823449335055
p813	spaS113	spaS48	322	83958	185970	144749	0.3402401514015586
p813	spaS113	spaS54	315	70460	185970	109632	0.3129580442565137
p813	spaS113	spaS57	308	53459	185970	86145	0.24448906044197277
p813	spaS113	spaS59	294	82711	185970	150030	0.32654793536237264
p813	spaS113	spaS61	287	108165	185970	167694	0.44059242603839527
p813	spaS113	spaS63	273	68744	185970	116138	0.2945784268353302
p813	spaS113	spaS68	266	112992	185970	154591	0.4965175397352012
p813	spaS113	spaS69	259	108229	185970	157880	0.45933511868636495
p813	spaS113	spaS71	245	105291	185970	165307	0.4280365549258901
p813	spaS113	spaS72	238	66213	185970	119675	0.27654198269237196
p813	spaS113	spaS73	231	115680	185970	181079	0.46019994510062895
p813	spaS113	spaS75	224	60848	185970	94987	0.2764448523231672
p813	spaS113	spaS79	196	115905	185970	168410	0.4860257888667575
p813	spaS113	spaS88	70	133936	185970	190889	0.5513516628725975
p813	spaS113	spaS89	63	143139	185970	197483	0.5956332132127133
p813	spaS113	spaS9	434	27721	185970	65398	0.1239497958836917
p813	spaS134	spaS153	49	86729	121532	163638	0.43705181892854805
p813	spaS134	spaS169	105	84392	121532	206600	0.3462377943710511
p813	spaS134	spaS174	112	77243	121532	190038	0.3296376431226449
p813	spaS134	spaS18	462	29932	121532	119624	0.14170738173692382
p813	spaS134	spaS188	140	77383	121532	179303	0.34630703685802766
p813	spaS134	spaS194	161	73688	121532	241154	0.25497754309718407
p813	spaS134	spaS224	537	12219	121532	70152	0.06808569916139637
p813	spaS134	spaS227	532	17718	121532	75591	0.09875978930353112
p813	spaS134	spaS235	518	14292	121532	65985	0.08250541203636888
p813	spaS134	spaS24	441	35504	121532	95905	0.1951487635558145
p813	spaS134	spaS248	224	67752	121532	137008	0.35511667400465435
p813	spaS134	spaS249	238	61094	121532	127659	0.3248005018687167
p813	spaS134	spaS27	434	40913	121532	96209	0.23137172845929377
p813	spaS134	spaS34	427	48455	121532	138880	0.22860768929547032
p813	spaS134	spaS4	98	65381	121532	90091	0.44707402798101775
p813	spaS134	spaS42	413	44446	121532	117522	0.22838732220669242
p813	spaS134	spaS48	378	58554	121532	144749	0.28187958233643196
p813	spaS134	spaS54	371	59843	121532	109632	0.349303354521629
p813	spaS134	spaS57	364	51800	121532	86145	0.3323132983057154
p813	spaS134	spaS59	350	65631	121532	150030	0.3187038376932079
p813	spaS134	spaS61	343	61240	121532	167694	0.26861298500785136
p813	spaS134	spaS63	329	60199	121532	116138	0.33920471513655753
p813	spaS134	spaS68	322	63524	121532	154591	0.29879726621479874
p813	spaS134	spaS69	315	66158	121532	157880	0.31023099215020583
p813	spaS134	spaS71	301	69989	121532	165307	0.32275305510721697
p813	spaS134	spaS72	294	67291	121532	119675	0.3869166724165689
p813	spaS134	spaS73	287	68520	121532	181079	0.2927066824440068
p813	spaS134	spaS75	280	58820	121532	94987	0.372989048757443
p813	spaS134	spaS79	252	69122	121532	168410	0.31302418259215653
p813	spaS134	spaS88	126	77991	121532	190889	0.33268353026489783
p813	spaS134	spaS89	119	74892	121532	197483	0.3067797790458089
p813	spaS134	spaS9	490	17580	121532	65398	0.10380868024800709
p813	spaS153	spaS169	56	121340	163638	206600	0.4875089394048968
p813	spaS153	spaS174	63	109106	163638	190038	0.4461135871120743
p813	spaS153	spaS18	511	34098	163638	119624	0.13684962514648985
p813	spaS153	spaS188	91	110266	163638	179303	0.47390566240464166
p813	spaS153	spaS194	112	111115	163638	241154	0.3783578557394689
p813	spaS153	spaS224	586	14864	163638	70152	0.06789508783789956
p813	spaS153	spaS227	581	21400	163638	75591	0.09824219915621887
p813	spaS153	spaS235	567	16420	163638	65985	0.0770158018414375
p813	spaS153	spaS24	490	38463	163638	95905	0.17397774561244797
p813	spaS153	spaS248	273	82142	163638	137008	0.37592904477721234
p813	spaS153	spaS249	287	68851	163638	127659	0.30951781555973135
p813	spaS153	spaS27	483	44499	163638	96209	0.20663762839682745
p813	spaS153	spaS34	476	63025	163638	138880	0.26316009236178095
p813	spaS153	spaS4	147	68632	163638	90091	0.3707893698979454
p813	spaS153	spaS42	462	56361	163638	117522	0.25071730746133214
p813	spaS153	spaS48	427	71880	163638	144749	0.3039233511058869
p813	spaS153	spaS54	420	64250	163638	109632	0.3073868529327337
p813	spaS153	spaS57	413	57095	163638	86145	0.2963080212571618
p813	spaS153	spaS59	399	78125	163638	150030	0.3316804150409904
p813	spaS153	spaS61	392	85257	163638	167694	0.34646754038402927
p813	spaS153	spaS63	378	72845	163638	116138	0.35202555441185707
p813	spaS153	spaS68	371	84990	163638	154591	0.3643901748849892
p813	spaS153	spaS69	364	86250	163638	157880	0.36660319295441796
p813	spaS153	spaS71	350	93965	163638	165307	0.3998850966039663
p813	spaS153	spaS72	343	65536	163638	119675	0.300931687000923
p813	spaS153	spaS73	336	90460	163638	181079	0.3557817483884416
p813	spaS153	spaS75	329	67240	163638	94987	0.3513336990882253
p813	spaS153	spaS79	301	90275	163638	168410	0.3733874336671175
p813	spaS153	spaS88	175	103305	163638	190889	0.4112100054931495
p813	spaS153	spaS89	168	102956	163638	197483	0.39879921755466463
p813	spaS153	spaS9	539	17518	163638	65398	0.08282037462532739
p813	spaS169	spaS174	7	137420	206600	190038	0.5301329382990378
p813	spaS169	spaS18	567	39776	206600	119624	0.13885940903759147
p813	spaS169	spaS188	35	125130	206600	179303	0.4798426217438155
p813	spaS169	spaS194	56	146761	206600	241154	0.48758941237836095
p813	spaS169	spaS224	642	20650	206600	70152	0.0806319357131143
p813	spaS169	spaS227	637	26912	206600	75591	0.1054219109288269
p813	spaS169	spaS235	623	21774	206600	65985	0.0868143741701919
p813	spaS169	spaS24	546	45703	206600	95905	0.17796979774300822
p813	spaS169	spaS248	329	90475	206600	137008	0.357420802503032
p813	spaS169	spaS249	343	71472	206600	127659	0.2719769242770761
p813	spaS169	spaS27	539	53165	206600	96209	0.21296325968178687
p813	spaS169	spaS34	532	70438	206600	138880	0.2560990685059009
p813	spaS169	spaS4	203	64156	206600	90091	0.27589825187606165
p813	spaS169	spaS42	518	62826	206600	117522	0.24043996081072808
p813	spaS169	spaS48	483	81939	206600	144749	0.3041423852121302
p813	spaS169	spaS54	476	63517	206600	109632	0.25133846427794154
p813	spaS169	spaS57	469	52834	206600	86145	0.2202233328192538
p813	spaS169	spaS59	455	80448	206600	150030	0.29128618085175717
p813	spaS169	spaS61	448	101026	206600	167694	0.3696956833584613
p813	spaS169	spaS63	434	71368	206600	116138	0.2839161395552373
p813	spaS169	spaS68	427	98799	206600	154591	0.3765320589042349
p813	spaS169	spaS69	420	99379	206600	157880	0.3748722185129441
p813	spaS169	spaS71	406	98485	206600	165307	0.36019413214737656
p813	spaS169	spaS72	399	61334	206600	119675	0.23150059824640204
p813	spaS169	spaS73	392	113579	206600	181079	0.4143706676395476
p813	spaS169	spaS75	385	63687	206600	94987	0.2677049180327869
p813	spaS169	spaS79	357	109635	206600	168410	0.41313235986811114
p813	spaS169	spaS88	231	117111	206600	190889	0.4176896903466035
p813	spaS169	spaS89	224	123472	206600	197483	0.4400112611408676
p813	spaS169	spaS9	595	24123	206600	65398	0.09731921331316187
p813	spaS174	spaS18	574	42667	190038	119624	0.15980449072080002
p813	spaS174	spaS188	28	127639	190038	179303	0.5280841697627657
p813	spaS174	spaS194	49	133604	190038	241154	0.44895627511862035
p813	spaS174	spaS224	649	17898	190038	70152	0.07386954583725422
p813	spaS174	spaS227	644	23869	190038	75591	0.0987301455989411
p813	spaS174	spaS235	630	19141	190038	65985	0.08080394458000185
p813	spaS174	spaS24	553	45549	190038	95905	0.18947644283967155
p813	spaS174	spaS248	336	84643	190038	137008	0.3491829721579353
p813	spaS174	spaS249	350	65801	190038	127659	0.2612228856353416
p813	spaS174	spaS27	546	52404	190038	96209	0.22409907502041967
p813	spaS174	spaS34	539	78026	190038	138880	0.3109943720804171
p813	spaS174	spaS4	210	62349	190038	90091	0.2862935072091101
p813	spaS174	spaS42	525	64912	190038	117522	0.26751508357785764
p813	spaS174	spaS48	490	79528	190038	144749	0.31155806455404117
p813	spaS174	spaS54	483	66921	190038	109632	0.2875243287833675
p813	spaS174	spaS57	476	52131	190038	86145	0.23267366504204381
p813	spaS174	spaS59	462	75297	190038	150030	0.28438537453119866
p813	spaS174	spaS61	455	96603	190038	167694	0.3699435910986524
p813	spaS174	spaS63	441	63967	190038	116138	0.26409836133256814
p813	spaS174	spaS68	434	96308	190038	154591	0.38783671135344977
p813	spaS174	spaS69	427	94611	190038	157880	0.37350329836917256
p813	spaS174	spaS71	413	93555	190038	165307	0.3573665915428397
p813	spaS174	spaS72	406	62355	190038	119675	0.2520840239652649
p813	spaS174	spaS73	399	103439	190038	181079	0.38643071152653563
p813	spaS174	spaS75	392	55188	190038	94987	0.24011799666720327
p813	spaS174	spaS79	364	108223	190038	168410	0.4325027475272255
p813	spaS174	spaS88	238	116662	190038	190889	0.4414583845760884
p813	spaS174	spaS89	231	123680	190038	197483	0.46876717416929137
p813	spaS174	spaS9	602	21067	190038	65398	0.08988816780376244
p813	spaS18	spaS188	602	42763	119624	179303	0.16693602535875454
p813	spaS18	spaS194	623	45245	119624	241154	0.14339229177296828
p813	spaS18	spaS224	75	48522	119624	70152	0.3435088563863678
p813	spaS18	spaS227	70	52997	119624	75591	0.37264621918463203
p813	spaS18	spaS235	56	42529	119624	65985	0.2972393066815767
p813	spaS18	spaS24	21	69500	119624	95905	0.4759328626505694
p813	spaS18	spaS248	238	40971	119624	137008	0.1899787165968812
p813	spaS18	spaS249	224	36237	119624	127659	0.17170190385034542
p813	spaS18	spaS27	28	64856	119624	96209	0.4295753657841923
p813	spaS18	spaS34	35	76223	119624	138880	0.41816206845474846
p813	spaS18	spaS4	364	24107	119624	90091	0.12988125511831386
p813	spaS18	spaS42	49	69485	119624	117522	0.41443746607738235
p813	spaS18	spaS48	84	62911	119624	144749	0.31227228956329234
p813	spaS18	spaS54	91	42968	119624	109632	0.23065361161212747
p813	spaS18	spaS57	98	29838	119624	86145	0.16960058204637046
p813	spaS18	spaS59	112	53742	119624	150030	0.2489069620956686
p813	spaS18	spaS61	119	65716	119624	167694	0.296549670129331
p813	spaS18	spaS63	133	43415	119624	116138	0.22571186449489725
p813	spaS18	spaS68	140	58701	119624	154591	0.27237673654611766
p813	spaS18	spaS69	147	60108	119624	157880	0.27649082779811957
p813	spaS18	spaS71	161	58596	119624	165307	0.2588905825435748
p813	spaS18	spaS72	168	36969	119624	119675	0.18271635447041962
p813	spaS18	spaS73	175	58292	119624	181079	0.24046763554459163
p813	spaS18	spaS75	182	35737	119624	94987	0.19978867806388856
p813	spaS18	spaS79	210	51464	119624	168410	0.21754237646362598
p813	spaS18	spaS88	336	46397	119624	190889	0.17566902421663208
p813	spaS18	spaS89	343	54004	119624	197483	0.20525801682230913
p813	spaS18	spaS9	28	48127	119624	65398	0.3515614156835531
p813	spaS188	spaS194	21	129561	179303	241154	0.4453859798690941
p813	spaS188	spaS224	677	18129	179303	70152	0.07836991950753482
p813	spaS188	spaS227	672	23720	179303	75591	0.10260669452447074
p813	spaS188	spaS235	658	18283	179303	65985	0.08054007620977512
p813	spaS188	spaS24	581	47008	179303	95905	0.20599474145486416
p813	spaS188	spaS248	364	85375	179303	137008	0.3696911698479232
p813	spaS188	spaS249	378	73264	179303	127659	0.3134986178743507
p813	spaS188	spaS27	574	51909	179303	96209	0.23214804810311132
p813	spaS188	spaS34	567	71160	179303	138880	0.2880703416281075
p813	spaS188	spaS4	238	62703	179303	90091	0.30336589401570463
p813	spaS188	spaS42	553	63841	179303	117522	0.2740145246025478
p813	spaS188	spaS48	518	80314	179303	144749	0.3295095553422117
p813	spaS188	spaS54	511	67719	179303	109632	0.3061216186894257
p813	spaS188	spaS57	504	53725	179303	86145	0.25375136381026153
p813	spaS188	spaS59	490	76453	179303	150030	0.3023291679848149
p813	spaS188	spaS61	483	92470	179303	167694	0.3633013393471027
p813	spaS188	spaS63	469	63911	179303	116138	0.27603766250593875
p813	spaS188	spaS68	462	90430	179303	154591	0.37143068379719385
p813	spaS188	spaS69	455	89820	179303	157880	0.36311008517846244
p813	spaS188	spaS71	441	91642	179303	165307	0.3622671642263053
p813	spaS188	spaS72	434	61640	179303	119675	0.2597139943877508
p813	spaS188	spaS73	427	94743	179303	181079	0.35666073129322123
p813	spaS188	spaS75	420	61534	179303	94987	0.2892233356521085
p813	spaS188	spaS79	392	97202	179303	168410	0.388014897549409
p813	spaS188	spaS88	266	110172	179303	190889	0.42370586877932465
p813	spaS188	spaS89	259	118568	179303	197483	0.4591779039416307
p813	spaS188	spaS9	630	23277	179303	65398	0.10512410578799046
p813	spaS194	spaS224	698	24566	241154	70152	0.08567343237776383
p813	spaS194	spaS227	693	26263	241154	75591	0.09041179832141062
p813	spaS194	spaS235	679	21883	241154	65985	0.07671354853184507
p813	spaS194	spaS24	602	49970	241154	95905	0.17405752223178178
p813	spaS194	spaS248	385	82887	241154	137008	0.28071120142240286
p813	spaS194	spaS249	399	63478	241154	127659	0.2078962451078324
p813	spaS194	spaS27	595	55968	241154	96209	0.1988947920183372
p813	spaS194	spaS34	588	76571	241154	138880	0.25232400655104575
p813	spaS194	spaS4	259	57096	241154	90091	0.20826630773776303
p813	spaS194	spaS42	574	71554	241154	117522	0.24921113672933456
p813	spaS194	spaS48	539	81984	241154	144749	0.2697560863256328
p813	spaS194	spaS54	532	59917	241154	109632	0.20599307592077534
p813	spaS194	spaS57	525	43793	241154	86145	0.15446939394580714
p813	spaS194	spaS59	511	64444	241154	150030	0.197233274162943
p813	spaS194	spaS61	504	97064	241154	167694	0.31131809201241883
p813	spaS194	spaS63	490	56681	241154	116138	0.18855264777403355
p813	spaS194	spaS68	483	101851	241154	154591	0.34655692188340015
p813	spaS194	spaS69	476	95115	241154	157880	0.31296167728901453
p813	spaS194	spaS71	462	89469	241154	165307	0.28224371592973957
p813	spaS194	spaS72	455	53109	241154	119675	0.1725887170154686
p813	spaS194	spaS73	448	111678	241154	181079	0.35960779894060635
p813	spaS194	spaS75	441	52472	241154	94987	0.1849761517825353
p813	spaS194	spaS79	413	106605	241154	168410	0.3518792971986308
p813	spaS194	spaS88	287	118461	241154	190889	0.3777672187816903
p813	spaS194	spaS89	280	129059	241154	197483	0.4168868588853213
p813	spaS194	spaS9	651	22308	241154	65398	0.0784818676911386
p813	spaS224	spaS227	5	50121	70152	75591	0.5241576206312355
p813	spaS224	spaS235	19	45177	70152	65985	0.4966688654353562
p813	spaS224	spaS24	96	39679	70152	95905	0.3139707860545348
p813	spaS224	spaS248	313	18994	70152	137008	0.1009427845625671
p813	spaS224	spaS249	299	17156	70152	127659	0.09496554205529878
p813	spaS224	spaS27	103	33925	70152	96209	0.2561614666706938
p813	spaS224	spaS34	110	36788	70152	138880	0.21358073430714566
p813	spaS224	spaS4	439	11623	70152	90091	0.07820616336966761
p813	spaS224	spaS42	124	38047	70152	117522	0.2542789737146371
p813	spaS224	spaS48	159	33687	70152	144749	0.18589623318286666
p813	spaS224	spaS54	166	19468	70152	109632	0.12143516554804261
p813	spaS224	spaS57	173	11741	70152	86145	0.08122111845928222
p813	spaS224	spaS59	187	23309	70152	150030	0.11839612338918999
p813	spaS224	spaS61	194	35393	70152	167694	0.17482082261068002
p813	spaS224	spaS63	208	19105	70152	116138	0.11427460597541646
p813	spaS224	spaS68	215	27983	70152	154591	0.14221894694043505
p813	spaS224	spaS69	222	28502	70152	157880	0.14284568736530848
p813	spaS224	spaS71	236	29350	70152	165307	0.14240038038125458
p813	spaS224	spaS72	243	13675	70152	119675	0.07763181797538489
p813	spaS224	spaS73	250	27893	70152	181079	0.12489142017927983
p813	spaS224	spaS75	257	16251	70152	94987	0.10914915909945731
p813	spaS224	spaS79	285	21533	70152	168410	0.09921715531104139
p813	spaS224	spaS88	411	20446	70152	190889	0.08498098464224112
p813	spaS224	spaS89	418	25386	70152	197483	0.10479300224149532
p813	spaS224	spaS9	47	36800	70152	65398	0.37265822784810126
p813	spaS227	spaS235	14	50398	75591	65985	0.5527429862466823
p813	spaS227	spaS24	91	43421	75591	95905	0.339027913332032
p813	spaS227	spaS248	308	28234	75591	137008	0.15314186532150897
p813	spaS227	spaS249	294	23525	75591	127659	0.13089442203366253
p813	spaS227	spaS27	98	39400	75591	96209	0.297583081570997
p813	spaS227	spaS34	105	41913	75591	138880	0.24289224492634362
p813	spaS227	spaS4	434	15086	75591	90091	0.1001753034609153
p813	spaS227	spaS42	119	42717	75591	117522	0.2840301603766058
p813	spaS227	spaS48	154	39917	75591	144749	0.22124119430449554
p813	spaS227	spaS54	161	23350	75591	109632	0.14424888647272863
p813	spaS227	spaS57	168	17871	75591	86145	0.12422062350119904
p813	spaS227	spaS59	182	31034	75591	150030	0.15948650218154348
p813	spaS227	spaS61	189	43066	75591	167694	0.21509447155364875
p813	spaS227	spaS63	203	27361	75591	116138	0.16646184172101625
p813	spaS227	spaS68	210	34115	75591	154591	0.17399664400434545
p813	spaS227	spaS69	217	35486	75591	157880	0.17923580069197162
p813	spaS227	spaS71	231	36924	75591	165307	0.18102307156794492
p813	spaS227	spaS72	238	19246	75591	119675	0.10933984774457448
p813	spaS227	spaS73	245	34922	75591	181079	0.15748507314609375
p813	spaS227	spaS75	252	23591	75591	94987	0.16049718682604583
p813	spaS227	spaS79	280	27805	75591	168410	0.1286101500490296
p813	spaS227	spaS88	406	26608	75591	190889	0.11092582710779082
p813	spaS227	spaS89	413	28683	75591	197483	0.11736520575634946
p813	spaS227	spaS9	42	48368	75591	65398	0.5222141846881376
p813	spaS235	spaS24	77	36658	65985	95905	0.29272071036156894
p813	spaS235	spaS248	294	22432	65985	137008	0.12423502306699676
p813	spaS235	spaS249	280	20114	65985	127659	0.11591079352273383
p813	spaS235	spaS27	84	30465	65985	96209	0.2312702593961846
p813	spaS235	spaS34	91	34291	65985	138880	0.20103298275235382
p813	spaS235	spaS4	420	13437	65985	90091	0.09420284774851198
p813	spaS235	spaS42	105	34446	65985	117522	0.2310866021293296
p813	spaS235	spaS48	140	30194	65985	144749	0.16724271629555776
p813	spaS235	spaS54	147	18938	65985	109632	0.12087133566080968
p813	spaS235	spaS57	154	14906	65985	86145	0.10862531335626421
p813	spaS235	spaS59	168	25046	65985	150030	0.13115217653126948
p813	spaS235	spaS61	175	32061	65985	167694	0.15901854001130852
p813	spaS235	spaS63	189	22483	65985	116138	0.14083563016787773
p813	spaS235	spaS68	196	27444	65985	154591	0.1420997038295052
p813	spaS235	spaS69	203	26340	65985	157880	0.13335020883432477
p813	spaS235	spaS71	217	27632	65985	165307	0.13567710890700185
p813	spaS235	spaS72	224	17174	65985	119675	0.10193131773559821
p813	spaS235	spaS73	231	26526	65985	181079	0.12027859144455831
p813	spaS235	spaS75	238	20023	65985	94987	0.14205847505125968
p813	spaS235	spaS79	266	21370	65985	168410	0.10031686421781481
p813	spaS235	spaS88	392	21127	65985	190889	0.08961725918039254
p813	spaS235	spaS89	399	24753	65985	197483	0.1036926879333096
p813	spaS235	spaS9	28	41694	65985	65398	0.4648730613564651
p813	spaS24	spaS248	217	45782	95905	137008	0.2446521420822846
p813	spaS24	spaS249	203	41866	95905	127659	0.23041530451628525
p813	spaS24	spaS27	7	70615	95905	96209	0.581198199162133
p813	spaS24	spaS34	14	78019	95905	138880	0.4976780679484072
p813	spaS24	spaS4	343	31847	95905	90091	0.20659881024203855
p813	spaS24	spaS42	28	72843	95905	117522	0.5181457349342742
p813	spaS24	spaS48	63	69107	95905	144749	0.40284586731333105
p813	spaS24	spaS54	70	48700	95905	109632	0.3105134630221185
p813	spaS24	spaS57	77	36041	95905	86145	0.24684094816072982
p813	spaS24	spaS59	91	52546	95905	150030	0.2717114210218782
p813	spaS24	spaS61	98	65510	95905	167694	0.33070993341376853
p813	spaS24	spaS63	112	49071	95905	116138	0.3011008025918563
p813	spaS24	spaS68	119	62353	95905	154591	0.33141280834259046
p813	spaS24	spaS69	126	61186	95905	157880	0.3176859692937139
p813	spaS24	spaS71	140	57072	95905	165307	0.2795728421671402
p813	spaS24	spaS72	147	37061	95905	119675	0.2076025521092993
p813	spaS24	spaS73	154	56177	95905	181079	0.25441675309206685
p813	spaS24	spaS75	161	40640	95905	94987	0.2704789287330618
p813	spaS24	spaS79	189	50687	95905	168410	0.2372675866459453
p813	spaS24	spaS88	315	50945	95905	190889	0.21600685184164445
p813	spaS24	spaS89	322	57236	95905	197483	0.2423693214539788
p813	spaS24	spaS9	49	40794	95905	65398	0.3385141358736692
p813	spaS248	spaS249	14	82713	137008	127659	0.45458192730030667
p813	spaS248	spaS27	210	51048	137008	96209	0.28022330912504323
p813	spaS248	spaS34	203	65828	137008	138880	0.31337713034371134
p813	spaS248	spaS4	126	62853	137008	90091	0.38267598602096853
p813	spaS248	spaS42	189	58507	137008	117522	0.2984700774909067
p813	spaS248	spaS48	154	75611	137008	144749	0.36678373579889983
p813	spaS248	spaS54	147	68202	137008	109632	0.38221679238727174
p813	spaS248	spaS57	140	50657	137008	86145	0.29367057786847234
p813	spaS248	spaS59	126	78359	137008	150030	0.3755001701177406
p813	spaS248	spaS61	119	84233	137008	167694	0.38206278433702695
p813	spaS248	spaS63	105	70928	137008	116138	0.38924804355222864
p813	spaS248	spaS68	98	91959	137008	154591	0.4606241234221599
p813	spaS248	spaS69	91	94638	137008	157880	0.4725992509363296
p813	spaS248	spaS71	77	92924	137008	165307	0.4437822064940709
p813	spaS248	spaS72	70	70504	137008	119675	0.3786893258638192
p813	spaS248	spaS73	63	97357	137008	181079	0.44106827345625876
p813	spaS248	spaS75	56	68947	137008	94987	0.422863205927089
p813	spaS248	spaS79	28	101733	137008	168410	0.49946240518447604
p813	spaS248	spaS88	98	96137	137008	190889	0.4148127373144632
p813	spaS248	spaS89	105	98110	137008	197483	0.4150502789987351
p813	spaS248	spaS9	266	29468	137008	65398	0.17039632700736682
p813	spaS249	spaS27	196	43039	127659	96209	0.23800939008676705
p813	spaS249	spaS34	189	54176	127659	138880	0.2551103534984908
p813	spaS249	spaS4	140	63762	127659	90091	0.41407122632932436
p813	spaS249	spaS42	175	47627	127659	117522	0.24108345060084838
p813	spaS249	spaS48	140	66724	127659	144749	0.3244005367456876
p813	spaS249	spaS54	133	63465	127659	109632	0.36510648579614097
p813	spaS249	spaS57	126	57676	127659	86145	0.36941483910637424
p813	spaS249	spaS59	112	80223	127659	150030	0.40626234389717725
p813	spaS249	spaS61	105	72448	127659	167694	0.3250173840873915
p813	spaS249	spaS63	91	67161	127659	116138	0.38022260467854796
p813	spaS249	spaS68	84	67742	127659	154591	0.3158017416599847
p813	spaS249	spaS69	77	75811	127659	157880	0.3614729554470552
p813	spaS249	spaS71	63	83426	127659	165307	0.3981387801851675
p813	spaS249	spaS72	56	74242	127659	119675	0.4289164143923463
p813	spaS249	spaS73	49	78752	127659	181079	0.34242084300783526
p813	spaS249	spaS75	42	69335	127659	94987	0.45225065389958974
p813	spaS249	spaS79	14	84789	127659	168410	0.40131105641802345
p813	spaS249	spaS88	112	73973	127659	190889	0.3024552795665951
p813	spaS249	spaS89	119	76817	127659	197483	0.30934058189872143
p813	spaS249	spaS9	252	23986	127659	65398	0.14186939214886055
p813	spaS27	spaS34	7	84377	96209	138880	0.5598558840702798
p813	spaS27	spaS4	336	37235	96209	90091	0.24979035991010634
p813	spaS27	spaS42	21	77814	96209	117522	0.5725111649021094
p813	spaS27	spaS48	56	79504	96209	144749	0.4924250870216904
p813	spaS27	spaS54	63	54581	96209	109632	0.3608422583630834
p813	spaS27	spaS57	70	41809	96209	86145	0.2974776761891209
p813	spaS27	spaS59	84	63111	96209	150030	0.34462780131929577
p813	spaS27	spaS61	91	77727	96209	167694	0.4174920505328292
p813	spaS27	spaS63	105	54408	96209	116138	0.34448742869082366
p813	spaS27	spaS68	112	72178	96209	154591	0.4040823638745507
p813	spaS27	spaS69	119	72841	96209	157880	0.4018858139124294
p813	spaS27	spaS71	133	67906	96209	165307	0.3507360157016683
p813	spaS27	spaS72	140	45580	96209	119675	0.2676390454716272
p813	spaS27	spaS73	147	66249	96209	181079	0.31391828050739434
p813	spaS27	spaS75	154	45605	96209	94987	0.3132405162407017
p813	spaS27	spaS79	182	62244	96209	168410	0.30756763434218654
p813	spaS27	spaS88	308	57269	96209	190889	0.24918091276557788
p813	spaS27	spaS89	315	62464	96209	197483	0.27014029442801046
p813	spaS27	spaS9	56	42037	96209	65398	0.35156811909341806
p813	spaS34	spaS4	329	47264	138880	90091	0.26011105791191313
p813	spaS34	spaS42	14	94622	138880	117522	0.5848807021881568
p813	spaS34	spaS48	49	93574	138880	144749	0.49235221383283784
p813	spaS34	spaS54	56	68906	138880	109632	0.38365088026012495
p813	spaS34	spaS57	63	49613	138880	86145	0.2828369780858778
p813	spaS34	spaS59	77	78800	138880	150030	0.3750416448526962
p813	spaS34	spaS61	84	95014	138880	167694	0.44911136320665535
p813	spaS34	spaS63	98	68256	138880	116138	0.365470491855945
p813	spaS34	spaS68	105	93603	138880	154591	0.4683240939019753
p813	spaS34	spaS69	112	89870	138880	157880	0.4343854222050365
p813	spaS34	spaS71	126	85740	138880	165307	0.39249795144817734
p813	spaS34	spaS72	133	53792	138880	119675	0.2627037111196847
p813	spaS34	spaS73	140	85196	138880	181079	0.3629021609026976
p813	spaS34	spaS75	147	50576	138880	94987	0.27593280630254624
p813	spaS34	spaS79	175	86261	138880	168410	0.39027005506064816
p813	spaS34	spaS88	301	80620	138880	190889	0.32358147132840187
p813	spaS34	spaS89	308	89351	138880	197483	0.3617273654721228
p813	spaS34	spaS9	63	41696	138880	65398	0.2564613548855347
p813	spaS4	spaS42	315	43871	90091	117522	0.2679275934091436
p813	spaS4	spaS48	280	52362	90091	144749	0.28694965968500313
p813	spaS4	spaS54	273	56657	90091	109632	0.39602001873261294
p813	spaS4	spaS57	266	54396	90091	86145	0.44645436638214053
p813	spaS4	spaS59	252	62057	90091	150030	0.3485095246652889
p813	spaS4	spaS61	245	59131	90091	167694	0.29765823995489643
p813	spaS4	spaS63	231	55687	90091	116138	0.3699100583225944
p813	spaS4	spaS68	224	59806	90091	154591	0.32349250308314764
p813	spaS4	spaS69	217	61735	90091	157880	0.3314880044674499
p813	spaS4	spaS71	203	65120	90091	165307	0.34223609665857324
p813	spaS4	spaS72	196	64369	90091	119675	0.44271202294407724
p813	spaS4	spaS73	189	62934	90091	181079	0.3022243992393246
p813	spaS4	spaS75	182	58777	90091	94987	0.46537240401897056
p813	spaS4	spaS79	154	65045	90091	168410	0.3362263253659747
p813	spaS4	spaS88	28	73749	90091	190889	0.3558782228527585
p813	spaS4	spaS89	21	72241	90091	197483	0.3354850394505255
p813	spaS4	spaS9	392	15308	90091	65398	0.10920167497735071
p813	spaS42	spaS48	35	87023	117522	144749	0.496570574271889
p813	spaS42	spaS54	42	64491	117522	109632	0.396470002397595
p813	spaS42	spaS57	49	48167	117522	86145	0.3097556270096463
p813	spaS42	spaS59	63	68306	117522	150030	0.34282244060106604
p813	spaS42	spaS61	70	85723	117522	167694	0.42970430040151786
p813	spaS42	spaS63	84	61507	117522	116138	0.35728102327580696
p813	spaS42	spaS68	91	81114	117522	154591	0.4246828517426793
p813	spaS42	spaS69	98	79248	117522	157880	0.40400909489482756
p813	spaS42	spaS71	112	75431	117522	165307	0.36370167504026074
p813	spaS42	spaS72	119	48089	117522	119675	0.25429384267191235
p813	spaS42	spaS73	126	75033	117522	181079	0.33561600944679026
p813	spaS42	spaS75	133	48896	117522	94987	0.2988515582502613
p813	spaS42	spaS79	161	71540	117522	168410	0.3336878241725438
p813	spaS42	spaS88	287	69586	117522	190889	0.2913681566000209
p813	spaS42	spaS89	294	74329	117522	197483	0.3088342834349914
p813	spaS42	spaS9	77	40707	117522	65398	0.28623965460260314
p813	spaS48	spaS54	7	87526	144749	109632	0.5245632435348057
p813	spaS48	spaS57	14	68351	144749	86145	0.4205102649760371
p813	spaS48	spaS59	28	95886	144749	150030	0.4820984147255057
p813	spaS48	spaS61	35	113647	144749	167694	0.5716764924847583
p813	spaS48	spaS63	49	82385	144749	116138	0.4615354449810086
p813	spaS48	spaS68	56	97162	144749	154591	0.4805765216789166
p813	spaS48	spaS69	63	102748	144749	157880	0.5140458572850847
p813	spaS48	spaS71	77	100716	144749	165307	0.4811120664946976
p813	spaS48	spaS72	84	66592	144749	119675	0.3366088398236888
p813	spaS48	spaS73	91	97946	144749	181079	0.42981016490990953
p813	spaS48	spaS75	98	66025	144749	94987	0.3800853141136716
p813	spaS48	spaS79	126	88804	144749	168410	0.39581912593880236
p813	spaS48	spaS88	252	82165	144749	190889	0.32415681354621595
p813	spaS48	spaS89	259	84485	144749	197483	0.3277826706033436
p813	spaS48	spaS9	112	43021	144749	65398	0.2574165599607482
p813	spaS54	spaS57	7	66039	109632	86145	0.509018175091338
p813	spaS54	spaS59	21	87843	109632	150030	0.511253121016884
p813	spaS54	spaS61	28	86370	109632	167694	0.45230314836925783
p813	spaS54	spaS63	42	71177	109632	116138	0.46041541337576736
p813	spaS54	spaS68	49	74963	109632	154591	0.3960847511360034
p813	spaS54	spaS69	56	79324	109632	157880	0.42151465555720874
p813	spaS54	spaS71	70	82910	109632	165307	0.43175770326356955
p813	spaS54	spaS72	77	67751	109632	119675	0.41936542127807075
p813	spaS54	spaS73	84	78109	109632	181079	0.3673954149067271
p813	spaS54	spaS75	91	61407	109632	94987	0.42878390079043655
p813	spaS54	spaS79	119	76447	109632	168410	0.3792107939185
p813	spaS54	spaS88	245	68980	109632	190889	0.2979169995810677
p813	spaS54	spaS89	252	70362	109632	197483	0.2971958116687011
p813	spaS54	spaS9	119	28064	109632	65398	0.1909557312575698
p813	spaS57	spaS59	14	74542	86145	150030	0.4611805757487642
p813	spaS57	spaS61	21	68916	86145	167694	0.37267403189435605
p813	spaS57	spaS63	35	65421	86145	116138	0.4780070435913548
p813	spaS57	spaS68	42	55603	86145	154591	0.3003408360475982
p813	spaS57	spaS69	49	59076	86145	157880	0.3194177854435547
p813	spaS57	spaS71	63	66256	86145	165307	0.3577615067280071
p813	spaS57	spaS72	70	61899	86145	119675	0.4300901188846659
p813	spaS57	spaS73	77	55954	86145	181079	0.2648459317461069
p813	spaS57	spaS75	84	54613	86145	94987	0.43165848607719
p813	spaS57	spaS79	112	55159	86145	168410	0.27663042388011794
p813	spaS57	spaS88	238	52693	86145	190889	0.23487904573840715
p813	spaS57	spaS89	245	49915	86145	197483	0.21357391330392406
p813	spaS57	spaS9	126	18950	86145	65398	0.14291855527818212
p813	spaS59	spaS61	7	111421	150030	167694	0.5400842450182498
p813	spaS59	spaS63	21	93478	150030	116138	0.541305229023105
p813	spaS59	spaS68	28	84798	150030	154591	0.38575581263107134
p813	spaS59	spaS69	35	97440	150030	157880	0.4629638428279565
p813	spaS59	spaS71	49	102147	150030	165307	0.47913598198789814
p813	spaS59	spaS72	56	81879	150030	119675	0.43593006293058467
p813	spaS59	spaS73	63	94621	150030	181079	0.4001090964446399
p813	spaS59	spaS75	70	73808	150030	94987	0.4310988324211928
p813	spaS59	spaS79	98	90190	150030	168410	0.3951369112814896
p813	spaS59	spaS88	224	78295	150030	190889	0.2981258376995248
p813	spaS59	spaS89	231	81506	150030	197483	0.3064054705327303
p813	spaS59	spaS9	140	34285	150030	65398	0.18927035546501936
p813	spaS61	spaS63	14	88052	167694	116138	0.4497497190724282
p813	spaS61	spaS68	21	115092	167694	154591	0.555482086750035
p813	spaS61	spaS69	28	118020	167694	157880	0.5686231053123525
p813	spaS61	spaS71	42	117475	167694	165307	0.5450618486864693
p813	spaS61	spaS72	49	69378	167694	119675	0.3182608456312417
p813	spaS61	spaS73	56	118373	167694	181079	0.5137717013888888
p813	spaS61	spaS75	63	70131	167694	94987	0.3642222799272916
p813	spaS61	spaS79	91	109115	167694	168410	0.4807061135121085
p813	spaS61	spaS88	217	98196	167694	190889	0.377115601009267
p813	spaS61	spaS89	224	107377	167694	197483	0.41651280062063617
p813	spaS61	spaS9	147	43299	167694	65398	0.22813802405778927
p813	spaS63	spaS68	7	82085	116138	154591	0.43513178261699287
p813	spaS63	spaS69	14	89756	116138	157880	0.48711074448339864
p813	spaS63	spaS71	28	92617	116138	165307	0.49048340288516534
p813	spaS63	spaS72	35	76922	116138	119675	0.48411804318683876
p813	spaS63	spaS73	42	83764	116138	181079	0.39242362487292287
p813	spaS63	spaS75	49	73311	116138	94987	0.5319561147633767
p813	spaS63	spaS79	77	77328	116138	168410	0.3731686130682367
p813	spaS63	spaS88	203	68291	116138	190889	0.2860523758461229
p813	spaS63	spaS89	210	68481	116138	197483	0.2793546544831525
p813	spaS63	spaS9	161	29145	116138	65398	0.19125145185739315
p813	spaS68	spaS69	7	125475	154591	157880	0.6710036578322531
p813	spaS68	spaS71	21	112604	154591	165307	0.5432091618667207
p813	spaS68	spaS72	28	69911	154591	119675	0.34210564948251815
p813	spaS68	spaS73	35	114968	154591	181079	0.5209196110592563
p813	spaS68	spaS75	42	67167	154591	94987	0.36821792545405707
p813	spaS68	spaS79	70	115460	154591	168410	0.5563238107169186
p813	spaS68	spaS88	196	103866	154591	190889	0.4298840298989297
p813	spaS68	spaS89	203	116136	154591	197483	0.49223100984156853
p813	spaS68	spaS9	168	34038	154591	65398	0.18304822238116494
p813	spaS69	spaS71	14	122676	157880	165307	0.6118168080554184
p813	spaS69	spaS72	21	80915	157880	119675	0.4114879983726607
p813	spaS69	spaS73	28	123724	157880	181079	0.574832160196994
p813	spaS69	spaS75	35	73045	157880	94987	0.4062072493910645
p813	spaS69	spaS79	63	116964	157880	168410	0.5587647974929058
p813	spaS69	spaS88	189	101082	157880	190889	0.40810377613681786
p813	spaS69	spaS89	196	110079	157880	197483	0.4487818202573344
p813	spaS69	spaS9	175	36620	157880	65398	0.19618768014229232
p813	spaS71	spaS72	7	90248	165307	119675	0.4634424394301971
p813	spaS71	spaS73	14	123574	165307	181079	0.5546110622408129
p813	spaS71	spaS75	21	80129	165307	94987	0.44475342047567507
p813	spaS71	spaS79	49	115310	165307	168410	0.5279592687047576
p813	spaS71	spaS88	175	101897	165307	190889	0.40069760400158866
p813	spaS71	spaS89	182	105680	165307	197483	0.41103029831589594
p813	spaS71	spaS9	189	37848	165307	65398	0.1962490342585439
p813	spaS72	spaS73	7	85903	119675	181079	0.3998259258742105
p813	spaS72	spaS75	14	71284	119675	94987	0.49717529886035516
p813	spaS72	spaS79	42	77308	119675	168410	0.3667762611670154
p813	spaS72	spaS88	168	68552	119675	190889	0.2832586813876998
p813	spaS72	spaS89	175	66617	119675	197483	0.2658926083954323
p813	spaS72	spaS9	196	23526	119675	65398	0.1456294453007484
p813	spaS73	spaS75	7	78030	181079	94987	0.3940192692237775
p813	spaS73	spaS79	35	129900	181079	168410	0.5915596865052439
p813	spaS73	spaS88	161	120304	181079	190889	0.47803420433593996
p813	spaS73	spaS89	168	119433	181079	197483	0.46090171304639777
p813	spaS73	spaS9	203	37381	181079	65398	0.1787743428855645
p813	spaS75	spaS79	28	71178	94987	168410	0.3702963806907746
p813	spaS75	spaS88	154	64974	94987	190889	0.294130428877964
p813	spaS75	spaS89	161	62834	94987	197483	0.27362434461495583
p813	spaS75	spaS9	210	25287	94987	65398	0.18717523575478542
p813	spaS79	spaS88	126	120778	168410	190889	0.5063621232512022
p813	spaS79	spaS89	133	119948	168410	197483	0.48770253511964057
p813	spaS79	spaS9	238	30666	168410	65398	0.1509584428626281
p813	spaS88	spaS89	7	152284	190889	197483	0.645030666531124
p813	spaS88	spaS9	364	27389	190889	65398	0.11965591660914468
p813	spaS89	spaS9	371	29253	197483	65398	0.12521187528892086
p860	spaS163	spaS166	14	50953	85767	87400	0.41691622890994484
p860	spaS163	spaS170	28	66983	85767	100437	0.5618389377710302
p860	spaS163	spaS175	35	65980	85767	90200	0.5998890778001037
p860	spaS163	spaS195	84	53242	85767	76826	0.48689083776097153
p860	spaS163	spaS199	133	69669	85767	149287	0.42125343894549083
p860	spaS163	spaS201	161	65475	85767	148496	0.3879126478185653
p860	spaS163	spaS206	182	64090	85767	157187	0.35831693353609445
p860	spaS163	spaS213	287	51469	85767	131931	0.30962708071395484
p860	spaS163	spaS217	399	44348	85767	126757	0.2636999334031015
p860	spaS163	spaS220	406	50229	85767	142388	0.28230275507795377
p860	spaS166	spaS170	14	51810	87400	100437	0.3808802664176965
p860	spaS166	spaS175	21	60480	87400	90200	0.5163934426229508
p860	spaS166	spaS195	70	52263	87400	76826	0.46678813536614777
p860	spaS166	spaS199	119	66884	87400	149287	0.3938917451399563
p860	spaS166	spaS201	147	58156	87400	148496	0.32719702936874084
p860	spaS166	spaS206	168	59126	87400	157187	0.31880557098257856
p860	spaS166	spaS213	273	54286	87400	131931	0.3289163561452937
p860	spaS166	spaS217	385	48466	87400	126757	0.29250834384486785
p860	spaS166	spaS220	392	50066	87400	142388	0.27857468757302944
p860	spaS170	spaS175	7	63097	100437	90200	0.49472322408656105
p860	spaS170	spaS195	56	50606	100437	76826	0.3995515447231499
p860	spaS170	spaS199	105	68861	100437	149287	0.38073569497354354
p860	spaS170	spaS201	133	65433	100437	148496	0.35658310626703
p860	spaS170	spaS206	154	64378	100437	157187	0.3331401426161473
p860	spaS170	spaS213	259	50153	100437	131931	0.2752407869824109
p860	spaS170	spaS217	371	41648	100437	126757	0.22446185851486963
p860	spaS170	spaS220	378	46704	100437	142388	0.23813870008821084
p860	spaS175	spaS195	49	58432	90200	76826	0.5380776101810413
p860	spaS175	spaS199	98	77198	90200	149287	0.4756822705174103
p860	spaS175	spaS201	126	73123	90200	148496	0.44163601553393367
p860	spaS175	spaS206	147	76799	90200	157187	0.45020165545055923
p860	spaS175	spaS213	252	58945	90200	131931	0.36121358449867025
p860	spaS175	spaS217	364	51094	90200	126757	0.30804941427563715
p860	spaS175	spaS220	371	53811	90200	142388	0.3009950944472723
p860	spaS195	spaS199	49	64789	76826	149287	0.40160794426123825
p860	spaS195	spaS201	77	60435	76826	148496	0.36652374050107045
p860	spaS195	spaS206	98	60516	76826	157187	0.3488014201974674
p860	spaS195	spaS213	203	52543	76826	131931	0.33635269566108034
p860	spaS195	spaS217	315	46621	76826	126757	0.2970209350033766
p860	spaS195	spaS220	322	49368	76826	142388	0.29066330676024166
p860	spaS199	spaS201	28	110891	149287	148496	0.5933426791944011
p860	spaS199	spaS206	49	111310	149287	157187	0.5703408415486463
p860	spaS199	spaS213	154	90203	149287	131931	0.4722299295866817
p860	spaS199	spaS217	266	69217	149287	126757	0.3346613353188897
p860	spaS199	spaS220	273	78829	149287	142388	0.37035697170724374
p860	spaS201	spaS206	21	119313	148496	157187	0.6401942372699468
p860	spaS201	spaS213	126	96656	148496	131931	0.5259589380261304
p860	spaS201	spaS217	238	70818	148496	126757	0.34640839386602096
p860	spaS201	spaS220	245	82194	148496	142388	0.3938569169581676
p860	spaS206	spaS213	105	96305	157187	131931	0.4994735832127502
p860	spaS206	spaS217	217	76415	157187	126757	0.36821359906326345
p860	spaS206	spaS220	224	87187	157187	142388	0.4105081266361565
p860	spaS213	spaS217	112	75523	131931	126757	0.4123222231321486
p860	spaS213	spaS220	119	87161	131931	142388	0.4657081182743992
p860	spaS217	spaS220	7	107030	126757	142388	0.6602103445085279
p894	spaS139	spaS157	42	63908	136142	97099	0.37741019175234597
p894	spaS139	spaS176	98	67166	136142	114642	0.36579202474702915
p894	spaS139	spaS197	168	60234	136142	121152	0.30566324977164316
p894	spaS139	spaS95	119	32948	136142	89187	0.17126431404348663
p894	spaS157	spaS176	56	71902	97099	114642	0.5141770178562489
p894	spaS157	spaS197	126	70093	97099	121152	0.4730962890967751
p894	spaS157	spaS95	161	13787	97099	89187	0.07992510101507835
p894	spaS176	spaS197	70	79665	114642	121152	0.5102511384816402
p894	spaS176	spaS95	217	13871	114642	89187	0.07302140473157225
p894	spaS197	spaS95	287	8756	121152	89187	0.043436202457548506
p97	spaS25	spaS250	103	80644	105655	130979	0.5169818578113982
p97	spaS25	spaS251	91	84593	105655	151191	0.49109739743284586
p97	spaS25	spaS252	70	87673	105655	142812	0.5452504446683334
p97	spaS25	spaS253	117	81320	105655	130926	0.5237632116242972
p97	spaS25	spaS29	7	95588	105655	122815	0.7193449827666651
p97	spaS25	spaS35	14	78416	105655	102718	0.6033995860169132
p97	spaS25	spaS43	28	53142	105655	68503	0.4391320156012428
p97	spaS250	spaS251	12	111600	130979	151191	0.6542768364894178
p97	spaS250	spaS252	33	106811	130979	142812	0.6396634327464367
p97	spaS250	spaS253	14	115014	130979	130926	0.7829887467578
p97	spaS250	spaS29	110	92940	130979	122815	0.5777910403222798
p97	spaS250	spaS35	117	76518	130979	102718	0.48682075849827267
p97	spaS250	spaS43	131	51626	130979	68503	0.3491640515095769
p97	spaS251	spaS252	21	119397	151191	142812	0.6838081165595684
p97	spaS251	spaS253	26	110249	151191	130926	0.6414748527940047
p97	spaS251	spaS29	98	99552	151191	122815	0.5706489962970182
p97	spaS251	spaS35	105	81149	151191	102718	0.46972100023153507
p97	spaS251	spaS43	119	53214	151191	68503	0.3196419990389236
p97	spaS252	spaS253	47	107176	142812	130926	0.6434600929383653
p97	spaS252	spaS29	77	100777	142812	122815	0.6113254473764028
p97	spaS252	spaS35	84	83188	142812	102718	0.5124243880203521
p97	spaS252	spaS43	98	52417	142812	68503	0.3298782866996438
p97	spaS253	spaS29	124	94674	130926	122815	0.5951831618123181
p97	spaS253	spaS35	131	79212	130926	102718	0.5129247824285122
p97	spaS253	spaS43	145	52206	130926	68503	0.35460491906835206
p97	spaS29	spaS35	7	86839	122815	102718	0.6261193707009676
p97	spaS29	spaS43	21	58243	122815	68503	0.43767048656772495
p97	spaS35	spaS43	14	52070	102718	68503	0.4370085018170221
