amr_gene	aro_call	n_samples
spaS238___16194	Bifidobacterium adolescentis rpoB mutants conferring resistance to rifampicin	285
mh_p110___116940	vanH gene in vanB cluster	269
mh_p110___141476	vanT gene in vanG cluster	268
mh_p110___214258	vanG	263
mh_p125___168177	vanT gene in vanG cluster	263
spaS161___62178	tet(Q)	262
mh_p110___114715	vanY gene in vanB cluster	259
mh_p110___93431	vanY gene in vanB cluster	257
mh_p110___112918	tet(O)	255
spaS111___55809	tet(W)	253
mh_p110___262048	vanY gene in vanB cluster	247
mh_p110___81014	tet(Q)	245
mh_p110___113736	vanH gene in vanF cluster	235
mh_p110___76866	adeF	229
mh_p110___227377	vanT gene in vanG cluster	222
mh_p110___43667	adeF	222
mh_p110___71751	vanY gene in vanB cluster	221
mh_p110___135155	Bifidobacterium bifidum ileS conferring resistance to mupirocin	220
spaS104___6900	vanW gene in vanI cluster	220
mh_p110___226328	vanG	218
mh_p110___7218	tet(Q)	218
mh_p110___15939	vanT gene in vanG cluster	214
mh_p470___57982	Bifidobacterium adolescentis rpoB mutants conferring resistance to rifampicin	213
mh_p110___126862	Mef(En2)	211
mh_p110___91336	adeF	205
spaS153___157487	vanT gene in vanG cluster	205
spaS256___55515	vanW gene in vanI cluster	200
spaS248___122716	CfxA2	197
spaS52___109797	adeF	197
mh_p110___51065	vanT gene in vanG cluster	190
spaS4___73548	tet(32)	187
spaS198___96198	ErmB	184
mh_p110___260910	vanW gene in vanI cluster	183
mh_p110___302628	vanW gene in vanI cluster	182
mh_p110___308886	vanT gene in vanG cluster	182
mh_p110___18579	vanH gene in vanB cluster	179
mh_p110___57668	vanG	177
mh_p125___65366	vanY gene in vanG cluster	172
mh_p125___143687	vanT gene in vanG cluster	170
mh_p110___73432	APH(3')-IIIa	169
mh_p110___55012	vanW gene in vanI cluster	167
spaS9___65067	vanT gene in vanG cluster	167
spaS105___44246	vanG	166
mh_p110___71469	vanH gene in vanO cluster	164
mh_p125___74067	vanY gene in vanF cluster	164
spaS278___111972	vanT gene in vanG cluster	164
mh_p125___40995	vanY gene in vanB cluster	163
mh_p125___143686	vanY gene in vanB cluster	162
spaS107___28840	tet(40)	162
spaS186___155518	vanXY gene in vanG cluster	162
spaS223___121286	Escherichia coli EF-Tu mutants conferring resistance to Pulvomycin	158
spaS257___110403	CRP	158
spaS40___51386	vanW gene in vanI cluster	156
mh_p125___183919	vanY gene in vanB cluster	154
mh_p125___44863	vanT gene in vanG cluster	154
spaS59___149846	vanT gene in vanG cluster	154
mh_p110___280892	adeF	153
mh_p110___192904	vanH gene in vanP cluster	152
mh_p125___86453	vanY gene in vanF cluster	151
spaS223___48285	vanT gene in vanG cluster	151
spaS191___104538	emrR	150
mh_p601___83634	Bifidobacterium adolescentis rpoB mutants conferring resistance to rifampicin	146
mh_p110___7418	vanT gene in vanG cluster	145
spaS32___9278	vanT gene in vanG cluster	144
spaS223___145593	rsmA	143
mh_p110___208008	adeF	142
mh_p110___86990	vanH gene in vanO cluster	142
mh_p813___244517	cpxA	142
spaS223___89108	adeF	142
mh_p125___135132	vanH gene in vanD cluster	141
mh_p125___18991	vanH gene in vanO cluster	140
spaS149___31911	vanW gene in vanI cluster	139
spaS223___114325	dfrF	138
spaS286___172479	vanU gene in vanG cluster	138
mh_p110___265551	tet(36)	137
mh_p125___259419	adeF	137
spaS103___5343	mdtF	137
spaS103___5634	AcrF	137
spaS149___110516	CblA-1	137
spaS158___85710	vanW gene in vanI cluster	137
spaS268___238243	vanG	136
spaS101___47963	mdtP	135
spaS149___73577	mdtO	134
spaS103___7101	mdtC	132
spaS71___92086	CepA-44	132
mh_p110___110447	adeF	131
spaS257___121651	acrD	131
spaS257___148481	Escherichia coli soxR with mutation conferring antibiotic resistance	131
spaS257___148482	Escherichia coli soxS with mutation conferring antibiotic resistance	131
spaS268___121160	vanW gene in vanI cluster	131
spaS280___29568	vanT gene in vanG cluster	131
mh_p125___18154	vanW gene in vanI cluster	130
mh_p813___591351	vanY gene in vanB cluster	130
mh_p813___66509	mdtN	130
spaS116___56477	baeR	130
spaS257___114456	acrB	130
spaS257___115757	mdtE	130
spaS257___70161	Haemophilus influenzae PBP3 conferring resistance to beta-lactam antibiotics	129
mh_p110___160576	vanT gene in vanG cluster	128
spaS142___58202	emrA	128
spaS257___126573	Escherichia coli GlpT with mutation conferring resistance to fosfomycin	128
spaS257___118569	AcrE	127
spaS257___123393	ArnT	127
mh_p110___127275	vanT gene in vanG cluster	126
mh_p110___264502	vanY gene in vanB cluster	126
spaS138___90769	vanY gene in vanA cluster	126
spaS145___118412	vanTr gene in vanL cluster	126
spaS215___14589	vanW gene in vanI cluster	126
spaS257___114455	Escherichia coli acrA	126
mh_p341___232015	ErmF	125
spaS103___3694	emrB	125
spaS136___55556	mdtB	125
spaS257___123390	PmrF	125
mh_p110___57408	vanY gene in vanB cluster	124
mh_p523___189616	tet(Q)	124
spaS257___111951	msbA	124
spaS258___67383	vanW gene in vanG cluster	124
spaS35___105350	vanY gene in vanF cluster	124
mh_p110___119459	tet(Q)	123
mh_p125___292993	vanW gene in vanI cluster	123
spaS268___124325	vanW gene in vanI cluster	123
mh_p110___295519	vanT gene in vanG cluster	122
spaS100___78872	vanY gene in vanB cluster	122
spaS103___7103	baeS	122
spaS116___53374	mdtA	122
spaS80___73189	vanT gene in vanG cluster	122
spaS110___75120	AcrS	121
spaS257___70155	leuO	121
mh_p125___292984	vanY gene in vanB cluster	120
spaS268___185191	vanW gene in vanI cluster	120
mh_p722___45167	YojI	119
spaS257___114454	Escherichia coli AcrAB-TolC with AcrR mutation conferring resistance to ciprofloxacin, tetracycline, and ceftazidime	119
spaS80___80085	Escherichia coli mdfA	119
mh_p125___219286	tet(36)	118
spaS84___51902	EC-19	118
mh_p110___228965	tet(M)	117
spaS103___928	evgS	117
spaS257___53678	mdtH	117
spaS257___92907	vanG	117
spaS103___930	emrK	116
spaS107___41532	vanT gene in vanG cluster	116
spaS183___126015	vanY gene in vanB cluster	116
spaS135___130202	vanG	115
spaS159___37552	emrY	115
spaS257___138407	TolC	115
spaS280___68784	mdtG	115
mh_p110___60288	vanW gene in vanI cluster	114
mh_p110___61948	vanW gene in vanI cluster	114
spaS103___6157	kdpE	114
mh_p125___117577	vanT gene in vanG cluster	113
spaS168___138692	vanW gene in vanI cluster	113
spaS260___59499	vanT gene in vanG cluster	113
spaS267___181977	Escherichia coli EF-Tu mutants conferring resistance to Pulvomycin	113
spaS25___40389	vanY gene in vanB cluster	112
spaS7___105482	vanW gene in vanB cluster	112
mh_p110___18999	vanT gene in vanG cluster	111
mh_p813___409092	bacA	111
spaS238___59977	vanT gene in vanG cluster	111
spaS257___77645	Klebsiella pneumoniae KpnF	111
mh_p110___197667	vanT gene in vanG cluster	110
mh_p110___305203	vanT gene in vanG cluster	110
spaS122___115380	H-NS	110
spaS258___61484	vanT gene in vanG cluster	110
spaS268___151028	vanT gene in vanG cluster	109
mh_p110___126909	vanH gene in vanO cluster	107
mh_p110___71809	vanG	107
spaS209___98169	Escherichia coli AcrAB-TolC with MarR mutations conferring resistance to ciprofloxacin and tetracycline	107
spaS257___103567	evgA	106
spaS257___177144	marA	106
spaS258___105776	vanG	106
spaS268___101564	vanW gene in vanI cluster	106
spaS56___31951	vanT gene in vanG cluster	106
spaS15___95675	SAT-4	104
spaS257___77644	Klebsiella pneumoniae KpnE	104
spaS258___73965	vanY gene in vanG cluster	103
mh_p110___65313	tet(Q)	102
spaS7___96312	eptA	102
spaS224___55055	vanT gene in vanG cluster	101
mh_p110___240411	vanW gene in vanI cluster	99
mh_p125___238155	vanH gene in vanO cluster	99
spaS205___42019	mdtM	99
spaS223___141508	vanY gene in vanG cluster	99
mh_p728___282004	vanW gene in vanI cluster	98
mh_p728___47276	vanT gene in vanG cluster	98
spaS257___153652	ugd	98
mh_p125___116546	vanT gene in vanG cluster	97
spaS205___104075	vanW gene in vanI cluster	97
spaS52___145628	vanG	96
mh_p110___168334	vanY gene in vanF cluster	95
spaS79___58953	vanT gene in vanG cluster	94
mh_p125___142416	adeF	93
mh_p110___210735	vanT gene in vanG cluster	92
mh_p110___280436	vanW gene in vanI cluster	92
mh_p860___82341	vanH gene in vanB cluster	92
spaS272___21450	adeF	92
mh_p110___253639	vanH gene in vanO cluster	91
mh_p125___258203	vanY gene in vanF cluster	91
mh_p341___63845	vanT gene in vanG cluster	91
spaS228___46969	tet(M)	91
spaS96___78505	vanT gene in vanG cluster	91
mh_p110___111603	vanT gene in vanG cluster	90
mh_p110___139114	adeF	90
spaS216___122567	vanG	90
spaS140___103664	vanW gene in vanI cluster	89
spaS269___221190	vanY gene in vanM cluster	89
spaS113___81095	Erm(49)	88
spaS124___106158	Campylobacter coli chloramphenicol acetyltransferase	88
spaS282___132579	vanT gene in vanG cluster	88
spaS59___94408	vanW gene in vanI cluster	88
mh_p110___154160	vanY gene in vanB cluster	87
spaS216___112560	tet(36)	87
spaS282___93890	vanW gene in vanI cluster	87
mh_p110___313104	vanT gene in vanG cluster	86
spaS133___77041	vanW gene in vanI cluster	86
spaS257___149081	vanW gene in vanI cluster	85
mh_p110___126313	vanW gene in vanI cluster	84
mh_p110___298423	nimA	84
mh_p125___91697	vanW gene in vanI cluster	84
mh_p110___285798	poxtA	83
mh_p125___211326	vanT gene in vanG cluster	83
mh_p292___164528	poxtA	82
spaS222___100548	vanW gene in vanI cluster	82
spaS268___45203	Escherichia coli UhpT with mutation conferring resistance to fosfomycin	82
spaS213___40850	vanT gene in vanG cluster	81
spaS215___54592	nimG	81
mh_p110___160577	vanXY gene in vanG cluster	80
spaS187___66416	gadW	79
spaS228___57766	vanW gene in vanI cluster	79
mh_p110___206472	vanW gene in vanI cluster	78
mh_p110___45059	vanT gene in vanG cluster	78
mh_p110___60943	adeF	77
spaS268___174175	vanW gene in vanI cluster	77
mh_p125___90694	vanT gene in vanG cluster	76
spaS120___60478	vanW gene in vanI cluster	75
spaS215___163184	tet(Q)	74
mh_p125___156864	vanW gene in vanI cluster	73
spaS257___166400	tetB(P)	73
spaS276___117568	vanT gene in vanG cluster	72
spaS37___25571	vanW gene in vanI cluster	72
mh_p125___189393	vanT gene in vanG cluster	71
mh_p125___275430	vanH gene in vanB cluster	71
mh_p341___257802	vanT gene in vanG cluster	71
mh_p398___216294	vanY gene in vanB cluster	71
mh_p110___152782	vanH gene in vanO cluster	70
mh_p110___152783	vanY gene in vanM cluster	69
mh_p292___237226	vanW gene in vanI cluster	68
spaS58___55876	tet(Q)	68
mh_p110___154007	vanY gene in vanG cluster	67
spaS184___7762	lmrD	67
spaS84___65626	Escherichia coli emrE	67
mh_p110___130307	vanT gene in vanG cluster	66
mh_p125___90886	vanY gene in vanG cluster	66
spaS223___19480	vanT gene in vanG cluster	66
spaS257___237614	gadX	66
mh_p125___229690	vanT gene in vanG cluster	65
mh_p728___162604	vanT gene in vanG cluster	65
spaS18___94929	vanT gene in vanG cluster	65
mh_p110___274689	ErmQ	64
spaS279___63083	vanW gene in vanI cluster	64
mh_p110___15608	vanW gene in vanI cluster	63
mh_p110___262319	vanT gene in vanG cluster	63
mh_p125___118782	tet(36)	63
mh_p125___222877	vanG	63
mh_p523___149226	vanW gene in vanI cluster	63
spaS104___5876	lnuC	63
spaS24___76013	Escherichia coli cyaA with mutation conferring resistance to fosfomycin	63
spaS81___73862	vanT gene in vanG cluster	63
mh_p110___136028	vanW gene in vanI cluster	62
mh_p110___136762	vanH gene in vanB cluster	62
mh_p125___121489	qacG	62
mh_p341___221414	vanY gene in vanF cluster	62
mh_p341___236220	vanY gene in vanA cluster	62
mh_p584___4124	tet(Q)	62
spaS174___176739	vanW gene in vanI cluster	62
spaS184___96747	vanT gene in vanG cluster	62
spaS238___42228	vanW gene in vanI cluster	62
spaS257___160881	Escherichia coli UhpT with mutation conferring resistance to fosfomycin	62
spaS281___51793	vanY gene in vanA cluster	62
mh_p110___205338	tet(Q)	61
mh_p292___45991	vanY gene in vanB cluster	61
mh_p341___75616	vanW gene in vanI cluster	61
spaS196___101720	vanY gene in vanG cluster	61
spaS202___130727	vanH gene in vanO cluster	61
spaS210___151392	vanT gene in vanG cluster	61
spaS239___82814	vanY gene in vanM cluster	61
spaS30___117964	tet(X)	61
spaS54___90300	vanT gene in vanG cluster	61
spaS259___135376	vanT gene in vanC cluster	60
mh_p110___54250	vanY gene in vanA cluster	59
mh_p110___86200	vanT gene in vanG cluster	59
mh_p110___99282	vanT gene in vanG cluster	59
mh_p341___72273	vanT gene in vanG cluster	59
spaS118___31646	vanT gene in vanG cluster	59
spaS150___75382	tet(Q)	59
spaS215___62593	vanT gene in vanG cluster	59
spaS223___94247	vanW gene in vanI cluster	59
spaS259___170239	vanG	59
spaS278___70599	vanW gene in vanI cluster	59
spaS59___136742	vanG	59
mh_p110___116616	vanT gene in vanG cluster	58
mh_p125___143600	vanT gene in vanG cluster	58
mh_p292___133124	TEM-1	58
mh_p722___71954	qacG	58
spaS161___93308	vanG	58
spaS171___2206	vanG	58
spaS223___24713	vanY gene in vanB cluster	58
spaS223___24740	vanY gene in vanF cluster	58
mh_p110___235557	vanW gene in vanI cluster	57
mh_p125___78778	vanY gene in vanB cluster	57
spaS116___75721	vanXY gene in vanG cluster	57
spaS177___71125	Haemophilus influenzae PBP3 conferring resistance to beta-lactam antibiotics	57
spaS209___30389	vanW gene in vanI cluster	57
spaS259___106091	adeF	57
spaS259___117828	vanT gene in vanG cluster	57
mh_p110___234882	vanT gene in vanG cluster	56
mh_p110___289243	vanG	56
mh_p110___66809	vanW gene in vanI cluster	56
spaS118___52145	adeF	56
spaS123___79567	vanY gene in vanB cluster	56
spaS207___48092	vanT gene in vanG cluster	56
spaS257___141083	vanT gene in vanG cluster	56
spaS257___236367	aad(6)	56
spaS35___101427	vanT gene in vanG cluster	56
spaS215___139077	Erm(52)	55
spaS223___44316	vanY gene in vanA cluster	55
spaS225___62737	tet(W/N/W)	55
spaS257___121615	vanW gene in vanI cluster	55
spaS265___22752	mdeA	55
mh_p110___231161	vanW gene in vanI cluster	54
mh_p110___285350	vanY gene in vanB cluster	54
spaS103___5340	gadX	54
spaS130___36949	vanG	54
spaS258___8315	vanW gene in vanG cluster	54
spaS66___107746	vanY gene in vanG cluster	54
mh_p125___23340	vanY gene in vanB cluster	53
spaS178___128151	vanT gene in vanG cluster	53
spaS118___97576	vanY gene in vanG cluster	52
spaS223___31436	vanY gene in vanF cluster	52
spaS257___47823	adeF	52
spaS257___69842	vanY gene in vanB cluster	52
mh_p110___171178	vanY gene in vanB cluster	51
mh_p110___208121	vanT gene in vanG cluster	51
spaS223___151291	aad(6)	51
spaS257___60392	vanG	51
spaS257___60393	vanXY gene in vanG cluster	51
spaS258___45015	vanY gene in vanB cluster	51
spaS259___157404	tet(44)	51
spaS259___166726	ErmX	51
spaS259___170484	vanW gene in vanI cluster	51
spaS267___147114	vanW gene in vanI cluster	51
spaS269___181947	vanW gene in vanI cluster	51
spaS287___238043	vanW gene in vanI cluster	51
spaS98___32207	vanT gene in vanG cluster	51
mh_p110___122076	vanT gene in vanG cluster	50
mh_p110___171297	vanG	50
mh_p110___208119	vanG	50
spaS19___108415	vanXY gene in vanG cluster	50
spaS282___164301	vanW gene in vanI cluster	50
mh_p110___235877	tet(36)	49
mh_p292___254977	vanY gene in vanB cluster	49
spaS118___73026	adeF	49
spaS257___53996	vanT gene in vanG cluster	49
spaS257___85806	adeF	49
spaS258___125618	vanY gene in vanB cluster	49
spaS50___95279	vanT gene in vanG cluster	49
mh_p125___193325	vanY gene in vanG cluster	48
spaS221___113281	vanH gene in vanO cluster	48
spaS259___151567	vanT gene in vanG cluster	48
mh_p341___202537	vanW gene in vanI cluster	47
spaS147___80373	poxtA	47
spaS216___91128	vanH gene in vanO cluster	47
spaS223___31464	vanY gene in vanB cluster	47
spaS267___89906	vanW gene in vanI cluster	47
spaS284___132780	vanT gene in vanG cluster	47
spaS61___145592	vanY gene in vanF cluster	47
mh_p110___171296	vanXY gene in vanG cluster	46
mh_p110___25662	poxtA	46
spaS257___104599	vanY gene in vanG cluster	46
spaS257___154300	vanY gene in vanB cluster	46
spaS257___60394	vanT gene in vanG cluster	46
spaS257___76556	vanW gene in vanI cluster	46
spaS267___101841	vanW gene in vanI cluster	46
spaS282___79676	tet(M)	46
spaS88___93422	vanT gene in vanG cluster	46
mh_p470___57419	tet(36)	45
mh_p523___110445	vanH gene in vanO cluster	45
mh_p644___82345	vanY gene in vanB cluster	45
spaS118___97382	vanY gene in vanG cluster	45
spaS201___117020	vanY gene in vanG cluster	45
spaS215___2613	vanW gene in vanI cluster	45
spaS222___141213	catP	45
spaS257___60070	tet(Q)	45
spaS257___94209	vanT gene in vanG cluster	45
spaS259___132980	vanY gene in vanG cluster	45
spaS267___120051	vanW gene in vanI cluster	45
spaS267___163567	vanT gene in vanG cluster	45
spaS282___178330	vanW gene in vanI cluster	45
mh_p110___156006	vanW gene in vanI cluster	44
mh_p292___109764	Klebsiella pneumoniae KpnH	43
mh_p398___195467	aadS	43
spaS223___85284	vanY gene in vanG cluster	43
spaS257___133542	Escherichia coli PtsI with mutation conferring resistance to fosfomycin	43
spaS257___230463	vanT gene in vanG cluster	43
spaS257___89784	vanT gene in vanG cluster	43
mh_p110___284171	vanY gene in vanG cluster	42
mh_p125___179923	vanT gene in vanG cluster	42
mh_p125___225480	qacG	42
spaS211___100118	vanW gene in vanI cluster	42
spaS257___113004	mefH	42
spaS257___41003	vanY gene in vanB cluster	42
spaS258___17148	vanG	42
spaS268___43534	Haemophilus influenzae PBP3 conferring resistance to beta-lactam antibiotics	42
spaS294___21496	vanH gene in vanF cluster	42
spaS298___114795	vanH gene in vanO cluster	42
mh_p110___100105	vanG	41
mh_p110___285747	vanW gene in vanI cluster	41
mh_p125___56341	vanT gene in vanG cluster	41
mh_p292___112635	vanG	41
spaS153___49863	vanW gene in vanI cluster	41
spaS156___118811	vanT gene in vanG cluster	41
spaS257___108034	nimG	41
spaS257___152631	vanT gene in vanG cluster	41
spaS257___84342	vanW gene in vanI cluster	41
spaS286___237752	vanH gene in vanB cluster	41
mh_p110___247594	vanT gene in vanG cluster	40
mh_p292___172152	vanW gene in vanI cluster	39
spaS141___65888	vanW gene in vanI cluster	39
spaS215___55494	vanY gene in vanA cluster	39
spaS215___75673	vanY gene in vanF cluster	39
spaS221___95681	vanW gene in vanI cluster	39
spaS24___60450	adeF	39
spaS257___119420	vanT gene in vanG cluster	39
spaS258___173928	vanW gene in vanI cluster	39
mh_p125___134306	vanY gene in vanB cluster	38
mh_p125___293711	qacG	38
mh_p292___164524	vanT gene in vanG cluster	38
mh_p292___46463	vanW gene in vanI cluster	38
mh_p523___353195	oqxB	38
spaS259___146015	vanT gene in vanG cluster	38
mh_p292___153148	mphA	37
mh_p292___284198	vanT gene in vanG cluster	37
mh_p398___203777	vanY gene in vanB cluster	37
spaS182___99724	vanW gene in vanI cluster	37
spaS215___101285	vanY gene in vanB cluster	37
spaS266___102163	vanW gene in vanI cluster	37
spaS98___27004	ANT(6)-Ib	37
mh_p110___288164	vanW gene in vanB cluster	36
mh_p125___226614	vanW gene in vanB cluster	36
mh_p292___143528	adeF	36
mh_p523___46666	vanY gene in vanF cluster	36
spaS154___67859	vanT gene in vanG cluster	36
spaS184___46248	nimA	36
spaS192___79241	Escherichia coli parC conferring resistance to fluoroquinolones	36
spaS216___155279	vanG	36
spaS24___98152	vanY gene in vanB cluster	36
spaS257___154606	mefH	36
spaS257___31112	vanW gene in vanI cluster	36
spaS257___43775	vanT gene in vanG cluster	36
spaS260___67818	ErmT	36
mh_p110___157705	vanT gene in vanG cluster	35
mh_p110___281780	vanT gene in vanG cluster	35
mh_p125___236208	vanW gene in vanI cluster	35
mh_p125___281053	tet(36)	35
mh_p125___3625	vanY gene in vanB cluster	35
mh_p292___153147	Mrx	35
mh_p341___125110	sul2	35
mh_p408___61422	vanW gene in vanI cluster	35
mh_p470___17502	gadW	35
spaS100___47721	vanT gene in vanG cluster	35
spaS228___69025	vanT gene in vanG cluster	35
spaS257___189876	vanW gene in vanI cluster	35
spaS257___33597	vanT gene in vanG cluster	35
spaS267___117807	tet(36)	35
spaS39___49352	vanG	35
mh_p110___134892	vanW gene in vanI cluster	34
mh_p110___163202	vanT gene in vanG cluster	34
mh_p110___79965	vanY gene in vanB cluster	34
mh_p125___134595	vanW gene in vanG cluster	34
mh_p125___58329	vanY gene in vanB cluster	34
mh_p292___339702	adeF	34
mh_p341___125114	tet(A)	34
mh_p523___300828	vanY gene in vanM cluster	34
spaS141___82523	vanW gene in vanI cluster	34
spaS285___126620	vanY gene in vanB cluster	34
spaS34___89520	vanY gene in vanB cluster	34
spaS44___101105	qacG	34
spaS74___83659	vanY gene in vanG cluster	34
spaS85___106610	vanY gene in vanM cluster	34
mh_p110___200721	vanW gene in vanI cluster	33
mh_p110___90093	catS	33
mh_p125___114913	vanT gene in vanG cluster	33
mh_p125___149881	vanH gene in vanO cluster	33
mh_p292___223671	vanT gene in vanG cluster	33
mh_p292___237153	vanY gene in vanM cluster	33
mh_p292___280728	vanY gene in vanB cluster	33
mh_p292___285131	vanT gene in vanG cluster	33
mh_p292___7048	vanW gene in vanI cluster	33
mh_p398___244233	FosXCC	33
spaS102___79846	tetA(46)	33
spaS205___17508	Escherichia coli gyrA conferring resistance to fluoroquinolones	33
mh_p110___146450	vanT gene in vanG cluster	32
mh_p125___167368	vanW gene in vanI cluster	32
mh_p398___8705	vanY gene in vanB cluster	32
mh_p408___122334	vanT gene in vanG cluster	32
spaS127___100477	poxtA	32
spaS186___102516	vanG	32
spaS215___124066	vanT gene in vanG cluster	32
spaS258___93477	vanW gene in vanI cluster	32
mh_p110___240359	vanG	31
mh_p110___282322	vanY gene in vanM cluster	31
mh_p125___90324	vanW gene in vanI cluster	31
mh_p398___102653	vanW gene in vanI cluster	31
mh_p813___176434	Morganella morganii gyrB conferring resistance to fluoroquinolones	31
spaS184___138457	tet(O)	31
spaS257___13764	vanT gene in vanG cluster	31
spaS257___23240	vanH gene in vanO cluster	31
spaS259___128855	AAC(6')-Ie-APH(2'')-Ia bifunctional protein	31
mh_p110___117516	vanY gene in vanG cluster	30
mh_p110___247147	vanW gene in vanI cluster	30
mh_p110___275393	vanG	30
mh_p110___275506	vanT gene in vanG cluster	30
mh_p110___32099	vanW gene in vanI cluster	30
mh_p125___141214	vanT gene in vanG cluster	30
mh_p341___48422	vanW gene in vanI cluster	30
mh_p860___18379	tet(36)	30
spaS209___16970	vanW gene in vanI cluster	30
spaS215___31570	vanY gene in vanF cluster	30
spaS257___52108	tet(36)	30
spaS267___2957	vanW gene in vanI cluster	30
spaS98___26541	vanY gene in vanM cluster	30
mh_p110___143221	nimJ	29
mh_p110___263735	vanY gene in vanB cluster	29
mh_p341___37195	adeF	29
mh_p341___78733	vanT gene in vanG cluster	29
mh_p398___205363	vanT gene in vanG cluster	29
mh_p408___114823	vanXY gene in vanG cluster	29
mh_p523___149761	vanW gene in vanI cluster	29
spaS171___18313	vanT gene in vanG cluster	29
spaS171___65199	vanY gene in vanF cluster	29
spaS202___17927	vanW gene in vanI cluster	29
spaS44___58879	vanH gene in vanO cluster	29
spaS81___105979	tet(Q)	29
mh_p110___162948	vanT gene in vanG cluster	28
mh_p110___162951	poxtA	28
mh_p110___192390	vanW gene in vanI cluster	28
mh_p110___213890	vanY gene in vanB cluster	28
mh_p110___85010	vanT gene in vanG cluster	28
mh_p292___339557	adeF	28
mh_p292___446223	vanW gene in vanI cluster	28
mh_p341___127473	sul1	28
mh_p523___201015	vanW gene in vanI cluster	28
mh_p523___25991	ramA	28
mh_p789___217401	vanT gene in vanG cluster	28
mh_p813___506763	acrB	28
spaS135___98248	tet(36)	28
spaS258___139676	vanW gene in vanI cluster	28
spaS261___54676	vanW gene in vanI cluster	28
spaS268___137240	bacA	28
spaS300___207722	vanH gene in vanB cluster	28
spaS74___108074	vanY gene in vanM cluster	28
spaS98___20974	mdeA	28
mh_p110___120739	vanT gene in vanG cluster	27
mh_p110___132302	vanY gene in vanB cluster	27
mh_p110___170269	vanT gene in vanG cluster	27
mh_p408___49825	mefH	27
mh_p523___244642	vanG	27
spaS102___64333	vanW gene in vanI cluster	27
spaS154___62570	vanT gene in vanG cluster	27
spaS184___131760	vanW gene in vanI cluster	27
spaS215___160648	vanT gene in vanG cluster	27
spaS268___121005	adeF	27
mh_p110___174791	vanY gene in vanF cluster	26
mh_p125___249107	vanT gene in vanG cluster	26
mh_p341___91126	CfxA2	26
mh_p470___158582	vanG	26
mh_p523___244641	vanT gene in vanG cluster	26
mh_p523___371746	vanH gene in vanO cluster	26
mh_p813___170333	vanW gene in vanG cluster	26
spaS215___170295	vanT gene in vanG cluster	26
spaS228___53976	vanT gene in vanG cluster	26
spaS257___174063	nimA	26
spaS257___61357	adeF	26
spaS258___227669	vanY gene in vanB cluster	26
spaS258___79316	tet(M)	26
spaS268___243572	Escherichia coli mdfA	26
spaS282___115211	vanW gene in vanI cluster	26
spaS285___117709	vanW gene in vanI cluster	26
spaS44___88309	vanY gene in vanB cluster	26
mh_p110___27848	vanG	25
mh_p110___45414	vanT gene in vanG cluster	25
mh_p292___396879	nimA	25
mh_p341___125112	APH(6)-Id	25
mh_p408___122408	vanW gene in vanI cluster	25
mh_p523___42791	vanY gene in vanB cluster	25
mh_p550___192311	tet(45)	25
spaS154___67515	poxtA	25
spaS15___20395	tet(W)	25
spaS171___86869	APH(3'')-Ib	25
spaS184___44271	vanW gene in vanI cluster	25
spaS184___64971	mdtC	25
spaS186___175392	vanY gene in vanG cluster	25
spaS206___151182	vanW gene in vanB cluster	25
spaS215___75136	adeF	25
spaS257___169275	vanY gene in vanB cluster	25
spaS268___189447	FosA2	25
spaS268___19881	Klebsiella pneumoniae KpnH	25
spaS282___156008	vanW gene in vanI cluster	25
spaS34___82235	vanW gene in vanI cluster	25
spaS84___60703	vanH gene in vanO cluster	25
mh_p110___162725	vanY gene in vanB cluster	24
mh_p110___227021	vanT gene in vanC cluster	24
mh_p110___279093	vanT gene in vanG cluster	24
mh_p110___309250	vanG	24
mh_p110___7009	vanT gene in vanG cluster	24
spaS132___82718	vanW gene in vanI cluster	24
spaS143___62489	vanH gene in vanO cluster	24
spaS169___203960	Escherichia coli soxS with mutation conferring antibiotic resistance	24
spaS184___58348	msbA	24
spaS184___78469	vanT gene in vanG cluster	24
spaS212___53469	vanY gene in vanG cluster	24
spaS213___122940	qacG	24
spaS215___241950	vanY gene in vanB cluster	24
spaS257___38007	adeF	24
spaS258___135173	poxtA	24
spaS268___206655	vanY gene in vanB cluster	24
mh_p110___235414	vanG	23
mh_p110___285167	vanW gene in vanI cluster	23
mh_p125___270977	Bifidobacterium adolescentis rpoB mutants conferring resistance to rifampicin	23
mh_p292___250075	vanT gene in vanG cluster	23
mh_p408___28857	vanY gene in vanB cluster	23
mh_p523___224976	vanW gene in vanI cluster	23
mh_p813___166281	vanY gene in vanB cluster	23
mh_p813___399112	tet(36)	23
spaS102___28021	vanY gene in vanF cluster	23
spaS103___16450	eptA	23
spaS130___77665	tet(36)	23
spaS184___49678	ACT-74	23
spaS184___64972	mdtB	23
spaS202___110277	vanW gene in vanI cluster	23
spaS215___75140	adeF	23
spaS216___167639	vanT gene in vanG cluster	23
spaS268___19880	Klebsiella pneumoniae KpnG	23
spaS282___165291	vanT gene in vanG cluster	23
spaS48___37085	vanY gene in vanG cluster	23
mh_p110___130666	vanY gene in vanF cluster	22
mh_p110___181135	vanY gene in vanA cluster	22
mh_p125___252970	vanY gene in vanB cluster	22
mh_p292___376305	vanG	22
mh_p398___235979	tet(36)	22
mh_p470___273168	vanT gene in vanG cluster	22
mh_p789___329760	vanY gene in vanA cluster	22
spaS127___111986	vanY gene in vanG cluster	22
spaS215___123528	vanY gene in vanB cluster	22
spaS221___95779	vanW gene in vanI cluster	22
spaS223___85820	vanW gene in vanB cluster	22
spaS257___184420	vanW gene in vanI cluster	22
spaS258___140908	vanT gene in vanG cluster	22
spaS268___187119	Escherichia coli AcrAB-TolC with MarR mutations conferring resistance to ciprofloxacin and tetracycline	22
spaS268___8755	baeR	22
spaS272___129633	vanG	22
mh_p110___252034	vanY gene in vanB cluster	21
mh_p110___291447	vanY gene in vanB cluster	21
mh_p110___308473	vanT gene in vanG cluster	21
mh_p110___89668	vanT gene in vanG cluster	21
mh_p292___180458	vanG	21
mh_p292___265334	vanT gene in vanG cluster	21
mh_p398___158146	vanH gene in vanO cluster	21
mh_p584___69205	leuO	21
spaS127___112263	poxtA	21
spaS268___187118	marA	21
spaS268___4978	PmrF	21
spaS268___68528	msbA	21
spaS9___44335	OmpA	21
mh_p110___252026	vanG	20
mh_p292___73009	vanY gene in vanB cluster	20
mh_p398___100249	vanT gene in vanC cluster	20
mh_p470___77992	nimA	20
mh_p601___315140	vanY gene in vanG cluster	20
mh_p789___277220	vanW gene in vanI cluster	20
mh_p813___550583	vanT gene in vanG cluster	20
spaS116___19697	vanW gene in vanI cluster	20
spaS212___62083	vanXY gene in vanG cluster	20
spaS214___97290	vanW gene in vanI cluster	20
spaS235___36528	vanT gene in vanG cluster	20
spaS257___18961	vanY gene in vanG cluster	20
spaS258___94109	vanW gene in vanG cluster	20
spaS268___30196	Escherichia coli AcrAB-TolC with MarR mutations conferring resistance to ciprofloxacin and tetracycline	20
spaS268___30197	marA	20
spaS268___39881	acrB	20
spaS268___8758	mdtC	20
spaS3___76201	vanH gene in vanB cluster	20
spaS3___95504	vanY gene in vanF cluster	20
spaS81___56601	vanT gene in vanG cluster	20
mh_p125___167067	catS	19
mh_p125___213279	vanY gene in vanG cluster	19
mh_p470___230072	poxtA	19
mh_p523___140811	vanW gene in vanI cluster	19
mh_p523___148580	vanT gene in vanG cluster	19
mh_p523___304756	vanW gene in vanI cluster	19
mh_p550___126323	Klebsiella pneumoniae KpnE	19
mh_p789___246381	vanW gene in vanG cluster	19
spaS127___92974	poxtA	19
spaS214___72375	vanW gene in vanI cluster	19
spaS215___74033	vanT gene in vanG cluster	19
spaS257___128287	vanW gene in vanI cluster	19
spaS257___18570	vanT gene in vanG cluster	19
spaS259___152748	LnuP	19
spaS268___130680	vanW gene in vanI cluster	19
spaS268___248975	Klebsiella pneumoniae KpnF	19
spaS268___69472	acrD	19
spaS282___228255	vanY gene in vanA cluster	19
spaS3___58391	vanY gene in vanM cluster	19
spaS67___142030	Mycobacterium tuberculosis rpsL mutations conferring resistance to Streptomycin	19
spaS7___27159	vanT gene in vanG cluster	19
mh_p110___248346	vanT gene in vanG cluster	18
mh_p341___146129	vanW gene in vanI cluster	18
mh_p470___229995	vanG	18
mh_p789___509274	vanW gene in vanB cluster	18
spaS136___59440	oqxA	18
spaS163___15525	vanY gene in vanG cluster	18
spaS167___82603	vanY gene in vanG cluster	18
spaS194___182301	vanW gene in vanI cluster	18
spaS207___97649	vanW gene in vanI cluster	18
spaS214___112917	vanW gene in vanI cluster	18
spaS215___75473	vanW gene in vanB cluster	18
spaS258___216524	qacG	18
spaS274___63663	vanW gene in vanI cluster	18
spaS7___4752	nimI	18
spaS81___74895	vanY gene in vanB cluster	18
spaS94___68112	vanY gene in vanM cluster	18
spaS97___92099	vanY gene in vanF cluster	18
mh_p125___187206	vanT gene in vanG cluster	17
mh_p125___223677	vanT gene in vanG cluster	17
mh_p292___432877	tet(32)	17
mh_p398___95910	vanT gene in vanG cluster	17
mh_p470___14953	vanW gene in vanI cluster	17
mh_p601___285113	emrB	17
mh_p789___571954	vanT gene in vanG cluster	17
mh_p894___80566	ErmG	17
spaS102___28344	vanY gene in vanG cluster	17
spaS110___1551	vanH gene in vanD cluster	17
spaS16___102662	tet(Q)	17
spaS212___106538	vanY gene in vanA cluster	17
spaS215___108122	vanY gene in vanB cluster	17
spaS215___163486	vanY gene in vanB cluster	17
spaS257___151670	vanY gene in vanF cluster	17
spaS257___151925	vanW gene in vanG cluster	17
spaS257___31314	vanY gene in vanB cluster	17
spaS272___146811	ANT(3'')-IIa	17
spaS282___55696	vanY gene in vanB cluster	17
spaS30___142862	vanY gene in vanF cluster	17
spaS66___121230	vanY gene in vanB cluster	17
mh_p110___144348	adeF	16
mh_p110___185816	vanT gene in vanG cluster	16
mh_p125___103233	vanY gene in vanF cluster	16
mh_p125___150725	vanW gene in vanI cluster	16
mh_p125___171583	vanY gene in vanF cluster	16
mh_p125___171584	vanY gene in vanF cluster	16
mh_p125___186446	tet(W/32/O)	16
mh_p125___218047	vanT gene in vanG cluster	16
mh_p125___271783	vanW gene in vanI cluster	16
mh_p125___57138	vanW gene in vanI cluster	16
mh_p125___62085	vanT gene in vanG cluster	16
mh_p341___7832	mdtB	16
mh_p523___287614	vanT gene in vanG cluster	16
mh_p523___338296	vanT gene in vanG cluster	16
mh_p601___322313	acrD	16
mh_p789___521245	vanG	16
spaS188___181805	vanY gene in vanB cluster	16
spaS214___74019	vanW gene in vanI cluster	16
spaS214___88720	vanW gene in vanI cluster	16
spaS214___92177	vanW gene in vanG cluster	16
spaS215___105178	vanY gene in vanB cluster	16
spaS215___176925	vanH gene in vanB cluster	16
spaS215___223163	vanY gene in vanB cluster	16
spaS223___60781	adeF	16
spaS259___126296	vanW gene in vanI cluster	16
spaS26___110692	vanT gene in vanG cluster	16
spaS282___114833	vanW gene in vanI cluster	16
spaS282___54485	vanY gene in vanB cluster	16
spaS287___88558	poxtA	16
spaS295___281330	vanY gene in vanB cluster	16
spaS2___42334	vanY gene in vanB cluster	16
spaS50___158047	vanW gene in vanI cluster	16
spaS99___73173	vanY gene in vanG cluster	16
mh_p110___208238	adeF	15
mh_p110___276649	vanT gene in vanG cluster	15
mh_p110___76261	adeF	15
mh_p125___206165	vanG	15
mh_p292___270618	vanH gene in vanO cluster	15
mh_p341___161528	ArnT	15
mh_p341___277490	vanW gene in vanI cluster	15
mh_p398___106530	vanW gene in vanI cluster	15
mh_p398___155632	vanH gene in vanO cluster	15
mh_p398___182090	poxtA	15
mh_p408___57747	vanT gene in vanG cluster	15
mh_p584___167115	tet(Q)	15
spaS206___103393	vanW gene in vanI cluster	15
spaS212___14778	vanT gene in vanG cluster	15
spaS214___139780	vanT gene in vanG cluster	15
spaS215___155684	APH(2'')-IIa	15
spaS215___168220	vanT gene in vanG cluster	15
spaS215___170951	vanH gene in vanO cluster	15
spaS253___101875	SAT-2	15
spaS257___205526	vanT gene in vanG cluster	15
spaS267___195387	vanT gene in vanG cluster	15
spaS272___125477	vanT gene in vanG cluster	15
spaS2___48857	vanT gene in vanG cluster	15
spaS3___53643	vanW gene in vanI cluster	15
spaS3___68388	qacEdelta1	15
spaS5___147726	vanW gene in vanI cluster	15
mh_p110___20091	vanT gene in vanG cluster	14
mh_p110___24182	adeF	14
mh_p125___156212	vanG	14
mh_p125___156213	vanXY gene in vanG cluster	14
mh_p292___68005	vanY gene in vanB cluster	14
mh_p341___120634	Klebsiella pneumoniae KpnF	14
mh_p341___178686	vanW gene in vanI cluster	14
mh_p341___294690	vanT gene in vanG cluster	14
mh_p341___35110	vanT gene in vanG cluster	14
mh_p341___62368	Escherichia coli mdfA	14
mh_p584___107045	eptB	14
mh_p584___215752	vanW gene in vanI cluster	14
mh_p584___39455	patA	14
mh_p644___166458	nimJ	14
mh_p722___155575	poxtA	14
mh_p97___66463	vanW gene in vanI cluster	14
spaS134___102468	vanW gene in vanI cluster	14
spaS169___205980	vanG	14
spaS184___28691	vanW gene in vanI cluster	14
spaS214___95648	vanY gene in vanB cluster	14
spaS215___54768	vanY gene in vanB cluster	14
spaS215___81376	vanW gene in vanI cluster	14
spaS216___77112	vanT gene in vanG cluster	14
spaS257___60312	vanW gene in vanI cluster	14
spaS257___71794	adeF	14
spaS257___94459	vanD	14
spaS268___131277	vanW gene in vanI cluster	14
spaS274___63612	tet(36)	14
spaS274___74884	vanW gene in vanI cluster	14
spaS282___98210	vanT gene in vanG cluster	14
spaS6___60432	dfrA17	14
mh_p110___184896	vanY gene in vanF cluster	13
mh_p110___187381	vanY gene in vanB cluster	13
mh_p110___292463	nimD	13
mh_p125___156214	vanT gene in vanG cluster	13
mh_p125___156215	vanT gene in vanG cluster	13
mh_p125___24415	tet(36)	13
mh_p292___135072	vanY gene in vanB cluster	13
mh_p292___253269	vanY gene in vanB cluster	13
mh_p292___319792	vanH gene in vanO cluster	13
mh_p292___341	vanW gene in vanI cluster	13
mh_p292___407405	vanG	13
mh_p341___120633	Klebsiella pneumoniae KpnE	13
mh_p341___127470	DHA-1	13
mh_p341___145546	vanY gene in vanG cluster	13
mh_p341___159327	vanG	13
mh_p341___29856	oqxA	13
mh_p341___80005	leuO	13
mh_p341___80035	LptD	13
mh_p398___195465	tet(X1)	13
mh_p523___180927	poxtA	13
mh_p550___260458	EstT	13
mh_p584___209950	vanW gene in vanI cluster	13
mh_p894___20293	nimG	13
spaS184___51457	tet(Q)	13
spaS184___53497	vanT gene in vanG cluster	13
spaS192___94936	vanR gene in vanD cluster	13
spaS194___152888	vanY gene in vanB cluster	13
spaS214___92175	vanXY gene in vanG cluster	13
spaS214___92176	vanG	13
spaS215___118181	qacG	13
spaS215___155685	AAC(6')-Im	13
spaS23___39126	vanY gene in vanG cluster	13
spaS257___75799	vanT gene in vanG cluster	13
spaS257___97624	vanW gene in vanI cluster	13
spaS273___85219	vanW gene in vanI cluster	13
spaS2___51517	vanY gene in vanB cluster	13
spaS30___21533	vanY gene in vanB cluster	13
spaS63___1798	vanY gene in vanG cluster	13
spaS73___80673	vanT gene in vanG cluster	13
spaS75___89522	vanY gene in vanM cluster	13
spaS79___176989	vanY gene in vanF cluster	13
spaS98___44550	tet(36)	13
mh_p110___129351	vanG	12
mh_p125___230037	vanY gene in vanF cluster	12
mh_p125___230038	vanY gene in vanF cluster	12
mh_p292___125250	vanY gene in vanG cluster	12
mh_p292___139685	mefH	12
mh_p292___321845	tet(Q)	12
mh_p292___354728	vanY gene in vanF cluster	12
mh_p341___62887	vanT gene in vanG cluster	12
mh_p341___77016	poxtA	12
mh_p408___217157	vanW gene in vanI cluster	12
mh_p523___360260	vanG	12
mh_p584___185877	nimA	12
mh_p722___6061	vanW gene in vanI cluster	12
mh_p789___257591	vanW gene in vanI cluster	12
mh_p789___604352	vanT gene in vanG cluster	12
mh_p813___13791	vanT gene in vanG cluster	12
spaS123___92576	vanW gene in vanI cluster	12
spaS156___139195	vanH gene in vanO cluster	12
spaS171___70124	vanY gene in vanG cluster	12
spaS174___92771	vanT gene in vanG cluster	12
spaS194___208160	vanG	12
spaS19___144034	vanXY gene in vanG cluster	12
spaS214___153996	vanY gene in vanB cluster	12
spaS216___77208	vanW gene in vanB cluster	12
spaS231___146919	vanG	12
spaS248___142694	bacA	12
spaS253___96808	vanY gene in vanB cluster	12
spaS257___85443	vanW gene in vanI cluster	12
spaS257___99341	vanT gene in vanG cluster	12
spaS258___11046	vanT gene in vanG cluster	12
spaS258___139075	vanW gene in vanI cluster	12
spaS259___106916	vanH gene in vanF cluster	12
spaS266___111711	vanG	12
spaS274___83626	qacG	12
spaS282___99423	vanW gene in vanI cluster	12
spaS287___270220	vanY gene in vanG cluster	12
spaS74___34582	vanG	12
spaS75___84153	vanH gene in vanD cluster	12
spaS9___32541	FosA6	12
mh_p110___133648	vanT gene in vanG cluster	11
mh_p110___137239	adeF	11
mh_p110___179002	vanW gene in vanI cluster	11
mh_p110___229857	vanW gene in vanG cluster	11
mh_p110___268470	vanG	11
mh_p292___142138	vanY gene in vanB cluster	11
mh_p292___190700	vanY gene in vanB cluster	11
mh_p292___33055	vanY gene in vanG cluster	11
mh_p341___169826	vanT gene in vanG cluster	11
mh_p341___197292	vanY gene in vanG cluster	11
mh_p341___250182	vanC	11
mh_p398___163408	vanW gene in vanI cluster	11
mh_p470___113065	vanT gene in vanG cluster	11
mh_p470___256234	vanT gene in vanG cluster	11
mh_p523___116912	vanW gene in vanI cluster	11
mh_p523___330222	vanY gene in vanB cluster	11
mh_p523___44441	vanW gene in vanI cluster	11
mh_p584___115442	vanY gene in vanG cluster	11
mh_p584___189287	PmrF	11
mh_p644___12970	ErmF	11
mh_p644___77806	vanW gene in vanG cluster	11
mh_p789___119442	vanT gene in vanG cluster	11
mh_p789___348931	vanY gene in vanF cluster	11
mh_p789___585292	vanW gene in vanI cluster	11
spaS116___9745	vanY gene in vanG cluster	11
spaS171___28756	vanW gene in vanG cluster	11
spaS171___71418	vanW gene in vanI cluster	11
spaS184___133775	vanT gene in vanG cluster	11
spaS188___162316	vanT gene in vanG cluster	11
spaS216___111389	vanW gene in vanB cluster	11
spaS257___143023	adeF	11
spaS257___56259	vanY gene in vanB cluster	11
spaS257___59669	vanT gene in vanG cluster	11
spaS257___68621	vanW gene in vanI cluster	11
spaS278___34889	vanW gene in vanI cluster	11
spaS282___163543	vanT gene in vanG cluster	11
spaS51___47554	vanT gene in vanG cluster	11
spaS70___67666	vanT gene in vanG cluster	11
spaS70___73264	vanY gene in vanF cluster	11
spaS87___32638	vanY gene in vanM cluster	11
mh_p110___190284	mefH	10
mh_p110___197272	vanXY gene in vanG cluster	10
mh_p292___150308	vanW gene in vanI cluster	10
mh_p292___242112	vanT gene in vanG cluster	10
mh_p341___121604	SHV-1	10
mh_p341___34843	efrA	10
mh_p341___78114	vanY gene in vanB cluster	10
mh_p398___157192	vanH gene in vanO cluster	10
mh_p398___191007	vanT gene in vanG cluster	10
mh_p398___207790	vanW gene in vanI cluster	10
mh_p523___370920	vanW gene in vanI cluster	10
mh_p550___127217	Klebsiella pneumoniae OmpK37	10
mh_p584___122197	emrB	10
mh_p584___1447	vanW gene in vanI cluster	10
mh_p644___137253	adeF	10
mh_p644___75901	vanY gene in vanM cluster	10
mh_p722___332844	vanT gene in vanG cluster	10
mh_p722___88680	vanW gene in vanI cluster	10
mh_p728___32705	dfrA14	10
mh_p789___125418	vanW gene in vanI cluster	10
mh_p789___202586	vanG	10
mh_p789___263555	vanW gene in vanI cluster	10
mh_p789___273600	vanY gene in vanB cluster	10
mh_p789___285874	vanW gene in vanI cluster	10
mh_p789___450489	vanT gene in vanG cluster	10
mh_p789___450490	vanT gene in vanG cluster	10
mh_p789___565708	vanW gene in vanI cluster	10
mh_p789___638965	vanT gene in vanG cluster	10
mh_p813___275140	vanW gene in vanI cluster	10
mh_p813___572293	vanXY gene in vanG cluster	10
mh_p813___584688	vanY gene in vanB cluster	10
spaS118___50058	adeF	10
spaS123___75393	vanW gene in vanB cluster	10
spaS123___75394	vanG	10
spaS136___19079	vanG	10
spaS171___56931	tet(36)	10
spaS196___96360	vanW gene in vanI cluster	10
spaS212___131317	CfxA6	10
spaS215___128261	vanY gene in vanB cluster	10
spaS215___16963	vanT gene in vanG cluster	10
spaS215___17830	vanG	10
spaS215___17860	vanW gene in vanI cluster	10
spaS215___584	vanG	10
spaS215___75098	vanW gene in vanI cluster	10
spaS215___7774	vanT gene in vanG cluster	10
spaS23___38145	vanW gene in vanI cluster	10
spaS23___95427	dfrA12	10
spaS257___20386	vanY gene in vanG cluster	10
spaS257___204404	vanT gene in vanG cluster	10
spaS257___48340	vanT gene in vanG cluster	10
spaS257___59670	vanG	10
spaS266___135591	vanT gene in vanG cluster	10
spaS268___4981	ArnT	10
spaS283___77738	nimG	10
spaS2___52461	vanY gene in vanM cluster	10
spaS3___93882	vanW gene in vanI cluster	10
spaS98___19847	lsaC	10
mh_p110___119648	vanT gene in vanG cluster	9
mh_p110___124121	vanT gene in vanG cluster	9
mh_p110___197273	vanG	9
mh_p110___67107	qacG	9
mh_p125___3252	vanG	9
mh_p292___133856	vanW gene in vanI cluster	9
mh_p292___76037	vanT gene in vanG cluster	9
mh_p341___201956	efrA	9
mh_p341___210916	vanT gene in vanG cluster	9
mh_p341___266355	vanC	9
mh_p341___8425	vanR gene in vanC cluster	9
mh_p523___385067	vanY gene in vanB cluster	9
mh_p523___56719	vanW gene in vanI cluster	9
mh_p601___132410	adeF	9
mh_p601___206180	vanT gene in vanG cluster	9
mh_p601___24026	vanW gene in vanI cluster	9
mh_p644___81385	vanT gene in vanG cluster	9
mh_p722___218436	vanT gene in vanG cluster	9
mh_p722___46776	vanT gene in vanG cluster	9
mh_p789___239685	vanH gene in vanO cluster	9
mh_p789___408897	vanT gene in vanG cluster	9
mh_p789___535675	vanW gene in vanI cluster	9
mh_p789___535716	vanT gene in vanG cluster	9
mh_p789___546543	nimB	9
mh_p813___262473	nimB	9
mh_p813___622793	leuO	9
spaS123___101042	vanT gene in vanG cluster	9
spaS123___75396	vanT gene in vanG cluster	9
spaS16___118089	AAC(3)-IId	9
spaS16___128090	vanY gene in vanB cluster	9
spaS186___149611	vanY gene in vanB cluster	9
spaS215___157792	vanG	9
spaS215___22194	vanY gene in vanB cluster	9
spaS215___90496	vanW gene in vanI cluster	9
spaS23___28231	vanY gene in vanB cluster	9
spaS257___112423	vanY gene in vanB cluster	9
spaS257___133364	vanW gene in vanI cluster	9
spaS257___181761	vanW gene in vanI cluster	9
spaS257___72167	vanT gene in vanG cluster	9
spaS259___74257	vanW gene in vanI cluster	9
spaS262___37088	vanY gene in vanG cluster	9
spaS268___35754	Klebsiella pneumoniae KpnE	9
spaS268___4896	eptB	9
spaS268___80186	adeF	9
spaS278___18327	poxtA	9
spaS283___91893	vanY gene in vanA cluster	9
spaS65___111811	vanY gene in vanB cluster	9
spaS77___67356	aadA2	9
spaS84___67304	ANT(6)-Ia	9
mh_p110___129445	vanW gene in vanI cluster	8
mh_p110___172206	vanG	8
mh_p110___202575	vanG	8
mh_p110___79615	vanY gene in vanG cluster	8
mh_p125___119366	vanW gene in vanI cluster	8
mh_p292___24773	CTX-M-15	8
mh_p341___213336	Bifidobacterium adolescentis rpoB mutants conferring resistance to rifampicin	8
mh_p398___169235	vanT gene in vanG cluster	8
mh_p470___221582	vanU gene in vanG cluster	8
mh_p470___227344	vanT gene in vanG cluster	8
mh_p523___102611	adeF	8
mh_p523___236021	vanT gene in vanG cluster	8
mh_p523___236106	OXA-347	8
mh_p523___237153	vanW gene in vanI cluster	8
mh_p523___289856	vanT gene in vanG cluster	8
mh_p523___58987	vanT gene in vanG cluster	8
mh_p584___215909	vanT gene in vanG cluster	8
mh_p584___85650	vanY gene in vanM cluster	8
mh_p644___275791	vanY gene in vanG cluster	8
mh_p722___149611	vanT gene in vanG cluster	8
mh_p722___181860	vanW gene in vanG cluster	8
mh_p722___235340	vanW gene in vanG cluster	8
mh_p722___274688	vanT gene in vanC cluster	8
mh_p728___232883	vanT gene in vanG cluster	8
mh_p789___122412	vanH gene in vanO cluster	8
mh_p789___217712	vanT gene in vanG cluster	8
mh_p789___348598	adeF	8
mh_p789___479078	vanW gene in vanI cluster	8
mh_p789___666950	vanW gene in vanI cluster	8
mh_p813___440483	vanW gene in vanI cluster	8
mh_p97___161157	tet(36)	8
spaS123___76604	vanW gene in vanI cluster	8
spaS142___109258	vanY gene in vanB cluster	8
spaS162___75447	APH(3')-Ia	8
spaS171___28759	vanR gene in vanG cluster	8
spaS202___38390	vanY gene in vanB cluster	8
spaS204___81090	vanT gene in vanG cluster	8
spaS214___43112	tet(Q)	8
spaS215___161977	vanT gene in vanG cluster	8
spaS215___62972	vanT gene in vanG cluster	8
spaS233___113235	vanY gene in vanB cluster	8
spaS23___23043	vanY gene in vanM cluster	8
spaS257___106154	nimB	8
spaS257___110627	vanY gene in vanM cluster	8
spaS257___115698	vanT gene in vanG cluster	8
spaS257___124803	tet(Q)	8
spaS257___214781	vanH gene in vanF cluster	8
spaS257___42134	vanH gene in vanO cluster	8
spaS257___94457	vanY gene in vanD cluster	8
spaS257___94458	vanH gene in vanD cluster	8
spaS258___52333	vanY gene in vanM cluster	8
spaS268___35755	Klebsiella pneumoniae KpnF	8
spaS286___211122	vanY gene in vanB cluster	8
spaS296___209828	vanW gene in vanI cluster	8
spaS32___100834	vanW gene in vanI cluster	8
spaS43___51859	vanY gene in vanG cluster	8
spaS96___15158	vanH gene in vanO cluster	8
mh_p110___158504	vanT gene in vanG cluster	7
mh_p110___198714	vanW gene in vanI cluster	7
mh_p110___274133	tetB(P)	7
mh_p125___249462	vanY gene in vanF cluster	7
mh_p292___288713	vanW gene in vanI cluster	7
mh_p292___32135	nimG	7
mh_p292___415121	vanH gene in vanF cluster	7
mh_p341___184234	vanW gene in vanI cluster	7
mh_p341___250183	vanXY gene in vanC cluster	7
mh_p341___263373	FosI	7
mh_p341___266352	vanR gene in vanC cluster	7
mh_p341___266353	vanT gene in vanC cluster	7
mh_p341___266354	vanXY gene in vanC cluster	7
mh_p398___161392	ugd	7
mh_p398___68802	vanT gene in vanG cluster	7
mh_p523___294998	vanW gene in vanG cluster	7
mh_p523___398506	acrD	7
mh_p523___422278	adeF	7
mh_p550___171382	vanT gene in vanG cluster	7
mh_p722___92807	vanW gene in vanI cluster	7
mh_p789___111727	vanY gene in vanG cluster	7
mh_p789___184878	vanW gene in vanI cluster	7
mh_p789___281260	vanXY gene in vanG cluster	7
mh_p789___281261	vanT gene in vanG cluster	7
mh_p789___30316	adeF	7
mh_p789___358264	vanG	7
mh_p789___39538	vanW gene in vanI cluster	7
mh_p789___439781	vanT gene in vanG cluster	7
mh_p789___528009	nimB	7
mh_p789___529176	vanT gene in vanG cluster	7
mh_p789___601498	vanT gene in vanG cluster	7
mh_p813___150710	vanW gene in vanI cluster	7
mh_p813___32599	vanY gene in vanG cluster	7
mh_p813___343424	mdtC	7
mh_p97___97085	adeF	7
spaS102___45545	vanY gene in vanB cluster	7
spaS151___53055	vanW gene in vanI cluster	7
spaS156___83583	vanW gene in vanB cluster	7
spaS205___81937	vanY gene in vanB cluster	7
spaS215___59362	vanT gene in vanG cluster	7
spaS215___82376	vanT gene in vanG cluster	7
spaS215___88033	vanY gene in vanB cluster	7
spaS23___74103	vanT gene in vanG cluster	7
spaS257___119733	vanY gene in vanB cluster	7
spaS257___147412	vanW gene in vanG cluster	7
spaS257___19372	vanT gene in vanG cluster	7
spaS257___2133	vanH gene in vanO cluster	7
spaS257___26144	vanT gene in vanG cluster	7
spaS257___3300	vanY gene in vanB cluster	7
spaS257___49462	vanY gene in vanF cluster	7
spaS257___78733	vanH gene in vanO cluster	7
spaS257___94460	vanX gene in vanD cluster	7
spaS258___106640	efrA	7
spaS258___10886	vanY gene in vanB cluster	7
spaS258___202938	vanT gene in vanG cluster	7
spaS259___104463	vanY gene in vanB cluster	7
spaS262___85268	patB	7
spaS265___21810	vanY gene in vanB cluster	7
spaS267___31360	vanY gene in vanF cluster	7
spaS267___68940	vanT gene in vanG cluster	7
spaS278___10301	vanXY gene in vanG cluster	7
spaS279___84380	vanW gene in vanI cluster	7
spaS279___93074	poxtA	7
spaS3___82699	vanY gene in vanB cluster	7
mh_p110___172208	vanT gene in vanG cluster	6
mh_p110___244361	vanT gene in vanG cluster	6
mh_p110___26883	vanT gene in vanG cluster	6
mh_p110___27643	vanT gene in vanG cluster	6
mh_p110___278989	nimG	6
mh_p110___311607	vanT gene in vanG cluster	6
mh_p292___249264	vanY gene in vanB cluster	6
mh_p292___320977	vanY gene in vanM cluster	6
mh_p341___141384	vanW gene in vanI cluster	6
mh_p341___172424	vanT gene in vanG cluster	6
mh_p470___123657	catI	6
mh_p470___221294	vanY gene in vanB cluster	6
mh_p470___275094	fosA5	6
mh_p523___276069	vanT gene in vanG cluster	6
mh_p523___277409	tet(Q)	6
mh_p523___305972	vanW gene in vanI cluster	6
mh_p523___318779	vanT gene in vanG cluster	6
mh_p523___330056	vanT gene in vanG cluster	6
mh_p584___66040	leuO	6
mh_p722___134242	vanY gene in vanB cluster	6
mh_p722___141975	lnuC	6
mh_p722___162899	bacA	6
mh_p722___211076	qacJ	6
mh_p722___354985	nimA	6
mh_p722___354999	vanX gene in vanD cluster	6
mh_p722___57684	tet(W/N/W)	6
mh_p789___165780	vanW gene in vanI cluster	6
mh_p789___173984	vanT gene in vanG cluster	6
mh_p789___187935	vanY gene in vanF cluster	6
mh_p789___196225	vanY gene in vanB cluster	6
mh_p789___213477	vanY gene in vanB cluster	6
mh_p789___243899	vanY gene in vanB cluster	6
mh_p789___261090	vanG	6
mh_p789___275082	vanW gene in vanI cluster	6
mh_p789___281259	vanG	6
mh_p789___362411	vanH gene in vanO cluster	6
mh_p789___379522	vanW gene in vanI cluster	6
mh_p789___40815	vanT gene in vanG cluster	6
mh_p789___43431	vanT gene in vanG cluster	6
mh_p789___448898	vanY gene in vanB cluster	6
mh_p789___511257	vanT gene in vanG cluster	6
mh_p789___518425	vanT gene in vanG cluster	6
mh_p789___543888	vanY gene in vanB cluster	6
mh_p789___546006	vanG	6
mh_p789___645875	vanY gene in vanG cluster	6
mh_p789___659685	vanR gene in vanG cluster	6
mh_p813___163054	vanT gene in vanG cluster	6
mh_p813___163059	vanW gene in vanI cluster	6
mh_p813___277054	vanY gene in vanF cluster	6
mh_p813___282413	vanT gene in vanG cluster	6
mh_p813___368196	qacG	6
mh_p813___437370	vanY gene in vanB cluster	6
mh_p813___454698	vanT gene in vanG cluster	6
mh_p813___466904	Escherichia coli soxS with mutation conferring antibiotic resistance	6
mh_p813___572291	vanW gene in vanG cluster	6
mh_p813___573638	vanG	6
mh_p860___188524	vanW gene in vanI cluster	6
mh_p97___202135	vanT gene in vanG cluster	6
mh_p97___203356	vanH gene in vanO cluster	6
spaS128___21840	tet(O/32/O)	6
spaS134___46157	vanY gene in vanB cluster	6
spaS143___8012	vanW gene in vanI cluster	6
spaS152___88091	vanY gene in vanG cluster	6
spaS154___18013	vanY gene in vanG cluster	6
spaS184___84681	oqxA	6
spaS215___107197	vanY gene in vanB cluster	6
spaS215___108071	vanU gene in vanG cluster	6
spaS215___110435	vanY gene in vanF cluster	6
spaS233___96128	tet(36)	6
spaS23___16031	vanY gene in vanM cluster	6
spaS23___50380	vanY gene in vanA cluster	6
spaS23___61153	vanY gene in vanM cluster	6
spaS23___76983	vanW gene in vanI cluster	6
spaS257___106032	tet(36)	6
spaS257___10980	vanG	6
spaS257___115702	vanG	6
spaS257___125554	tet(Q)	6
spaS257___27413	vanW gene in vanI cluster	6
spaS257___27480	vanT gene in vanG cluster	6
spaS257___27484	poxtA	6
spaS257___41370	vanT gene in vanG cluster	6
spaS257___82501	adeF	6
spaS257___98773	vanY gene in vanG cluster	6
spaS261___72905	vanY gene in vanG cluster	6
spaS266___103219	vanT gene in vanG cluster	6
spaS266___125037	vanW gene in vanI cluster	6
spaS267___157470	vanY gene in vanM cluster	6
spaS268___128457	emrA	6
spaS268___171472	vanT gene in vanG cluster	6
spaS268___22516	OXY-6-4	6
spaS268___8759	mdtB	6
spaS268___96555	vanY gene in vanB cluster	6
spaS278___115731	ErmA	6
spaS278___77832	vanH gene in vanD cluster	6
spaS284___13991	vanY gene in vanG cluster	6
spaS286___138530	tet(36)	6
spaS296___224621	vanT gene in vanG cluster	6
spaS297___260217	vanY gene in vanB cluster	6
spaS3___68389	aadA5	6
spaS98___44877	vanY gene in vanB cluster	6
mh_p110___158090	vanW gene in vanB cluster	5
mh_p110___172207	vanXY gene in vanG cluster	5
mh_p110___197439	vanW gene in vanG cluster	5
mh_p110___237983	vanH gene in vanB cluster	5
mh_p110___267341	vanY gene in vanF cluster	5
mh_p110___4398	vanXY gene in vanG cluster	5
mh_p110___76627	vanW gene in vanI cluster	5
mh_p110___77704	vanW gene in vanI cluster	5
mh_p125___159769	adeF	5
mh_p292___21750	vanW gene in vanI cluster	5
mh_p292___218155	vanW gene in vanI cluster	5
mh_p292___286051	adeF	5
mh_p292___316783	vanW gene in vanI cluster	5
mh_p292___336381	vanY gene in vanG cluster	5
mh_p292___405310	vanW gene in vanI cluster	5
mh_p341___155237	vanY gene in vanG cluster	5
mh_p341___16021	AAC(6')-Ii	5
mh_p341___177707	qacJ	5
mh_p341___6697	vanY gene in vanB cluster	5
mh_p523___123726	adeF	5
mh_p523___25823	vanG	5
mh_p523___347435	vanW gene in vanI cluster	5
mh_p523___353233	Klebsiella pneumoniae KpnF	5
mh_p523___35938	vanY gene in vanB cluster	5
mh_p523___52709	vanW gene in vanI cluster	5
mh_p550___228029	vanW gene in vanI cluster	5
mh_p550___85849	vanW gene in vanG cluster	5
mh_p584___95844	CTX-M-27	5
mh_p601___16813	vanY gene in vanM cluster	5
mh_p601___191892	vanY gene in vanM cluster	5
mh_p601___234673	vanY gene in vanF cluster	5
mh_p601___249465	vanT gene in vanG cluster	5
mh_p601___310772	vanY gene in vanB cluster	5
mh_p601___314669	vanW gene in vanI cluster	5
mh_p601___336439	vanS gene in vanC cluster	5
mh_p601___376529	vanT gene in vanG cluster	5
mh_p601___85979	vanT gene in vanG cluster	5
mh_p601___86990	vanY gene in vanM cluster	5
mh_p601___92783	vanT gene in vanE cluster	5
mh_p601___92784	vanG	5
mh_p644___102104	vanY gene in vanB cluster	5
mh_p644___192844	tet(32)	5
mh_p644___23438	vanY gene in vanG cluster	5
mh_p722___138271	vanT gene in vanG cluster	5
mh_p722___147430	vanW gene in vanI cluster	5
mh_p722___17948	Klebsiella pneumoniae KpnF	5
mh_p722___364309	vanW gene in vanI cluster	5
mh_p722___367521	vanY gene in vanG cluster	5
mh_p728___239028	vanY gene in vanB cluster	5
mh_p789___124607	vanW gene in vanI cluster	5
mh_p789___194494	vanT gene in vanG cluster	5
mh_p789___205846	vanW gene in vanI cluster	5
mh_p789___210887	vanY gene in vanB cluster	5
mh_p789___232798	adeF	5
mh_p789___238833	qacJ	5
mh_p789___261143	vanH gene in vanO cluster	5
mh_p789___304341	tet(X5)	5
mh_p789___313306	vanT gene in vanG cluster	5
mh_p789___376596	vanY gene in vanB cluster	5
mh_p789___390928	vanTr gene in vanL cluster	5
mh_p789___391218	vanW gene in vanI cluster	5
mh_p789___409182	vanW gene in vanI cluster	5
mh_p789___409366	vanT gene in vanG cluster	5
mh_p789___523978	vanT gene in vanG cluster	5
mh_p789___529067	vanW gene in vanI cluster	5
mh_p789___537255	vanT gene in vanG cluster	5
mh_p789___544862	vanW gene in vanI cluster	5
mh_p789___577437	vanW gene in vanI cluster	5
mh_p789___612805	vanW gene in vanI cluster	5
mh_p789___632461	vanY gene in vanF cluster	5
mh_p789___648480	vanY gene in vanB cluster	5
mh_p789___659688	vanW gene in vanG cluster	5
mh_p789___78276	vanG	5
mh_p813___155062	vanW gene in vanI cluster	5
mh_p813___319169	APH(2'')-If	5
mh_p813___343425	mdtB	5
mh_p813___372775	tet(36)	5
mh_p813___386621	qacG	5
mh_p813___50857	qacG	5
mh_p813___92578	vanY gene in vanG cluster	5
mh_p860___306015	vanW gene in vanI cluster	5
mh_p894___216541	ArnT	5
mh_p894___21848	CfxA6	5
mh_p894___316309	CMY-132	5
mh_p894___88900	vanY gene in vanA cluster	5
spaS118___17506	vanT gene in vanG cluster	5
spaS122___80240	tet(32)	5
spaS142___135375	vanT gene in vanG cluster	5
spaS171___63481	ANT(2'')-Ia	5
spaS177___16521	vanW gene in vanI cluster	5
spaS186___102830	vanY gene in vanM cluster	5
spaS201___144878	vanT gene in vanG cluster	5
spaS22___45297	vanY gene in vanB cluster	5
spaS254___126816	ArnT	5
spaS257___115697	vanY gene in vanB cluster	5
spaS257___115701	vanXY gene in vanG cluster	5
spaS257___1267	vanW gene in vanI cluster	5
spaS257___190472	vanW gene in vanG cluster	5
spaS257___212457	vanY gene in vanB cluster	5
spaS257___36659	vanT gene in vanG cluster	5
spaS257___67212	vanH gene in vanO cluster	5
spaS258___116453	vanW gene in vanI cluster	5
spaS258___207005	emrR	5
spaS258___77591	vanY gene in vanB cluster	5
spaS259___103795	tet(36)	5
spaS259___21063	vanG	5
spaS259___8317	tetB(P)	5
spaS266___93659	vanY gene in vanG cluster	5
spaS267___160800	qacG	5
spaS267___46127	vanY gene in vanF cluster	5
spaS268___168142	baeR	5
spaS268___62876	fosA5	5
spaS269___154712	vanT gene in vanG cluster	5
spaS272___141463	vanW gene in vanI cluster	5
spaS277___140645	lsaA	5
spaS278___42917	vanY gene in vanM cluster	5
spaS278___77830	vanX gene in vanD cluster	5
spaS278___77831	vanD	5
spaS294___184109	vanT gene in vanG cluster	5
spaS294___257376	vanY gene in vanB cluster	5
spaS295___250262	vanW gene in vanI cluster	5
spaS296___187710	vanW gene in vanI cluster	5
spaS297___286730	vanY gene in vanB cluster	5
spaS29___106004	qacJ	5
spaS3___80556	vanG	5
spaS3___80557	vanXY gene in vanG cluster	5
spaS58___72285	vanW gene in vanI cluster	5
spaS66___106238	vanT gene in vanG cluster	5
spaS72___75152	vanW gene in vanI cluster	5
spaS72___84487	vanW gene in vanI cluster	5
spaS74___13787	vanW gene in vanI cluster	5
spaS83___69193	vanY gene in vanM cluster	5
mh_p110___108169	tet(36)	4
mh_p110___297079	vanXY gene in vanG cluster	4
mh_p110___4397	vanT gene in vanG cluster	4
mh_p110___4399	vanG	4
mh_p110___85035	tet(36)	4
mh_p125___88785	vanY gene in vanB cluster	4
mh_p292___183510	vanY gene in vanB cluster	4
mh_p292___300370	vanT gene in vanG cluster	4
mh_p292___48591	vanW gene in vanI cluster	4
mh_p341___170666	efrA	4
mh_p341___177783	eatAv	4
mh_p341___222915	vanT gene in vanG cluster	4
mh_p470___160878	vanW gene in vanI cluster	4
mh_p470___232797	vanY gene in vanG cluster	4
mh_p523___132677	vanY gene in vanB cluster	4
mh_p523___25917	Enterobacter cloacae acrA	4
mh_p523___29286	adeF	4
mh_p523___353234	Klebsiella pneumoniae KpnE	4
mh_p523___395336	vanT gene in vanG cluster	4
mh_p550___10470	tmrB	4
mh_p550___10532	mphK	4
mh_p550___117867	vanY gene in vanG cluster	4
mh_p550___133926	vanT gene in vanG cluster	4
mh_p550___134005	vmlR	4
mh_p550___142143	tet(45)	4
mh_p550___155769	vanH gene in vanD cluster	4
mh_p550___161781	tet(36)	4
mh_p550___249306	vanW gene in vanI cluster	4
mh_p550___255399	bmr	4
mh_p550___255679	aadK	4
mh_p550___29603	ykkC	4
mh_p550___29604	ykkD	4
mh_p584___237497	vanW gene in vanI cluster	4
mh_p584___32948	Escherichia coli soxS with mutation conferring antibiotic resistance	4
mh_p601___130325	qacG	4
mh_p601___142075	vanY gene in vanG cluster	4
mh_p601___192835	vanW gene in vanI cluster	4
mh_p601___239945	vanW gene in vanI cluster	4
mh_p601___299831	vanY gene in vanB cluster	4
mh_p601___333607	vanW gene in vanI cluster	4
mh_p601___354191	vanY gene in vanF cluster	4
mh_p601___61353	vanT gene in vanG cluster	4
mh_p601___75085	vanG	4
mh_p644___253286	vanW gene in vanI cluster	4
mh_p722___101583	vanW gene in vanI cluster	4
mh_p722___29287	mdtN	4
mh_p722___333207	vanT gene in vanG cluster	4
mh_p722___57699	vanY gene in vanB cluster	4
mh_p722___97547	qacG	4
mh_p789___110716	vanW gene in vanG cluster	4
mh_p789___137958	vanW gene in vanI cluster	4
mh_p789___147580	vanW gene in vanI cluster	4
mh_p789___154556	tet(Q)	4
mh_p789___184257	vanY gene in vanB cluster	4
mh_p789___191076	vanT gene in vanG cluster	4
mh_p789___240938	tet(36)	4
mh_p789___245398	vanT gene in vanG cluster	4
mh_p789___27827	vanW gene in vanI cluster	4
mh_p789___3242	vanT gene in vanC cluster	4
mh_p789___324537	vanW gene in vanG cluster	4
mh_p789___356503	vanT gene in vanG cluster	4
mh_p789___359236	vanW gene in vanI cluster	4
mh_p789___383152	vanY gene in vanB cluster	4
mh_p789___386597	vanW gene in vanI cluster	4
mh_p789___435850	poxtA	4
mh_p789___443845	vanY gene in vanB cluster	4
mh_p789___444487	vanH gene in vanO cluster	4
mh_p789___455254	vanW gene in vanI cluster	4
mh_p789___496331	vanH gene in vanO cluster	4
mh_p789___497611	vanY gene in vanB cluster	4
mh_p789___545006	vanW gene in vanI cluster	4
mh_p789___559602	vanY gene in vanA cluster	4
mh_p789___563472	vanY gene in vanG cluster	4
mh_p789___579184	vanW gene in vanG cluster	4
mh_p789___587598	vanY gene in vanG cluster	4
mh_p789___597440	vanW gene in vanI cluster	4
mh_p789___600138	vanY gene in vanB cluster	4
mh_p789___608867	vanTr gene in vanL cluster	4
mh_p789___99563	vanT gene in vanG cluster	4
mh_p813___100639	vanW gene in vanI cluster	4
mh_p813___136759	vanY gene in vanM cluster	4
mh_p813___16311	kdpE	4
mh_p813___170912	qacJ	4
mh_p813___193108	leuO	4
mh_p813___213830	vanT gene in vanG cluster	4
mh_p813___241084	tet(D)	4
mh_p813___506764	Escherichia coli acrA	4
mh_p813___51515	tet(36)	4
mh_p813___569893	ArnT	4
mh_p813___569896	PmrF	4
mh_p813___586109	mdtG	4
mh_p813___604146	Escherichia coli mdfA	4
mh_p813___71971	CMY-48	4
mh_p860___118457	vanT gene in vanG cluster	4
mh_p894___83671	vanT gene in vanG cluster	4
spaS102___37620	vanW gene in vanI cluster	4
spaS102___40987	vanG	4
spaS102___49227	vanY gene in vanB cluster	4
spaS102___49694	vanT gene in vanG cluster	4
spaS115___146387	nimJ	4
spaS118___70571	nimE	4
spaS139___31655	vanY gene in vanM cluster	4
spaS164___77873	vanY gene in vanB cluster	4
spaS177___53685	vanT gene in vanG cluster	4
spaS180___115101	FosXCC	4
spaS183___69369	efmA	4
spaS183___92606	adeF	4
spaS187___95879	vanT gene in vanG cluster	4
spaS215___167169	vanY gene in vanB cluster	4
spaS215___33284	vanW gene in vanI cluster	4
spaS215___40900	nimA	4
spaS215___60516	vanY gene in vanB cluster	4
spaS215___8952	vanT gene in vanG cluster	4
spaS23___27833	tet(36)	4
spaS24___72529	mdtM	4
spaS252___133087	vanY gene in vanB cluster	4
spaS254___34473	vanY gene in vanM cluster	4
spaS257___136120	vanY gene in vanB cluster	4
spaS257___175297	vanY gene in vanD cluster	4
spaS257___18306	nimJ	4
spaS257___18838	vanY gene in vanB cluster	4
spaS257___201630	vanY gene in vanB cluster	4
spaS257___22728	vanY gene in vanG cluster	4
spaS257___97116	tetB(P)	4
spaS258___114131	vanT gene in vanG cluster	4
spaS258___114598	emeA	4
spaS259___1303	vanW gene in vanI cluster	4
spaS262___43759	Haemophilus influenzae PBP3 conferring resistance to beta-lactam antibiotics	4
spaS266___82092	vanY gene in vanF cluster	4
spaS267___45582	vanTr gene in vanL cluster	4
spaS268___151710	vanW gene in vanI cluster	4
spaS268___31525	tet(36)	4
spaS268___43683	adeF	4
spaS268___57222	poxtA	4
spaS274___48663	vanT gene in vanG cluster	4
spaS278___77835	vanR gene in vanD cluster	4
spaS281___49844	ANT(9)-Ia	4
spaS284___36847	vanW gene in vanI cluster	4
spaS284___52749	tet(Q)	4
spaS285___25659	vanW gene in vanI cluster	4
spaS286___40533	vanY gene in vanB cluster	4
spaS294___259861	vanH gene in vanO cluster	4
spaS296___138350	vanY gene in vanM cluster	4
spaS66___63270	vanW gene in vanI cluster	4
spaS95___68796	vanY gene in vanF cluster	4
spaS97___45047	vanT gene in vanG cluster	4
mh_p110___109473	cfrE	3
mh_p110___153030	vanW gene in vanI cluster	3
mh_p110___162437	vanY gene in vanG cluster	3
mh_p110___167756	vanT gene in vanG cluster	3
mh_p110___178336	vanT gene in vanG cluster	3
mh_p110___180969	vanT gene in vanG cluster	3
mh_p110___189592	vanT gene in vanG cluster	3
mh_p110___216496	vanG	3
mh_p110___300420	tet(Q)	3
mh_p110___4400	vanW gene in vanG cluster	3
mh_p125___155888	vanT gene in vanG cluster	3
mh_p125___155893	vanY gene in vanG cluster	3
mh_p125___220576	vanW gene in vanI cluster	3
mh_p125___290496	vanW gene in vanI cluster	3
mh_p125___85193	vanG	3
mh_p292___112218	vanY gene in vanB cluster	3
mh_p292___149452	vanU gene in vanG cluster	3
mh_p292___149453	vanR gene in vanG cluster	3
mh_p292___149456	vanW gene in vanG cluster	3
mh_p292___149457	vanG	3
mh_p292___149459	vanT gene in vanG cluster	3
mh_p292___174608	vanW gene in vanI cluster	3
mh_p292___177300	nimJ	3
mh_p292___213371	vanW gene in vanI cluster	3
mh_p292___217292	vanT gene in vanG cluster	3
mh_p292___234229	vanT gene in vanG cluster	3
mh_p292___274251	qacG	3
mh_p292___363791	nimA	3
mh_p292___395967	vanT gene in vanG cluster	3
mh_p292___54986	vanW gene in vanI cluster	3
mh_p341___104292	adeF	3
mh_p341___131331	vanY gene in vanM cluster	3
mh_p341___194176	vanY gene in vanB cluster	3
mh_p341___236982	vanW gene in vanI cluster	3
mh_p341___300495	vanW gene in vanB cluster	3
mh_p341___71073	vanH gene in vanB cluster	3
mh_p341___71962	Klebsiella pneumoniae acrR with mutation conferring multidrug antibiotic resistance	3
mh_p408___105	vanT gene in vanG cluster	3
mh_p408___159862	nimG	3
mh_p408___214791	vanW gene in vanI cluster	3
mh_p470___248144	vanH gene in vanF cluster	3
mh_p523___11482	vanT gene in vanG cluster	3
mh_p523___117473	vanY gene in vanF cluster	3
mh_p523___179999	vanG	3
mh_p523___188562	vanT gene in vanG cluster	3
mh_p523___245417	vanW gene in vanI cluster	3
mh_p523___285394	ArnT	3
mh_p523___412262	vanY gene in vanB cluster	3
mh_p523___430223	vanG	3
mh_p523___43333	vanY gene in vanF cluster	3
mh_p523___43358	vanY gene in vanF cluster	3
mh_p523___56265	vanT gene in vanG cluster	3
mh_p550___104587	qacJ	3
mh_p550___141855	ANT(9)-Ib	3
mh_p550___194073	qacG	3
mh_p550___235294	mefH	3
mh_p550___243444	vanT gene in vanG cluster	3
mh_p550___39974	vanH gene in vanO cluster	3
mh_p550___53232	vanT gene in vanG cluster	3
mh_p550___93611	EreD	3
mh_p584___140381	ANT(4')-Ia	3
mh_p584___190417	ArnT	3
mh_p584___242044	vanW gene in vanI cluster	3
mh_p584___96304	msbA	3
mh_p601___11500	vanT gene in vanG cluster	3
mh_p601___299451	vanT gene in vanG cluster	3
mh_p601___299482	vanG	3
mh_p601___361178	tet(Q)	3
mh_p601___386145	nimJ	3
mh_p601___79109	vanT gene in vanG cluster	3
mh_p644___108530	vanY gene in vanB cluster	3
mh_p722___138152	vanG	3
mh_p722___180912	tet(Q)	3
mh_p722___271460	tet(36)	3
mh_p722___32626	vanY gene in vanB cluster	3
mh_p722___352773	vanY gene in vanB cluster	3
mh_p722___353257	vanG	3
mh_p722___51580	vanT gene in vanG cluster	3
mh_p722___51602	vanW gene in vanI cluster	3
mh_p789___105829	vanW gene in vanI cluster	3
mh_p789___109866	vanW gene in vanI cluster	3
mh_p789___121616	vanT gene in vanG cluster	3
mh_p789___12766	vanG	3
mh_p789___136682	vanW gene in vanI cluster	3
mh_p789___178212	vanW gene in vanI cluster	3
mh_p789___206945	nimJ	3
mh_p789___234155	vanY gene in vanM cluster	3
mh_p789___236276	vanW gene in vanI cluster	3
mh_p789___241736	vanY gene in vanG cluster	3
mh_p789___253047	vanY gene in vanG cluster	3
mh_p789___267045	vanT gene in vanG cluster	3
mh_p789___269973	vanH gene in vanO cluster	3
mh_p789___288875	vanY gene in vanB cluster	3
mh_p789___29079	vanW gene in vanI cluster	3
mh_p789___297157	vanW gene in vanI cluster	3
mh_p789___302074	vanY gene in vanB cluster	3
mh_p789___322933	vanH gene in vanA cluster	3
mh_p789___337863	vanY gene in vanA cluster	3
mh_p789___337961	vanH gene in vanO cluster	3
mh_p789___364591	vanW gene in vanG cluster	3
mh_p789___389598	vanT gene in vanG cluster	3
mh_p789___399926	vanT gene in vanG cluster	3
mh_p789___40850	vanT gene in vanG cluster	3
mh_p789___40851	vanXY gene in vanG cluster	3
mh_p789___421026	vanT gene in vanG cluster	3
mh_p789___421027	vanG	3
mh_p789___443020	vanT gene in vanG cluster	3
mh_p789___450486	vanW gene in vanG cluster	3
mh_p789___457599	vanT gene in vanG cluster	3
mh_p789___457616	vanW gene in vanI cluster	3
mh_p789___499830	vanT gene in vanG cluster	3
mh_p789___517096	vanXY gene in vanG cluster	3
mh_p789___535803	tet(Q)	3
mh_p789___537376	vanY gene in vanG cluster	3
mh_p789___548961	vanW gene in vanI cluster	3
mh_p789___566177	vanY gene in vanB cluster	3
mh_p789___595239	vanY gene in vanB cluster	3
mh_p789___597192	vanT gene in vanG cluster	3
mh_p789___62377	vanW gene in vanI cluster	3
mh_p789___658137	vanT gene in vanG cluster	3
mh_p789___664301	vanW gene in vanI cluster	3
mh_p789___69501	vanT gene in vanG cluster	3
mh_p789___85968	vanH gene in vanO cluster	3
mh_p789___90502	vanW gene in vanB cluster	3
mh_p813___141772	vanG	3
mh_p813___142869	vanT gene in vanG cluster	3
mh_p813___207017	vanG	3
mh_p813___207018	vanT gene in vanG cluster	3
mh_p813___371133	tet(S)	3
mh_p813___394041	emrA	3
mh_p813___457267	vanG	3
mh_p813___477381	vanW gene in vanI cluster	3
mh_p813___477684	mdeA	3
mh_p813___50336	catS	3
mh_p813___52838	vanW gene in vanI cluster	3
mh_p813___567851	vanW gene in vanI cluster	3
mh_p813___570460	Klebsiella pneumoniae KpnE	3
mh_p813___618309	vanT gene in vanG cluster	3
mh_p813___618456	vanY gene in vanB cluster	3
mh_p813___627326	vanY gene in vanB cluster	3
mh_p813___630009	OXY-2-7	3
mh_p813___668427	marA	3
mh_p813___668428	Escherichia coli AcrAB-TolC with MarR mutations conferring resistance to ciprofloxacin and tetracycline	3
mh_p860___171935	vanW gene in vanI cluster	3
mh_p860___21065	qacG	3
mh_p860___297208	vanW gene in vanI cluster	3
mh_p860___320198	qacG	3
mh_p860___77059	vanW gene in vanI cluster	3
mh_p97___247215	vanT gene in vanG cluster	3
mh_p97___33033	vanG	3
mh_p97___45135	vanL	3
spaS102___46516	vanY gene in vanG cluster	3
spaS130___152369	nimE	3
spaS140___104653	vanY gene in vanG cluster	3
spaS156___135413	nimG	3
spaS16___93760	vanY gene in vanB cluster	3
spaS171___55462	vanY gene in vanM cluster	3
spaS176___76419	Escherichia coli emrE	3
spaS176___99645	tetA(P)	3
spaS177___35505	nimJ	3
spaS182___99934	vanY gene in vanM cluster	3
spaS184___77367	H-NS	3
spaS185___22985	vanW gene in vanI cluster	3
spaS185___48419	vanT gene in vanG cluster	3
spaS196___112801	poxtA	3
spaS196___38178	vanH gene in vanF cluster	3
spaS196___55506	vanY gene in vanB cluster	3
spaS196___70130	vanW gene in vanI cluster	3
spaS196___73586	vanW gene in vanI cluster	3
spaS202___101289	vanY gene in vanB cluster	3
spaS202___118512	vanT gene in vanG cluster	3
spaS202___73709	vanW gene in vanI cluster	3
spaS202___81243	tetR	3
spaS202___81244	tet(B)	3
spaS202___86277	vanY gene in vanA cluster	3
spaS202___91948	vanT gene in vanG cluster	3
spaS205___108643	vanY gene in vanB cluster	3
spaS207___110395	vanH gene in vanD cluster	3
spaS210___150790	vanW gene in vanI cluster	3
spaS233___97862	vanT gene in vanG cluster	3
spaS23___92938	vanY gene in vanB cluster	3
spaS250___135299	nimK	3
spaS253___133676	qacG	3
spaS254___121013	mdtP	3
spaS257___110148	vanW gene in vanI cluster	3
spaS257___118205	mefH	3
spaS257___198479	vanD	3
spaS257___208342	dfrE	3
spaS257___90225	vanG	3
spaS258___110587	vanG	3
spaS258___110589	vanT gene in vanG cluster	3
spaS258___170222	vanY gene in vanF cluster	3
spaS258___189991	vanW gene in vanI cluster	3
spaS258___201720	vanY gene in vanB cluster	3
spaS258___227520	vanXY gene in vanE cluster	3
spaS259___1273	vanT gene in vanG cluster	3
spaS259___21039	vanY gene in vanB cluster	3
spaS262___49013	vanY gene in vanM cluster	3
spaS262___81325	vanW gene in vanI cluster	3
spaS262___88620	vanT gene in vanG cluster	3
spaS266___97907	vanXY gene in vanG cluster	3
spaS267___159057	vanH gene in vanB cluster	3
spaS268___122943	vanG	3
spaS268___218339	vanW gene in vanI cluster	3
spaS268___229606	vanT gene in vanG cluster	3
spaS268___33777	Escherichia coli soxS with mutation conferring antibiotic resistance	3
spaS269___167814	vanW gene in vanI cluster	3
spaS269___184088	vanW gene in vanI cluster	3
spaS274___48665	vanG	3
spaS274___85221	vanY gene in vanB cluster	3
spaS274___85909	tet(Q)	3
spaS275___98796	nimI	3
spaS282___199902	vanG	3
spaS284___45281	vanW gene in vanI cluster	3
spaS287___184886	vanT gene in vanG cluster	3
spaS287___289100	vanW gene in vanB cluster	3
spaS295___171114	poxtA	3
spaS296___204672	vanT gene in vanG cluster	3
spaS296___224221	vanT gene in vanG cluster	3
spaS296___253305	vanW gene in vanI cluster	3
spaS296___311097	vanY gene in vanB cluster	3
spaS296___354125	vanY gene in vanG cluster	3
spaS58___42646	vanW gene in vanI cluster	3
spaS65___121623	vanXY gene in vanG cluster	3
spaS75___99625	RlmA(II)	3
spaS84___75558	dfrA7	3
spaS88___127080	vanY gene in vanM cluster	3
mh_p110___157013	vanW gene in vanI cluster	2
mh_p110___168315	vanW gene in vanI cluster	2
mh_p110___180964	poxtA	2
mh_p110___193830	vanW gene in vanI cluster	2
mh_p110___210420	vanT gene in vanG cluster	2
mh_p110___296632	vanY gene in vanB cluster	2
mh_p110___297080	vanG	2
mh_p110___4403	vanU gene in vanG cluster	2
mh_p125___123583	vanY gene in vanG cluster	2
mh_p125___223707	vanT gene in vanG cluster	2
mh_p125___236664	nimJ	2
mh_p292___125367	vanY gene in vanB cluster	2
mh_p292___149458	vanXY gene in vanG cluster	2
mh_p292___222318	nimG	2
mh_p292___4665	vanW gene in vanI cluster	2
mh_p292___87534	vanT gene in vanG cluster	2
mh_p341___111965	nimA	2
mh_p341___115988	vanW gene in vanI cluster	2
mh_p341___163676	vanG	2
mh_p341___167096	vanY gene in vanA cluster	2
mh_p341___180962	vanY gene in vanF cluster	2
mh_p341___183719	vanT gene in vanG cluster	2
mh_p341___227585	vanT gene in vanG cluster	2
mh_p341___231155	vanW gene in vanI cluster	2
mh_p341___252936	vanW gene in vanI cluster	2
mh_p341___255715	Klebsiella pneumoniae OmpK37	2
mh_p341___283089	vanY gene in vanB cluster	2
mh_p341___286128	vanH gene in vanO cluster	2
mh_p341___85696	vanW gene in vanI cluster	2
mh_p470___38803	vanW gene in vanI cluster	2
mh_p523___107248	adeF	2
mh_p523___112612	vanT gene in vanG cluster	2
mh_p523___113762	vanY gene in vanA cluster	2
mh_p523___172779	vanY gene in vanB cluster	2
mh_p523___176963	vanW gene in vanG cluster	2
mh_p523___24657	ACT-62	2
mh_p523___24735	vanW gene in vanI cluster	2
mh_p523___309243	Haemophilus influenzae PBP3 conferring resistance to beta-lactam antibiotics	2
mh_p523___33984	vanT gene in vanG cluster	2
mh_p523___347992	vanY gene in vanB cluster	2
mh_p523___353196	oqxA	2
mh_p523___362153	qacG	2
mh_p523___37718	vanW gene in vanG cluster	2
mh_p523___381476	vanH gene in vanA cluster	2
mh_p523___410275	vanT gene in vanG cluster	2
mh_p523___429860	vanW gene in vanI cluster	2
mh_p523___430407	adeF	2
mh_p523___98933	vanY gene in vanB cluster	2
mh_p550___104528	FosBx1	2
mh_p550___104551	vanT gene in vanG cluster	2
mh_p550___10517	lmrB	2
mh_p550___117960	BcI	2
mh_p550___117968	vanW gene in vanI cluster	2
mh_p550___125061	vanW gene in vanI cluster	2
mh_p550___12968	vanY gene in vanB cluster	2
mh_p550___215417	vanT gene in vanG cluster	2
mh_p550___22649	vanT gene in vanG cluster	2
mh_p550___237930	vanY gene in vanB cluster	2
mh_p550___255659	blt	2
mh_p550___282577	Bacillus subtilis mprF	2
mh_p550___73946	vanY gene in vanG cluster	2
mh_p584___100892	CMH-2	2
mh_p584___101137	oqxA	2
mh_p584___102432	ACT-28	2
mh_p584___102776	vanW gene in vanI cluster	2
mh_p584___13724	OKP-A-12	2
mh_p584___149798	fosA5	2
mh_p584___189284	ArnT	2
mh_p584___204192	vanY gene in vanB cluster	2
mh_p584___207327	vanW gene in vanI cluster	2
mh_p584___208958	vanT gene in vanG cluster	2
mh_p584___219430	vanG	2
mh_p584___226484	Klebsiella pneumoniae KpnE	2
mh_p584___228180	mcr-10.1	2
mh_p584___234023	vanW gene in vanI cluster	2
mh_p584___45273	FosA2	2
mh_p584___51955	PmrF	2
mh_p584___52900	ramA	2
mh_p584___75035	oqxA	2
mh_p601___142213	vanY gene in vanB cluster	2
mh_p601___148281	vanY gene in vanB cluster	2
mh_p601___283241	vanT gene in vanG cluster	2
mh_p601___377880	vanG	2
mh_p601___386077	vanY gene in vanF cluster	2
mh_p601___79185	vanY gene in vanG cluster	2
mh_p644___1034	vanW gene in vanI cluster	2
mh_p644___115774	vanG	2
mh_p644___119186	vanT gene in vanG cluster	2
mh_p644___143434	vanT gene in vanG cluster	2
mh_p644___150867	tet(Q)	2
mh_p644___158369	vanY gene in vanG cluster	2
mh_p644___161474	vanG	2
mh_p644___174343	nimE	2
mh_p644___178201	nimJ	2
mh_p644___191252	vanY gene in vanB cluster	2
mh_p644___233297	vanY gene in vanG cluster	2
mh_p644___238170	vanW gene in vanI cluster	2
mh_p644___32969	vanT gene in vanG cluster	2
mh_p644___34424	adeF	2
mh_p644___570	vanT gene in vanG cluster	2
mh_p644___63579	vanT gene in vanG cluster	2
mh_p644___63581	vanG	2
mh_p644___63582	vanW gene in vanB cluster	2
mh_p644___78995	qacJ	2
mh_p722___100864	QnrS1	2
mh_p722___138598	vanT gene in vanG cluster	2
mh_p722___152151	vanW gene in vanI cluster	2
mh_p722___170026	vanT gene in vanG cluster	2
mh_p722___171316	vanY gene in vanF cluster	2
mh_p722___179147	vanY gene in vanF cluster	2
mh_p722___210055	vanT gene in vanG cluster	2
mh_p722___241960	vanY gene in vanB cluster	2
mh_p722___264316	tet(36)	2
mh_p722___278141	vanG	2
mh_p722___283907	vanY gene in vanF cluster	2
mh_p722___305738	nimG	2
mh_p722___332170	vanY gene in vanB cluster	2
mh_p722___98673	floR	2
mh_p728___105604	qacG	2
mh_p728___124538	vanY gene in vanG cluster	2
mh_p728___181691	vanW gene in vanI cluster	2
mh_p728___259882	vanY gene in vanG cluster	2
mh_p728___283236	tet(32)	2
mh_p728___302650	vanW gene in vanI cluster	2
mh_p789___105509	vanW gene in vanI cluster	2
mh_p789___120654	vanW gene in vanI cluster	2
mh_p789___130180	vanR gene in vanD cluster	2
mh_p789___130182	vanY gene in vanD cluster	2
mh_p789___132541	AxyY	2
mh_p789___145592	vanY gene in vanF cluster	2
mh_p789___155671	vanY gene in vanB cluster	2
mh_p789___158023	vanY gene in vanF cluster	2
mh_p789___162351	vanW gene in vanI cluster	2
mh_p789___183142	vanY gene in vanB cluster	2
mh_p789___183143	vanY gene in vanG cluster	2
mh_p789___186384	OXA-243	2
mh_p789___233935	vanW gene in vanI cluster	2
mh_p789___258095	vanW gene in vanI cluster	2
mh_p789___262133	vanT gene in vanG cluster	2
mh_p789___263869	vanW gene in vanI cluster	2
mh_p789___299372	mefH	2
mh_p789___304574	vanT gene in vanG cluster	2
mh_p789___315571	vanW gene in vanI cluster	2
mh_p789___323688	nimA	2
mh_p789___335629	vanY gene in vanA cluster	2
mh_p789___346334	vanH gene in vanF cluster	2
mh_p789___348146	vanT gene in vanG cluster	2
mh_p789___348431	vanY gene in vanB cluster	2
mh_p789___353243	vanY gene in vanB cluster	2
mh_p789___356504	vanXY gene in vanG cluster	2
mh_p789___356505	vanG	2
mh_p789___363629	vanX gene in vanP cluster	2
mh_p789___383861	vanW gene in vanI cluster	2
mh_p789___386128	vanY gene in vanG cluster	2
mh_p789___386820	vanW gene in vanI cluster	2
mh_p789___402158	vanG	2
mh_p789___40686	vanT gene in vanG cluster	2
mh_p789___40849	vanT gene in vanG cluster	2
mh_p789___40852	vanG	2
mh_p789___417111	vanT gene in vanG cluster	2
mh_p789___425105	qacG	2
mh_p789___431146	vanW gene in vanI cluster	2
mh_p789___453386	vanW gene in vanI cluster	2
mh_p789___46147	vanT gene in vanG cluster	2
mh_p789___479589	adeF	2
mh_p789___493939	vanW gene in vanG cluster	2
mh_p789___517276	tetB(P)	2
mh_p789___522818	vanY gene in vanB cluster	2
mh_p789___53132	vanW gene in vanI cluster	2
mh_p789___531767	vanW gene in vanI cluster	2
mh_p789___532299	vanG	2
mh_p789___532560	vanY gene in vanG cluster	2
mh_p789___537653	vanT gene in vanG cluster	2
mh_p789___541492	vanG	2
mh_p789___548530	vanY gene in vanB cluster	2
mh_p789___557150	vanT gene in vanG cluster	2
mh_p789___558385	vanG	2
mh_p789___562116	vanH gene in vanO cluster	2
mh_p789___571940	vanW gene in vanI cluster	2
mh_p789___579976	tet(44)	2
mh_p789___581853	vanY gene in vanB cluster	2
mh_p789___581854	vanY gene in vanF cluster	2
mh_p789___584702	vanW gene in vanI cluster	2
mh_p789___584703	vanW gene in vanI cluster	2
mh_p789___586728	vanY gene in vanG cluster	2
mh_p789___602663	vanW gene in vanI cluster	2
mh_p789___608983	vanY gene in vanB cluster	2
mh_p789___614235	nimI	2
mh_p789___616848	vanT gene in vanG cluster	2
mh_p789___623359	vanW gene in vanI cluster	2
mh_p789___637123	vanW gene in vanI cluster	2
mh_p789___98571	vanW gene in vanI cluster	2
mh_p813___126422	lsaD	2
mh_p813___173843	vanY gene in vanM cluster	2
mh_p813___292029	mdeA	2
mh_p813___296265	norC	2
mh_p813___311222	vanW gene in vanI cluster	2
mh_p813___451258	vanY gene in vanA cluster	2
mh_p813___451259	vanY gene in vanF cluster	2
mh_p813___464530	vanH gene in vanD cluster	2
mh_p813___472796	vanH gene in vanD cluster	2
mh_p813___522253	sdrM	2
mh_p813___564892	vanY gene in vanA cluster	2
mh_p813___590079	vanT gene in vanG cluster	2
mh_p813___616621	vanW gene in vanG cluster	2
mh_p813___655898	vanW gene in vanI cluster	2
mh_p813___674737	sepA	2
mh_p813___691600	vanY gene in vanG cluster	2
mh_p860___27050	vanW gene in vanI cluster	2
mh_p860___89179	vanT gene in vanG cluster	2
mh_p860___92478	vanT gene in vanG cluster	2
mh_p894___146619	vanY gene in vanG cluster	2
mh_p894___163068	vanT gene in vanG cluster	2
mh_p894___164517	nimA	2
mh_p894___166697	qacG	2
mh_p894___168864	vanT gene in vanG cluster	2
mh_p894___215262	vanG	2
mh_p894___229925	vanY gene in vanB cluster	2
mh_p894___238655	AcrS	2
mh_p894___257976	vanH gene in vanO cluster	2
mh_p894___261839	vanT gene in vanG cluster	2
mh_p894___27543	Klebsiella pneumoniae KpnE	2
mh_p894___305763	vanT gene in vanG cluster	2
mh_p894___305765	vanT gene in vanG cluster	2
mh_p894___305766	vanXY gene in vanG cluster	2
mh_p894___305767	vanG	2
mh_p894___305833	vanH gene in vanB cluster	2
mh_p894___91306	vanH gene in vanB cluster	2
mh_p894___93784	vanW gene in vanI cluster	2
mh_p97___212308	vanW gene in vanG cluster	2
mh_p97___229654	CDD-1	2
mh_p97___45134	vanW gene in vanB cluster	2
mh_p97___80754	vanW gene in vanI cluster	2
spaS106___16715	efrA	2
spaS108___89787	vanY gene in vanM cluster	2
spaS122___77686	tet(32)	2
spaS127___132763	vanH gene in vanO cluster	2
spaS130___109813	vanY gene in vanF cluster	2
spaS130___174124	vanT gene in vanG cluster	2
spaS130___197447	vanXY gene in vanG cluster	2
spaS134___128539	vanY gene in vanB cluster	2
spaS139___105148	vanW gene in vanG cluster	2
spaS139___136418	vanY gene in vanB cluster	2
spaS139___63700	vanY gene in vanM cluster	2
spaS139___67852	vanG	2
spaS139___87905	qacJ	2
spaS155___52836	vanY gene in vanB cluster	2
spaS167___85695	vanY gene in vanM cluster	2
spaS171___79711	patA	2
spaS173___124136	vanY gene in vanB cluster	2
spaS176___30422	Escherichia coli AcrAB-TolC with AcrR mutation conferring resistance to ciprofloxacin, tetracycline, and ceftazidime	2
spaS184___89425	vanT gene in vanG cluster	2
spaS186___132220	vanW gene in vanI cluster	2
spaS194___232590	vanW gene in vanI cluster	2
spaS196___55954	vanG	2
spaS196___55955	vanXY gene in vanG cluster	2
spaS196___55956	vanT gene in vanG cluster	2
spaS196___56041	vanY gene in vanF cluster	2
spaS196___64764	vanT gene in vanG cluster	2
spaS198___76527	vanW gene in vanI cluster	2
spaS202___100145	tet(Q)	2
spaS202___138393	dfrA8	2
spaS211___12014	vanW gene in vanI cluster	2
spaS211___128842	vanW gene in vanI cluster	2
spaS211___171932	vanW gene in vanG cluster	2
spaS212___121824	vanT gene in vanG cluster	2
spaS214___85136	vanT gene in vanG cluster	2
spaS215___104153	adeF	2
spaS215___116115	vanT gene in vanG cluster	2
spaS215___40921	tet(36)	2
spaS216___62095	tet(Q)	2
spaS217___82323	vanT gene in vanG cluster	2
spaS218___81012	vanW gene in vanI cluster	2
spaS220___126625	vanY gene in vanB cluster	2
spaS221___165198	vanW gene in vanI cluster	2
spaS240___115309	vanT gene in vanC cluster	2
spaS257___122007	vanT gene in vanG cluster	2
spaS257___1258	vanT gene in vanG cluster	2
spaS257___198478	vanX gene in vanD cluster	2
spaS257___208747	vanW gene in vanI cluster	2
spaS257___223833	vanY gene in vanB cluster	2
spaS257___232967	vanXY gene in vanG cluster	2
spaS257___27981	vanW gene in vanI cluster	2
spaS257___61585	tet(36)	2
spaS258___110588	vanXY gene in vanG cluster	2
spaS258___152913	vanT gene in vanG cluster	2
spaS258___207264	vanT gene in vanG cluster	2
spaS258___208277	vanY gene in vanG cluster	2
spaS259___176254	cfrE	2
spaS259___21021	vanY gene in vanB cluster	2
spaS259___6823	poxtA	2
spaS262___89502	vanW gene in vanI cluster	2
spaS263___79754	vanW gene in vanI cluster	2
spaS264___102440	pmrA	2
spaS266___94143	CDD-2	2
spaS266___95330	cdeA	2
spaS266___97906	vanT gene in vanG cluster	2
spaS267___16574	vanW gene in vanI cluster	2
spaS267___167066	vanW gene in vanG cluster	2
spaS268___106118	vanY gene in vanB cluster	2
spaS268___120603	nimJ	2
spaS268___201776	vanW gene in vanI cluster	2
spaS268___247274	vanY gene in vanG cluster	2
spaS268___43497	LptD	2
spaS269___185174	vanT gene in vanG cluster	2
spaS269___211773	vanG	2
spaS271___88527	vanT gene in vanG cluster	2
spaS278___102504	vanY gene in vanB cluster	2
spaS278___82081	vanW gene in vanI cluster	2
spaS282___217590	vanY gene in vanG cluster	2
spaS282___230315	vanT gene in vanG cluster	2
spaS287___266404	vanY gene in vanF cluster	2
spaS287___290474	vanY gene in vanF cluster	2
spaS294___215711	vanW gene in vanI cluster	2
spaS295___323563	vanT gene in vanG cluster	2
spaS296___160102	vanW gene in vanI cluster	2
spaS296___194478	vanT gene in vanG cluster	2
spaS296___204674	vanG	2
spaS296___204675	vanW gene in vanG cluster	2
spaS296___232216	vanT gene in vanG cluster	2
spaS296___282796	vanY gene in vanB cluster	2
spaS298___91497	vanY gene in vanG cluster	2
spaS29___127119	vanY gene in vanG cluster	2
spaS300___103788	adeF	2
spaS47___46737	vanY gene in vanM cluster	2
spaS58___59543	poxtA	2
spaS5___202927	vanW gene in vanI cluster	2
spaS60___57564	vanH gene in vanO cluster	2
spaS65___150665	vanW gene in vanI cluster	2
spaS84___72297	vanY gene in vanB cluster	2
spaS85___119820	vanT gene in vanG cluster	2
spaS85___98425	vanG	2
spaS88___72709	vanY gene in vanB cluster	2
spaS92___60067	vanT gene in vanC cluster	2
spaS95___67000	vanT gene in vanG cluster	2
spaS9___53727	vanW gene in vanI cluster	2
spaS9___55232	vanT gene in vanG cluster	2
spaS9___57651	vanG	2
mh_p110___187484	vanY gene in vanG cluster	1
mh_p110___217015	vanY gene in vanG cluster	1
mh_p110___277347	vanW gene in vanB cluster	1
mh_p110___90950	vanW gene in vanI cluster	1
mh_p110___91954	vanH gene in vanO cluster	1
mh_p125___127792	vanW gene in vanI cluster	1
mh_p125___281619	vanW gene in vanI cluster	1
mh_p292___128401	vanY gene in vanG cluster	1
mh_p292___3442	vanW gene in vanI cluster	1
mh_p292___353353	vanT gene in vanG cluster	1
mh_p292___430840	vanW gene in vanI cluster	1
mh_p341___355	vanY gene in vanB cluster	1
mh_p408___151049	vanW gene in vanI cluster	1
mh_p408___155144	vanW gene in vanI cluster	1
mh_p408___192411	vanY gene in vanG cluster	1
mh_p408___2769	vanT gene in vanG cluster	1
mh_p408___33856	vanT gene in vanG cluster	1
mh_p523___131617	vanG	1
mh_p523___188647	crxA	1
mh_p523___191184	vanW gene in vanI cluster	1
mh_p523___233557	qacG	1
mh_p523___270072	vanY gene in vanB cluster	1
mh_p523___314983	vanY gene in vanB cluster	1
mh_p523___351102	vanW gene in vanI cluster	1
mh_p523___361670	vanW gene in vanI cluster	1
mh_p523___365695	vanT gene in vanG cluster	1
mh_p523___397827	vanY gene in vanG cluster	1
mh_p523___416410	vanT gene in vanG cluster	1
mh_p523___427918	nimG	1
mh_p584___101519	vanY gene in vanB cluster	1
mh_p584___175274	vanT gene in vanG cluster	1
mh_p584___187869	catQ	1
mh_p584___247242	vanY gene in vanG cluster	1
mh_p584___73106	vanY gene in vanG cluster	1
mh_p601___142553	vanG	1
mh_p601___142554	vanXY gene in vanG cluster	1
mh_p601___285610	vanY gene in vanB cluster	1
mh_p601___294128	nimG	1
mh_p601___339611	vanT gene in vanG cluster	1
mh_p601___352462	vanH gene in vanO cluster	1
mh_p601___378747	vanG	1
mh_p601___378748	vanXY gene in vanG cluster	1
mh_p601___378749	vanT gene in vanG cluster	1
mh_p601___53759	vanT gene in vanG cluster	1
mh_p644___131135	vanY gene in vanG cluster	1
mh_p722___198974	poxtA	1
mh_p722___205693	vanT gene in vanG cluster	1
mh_p722___217774	vanT gene in vanG cluster	1
mh_p789___128563	vanY gene in vanG cluster	1
mh_p789___160706	vanW gene in vanI cluster	1
mh_p789___162134	vanT gene in vanG cluster	1
mh_p789___164423	vanW gene in vanI cluster	1
mh_p789___177358	vanY gene in vanB cluster	1
mh_p789___263722	vanY gene in vanA cluster	1
mh_p789___26682	vanY gene in vanA cluster	1
mh_p789___267815	vanW gene in vanI cluster	1
mh_p789___272539	vanY gene in vanB cluster	1
mh_p789___28502	vanY gene in vanB cluster	1
mh_p789___285072	vanY gene in vanF cluster	1
mh_p789___291266	vanW gene in vanI cluster	1
mh_p789___301288	vanH gene in vanB cluster	1
mh_p789___304572	vanG	1
mh_p789___311199	vanT gene in vanG cluster	1
mh_p789___314726	vanW gene in vanI cluster	1
mh_p789___319358	vanW gene in vanI cluster	1
mh_p789___334751	vanW gene in vanI cluster	1
mh_p789___344030	vanT gene in vanG cluster	1
mh_p789___351619	tet(36)	1
mh_p789___369461	vanW gene in vanI cluster	1
mh_p789___379687	vanT gene in vanG cluster	1
mh_p789___400021	vanY gene in vanG cluster	1
mh_p789___414883	vanY gene in vanA cluster	1
mh_p789___419936	vanY gene in vanM cluster	1
mh_p789___472440	vanW gene in vanI cluster	1
mh_p789___480673	vanW gene in vanI cluster	1
mh_p789___490850	vanT gene in vanG cluster	1
mh_p789___498651	vanT gene in vanG cluster	1
mh_p789___540492	vanT gene in vanG cluster	1
mh_p789___549038	vanT gene in vanG cluster	1
mh_p789___557169	vanY gene in vanB cluster	1
mh_p789___570965	vanW gene in vanI cluster	1
mh_p789___575314	vanW gene in vanI cluster	1
mh_p789___586991	vanY gene in vanG cluster	1
mh_p789___596343	vanT gene in vanG cluster	1
mh_p789___600934	vanH gene in vanO cluster	1
mh_p789___625330	vanY gene in vanB cluster	1
mh_p789___625331	vanY gene in vanF cluster	1
mh_p789___635480	vanT gene in vanG cluster	1
mh_p789___73356	vanG	1
mh_p789___98098	vanY gene in vanB cluster	1
mh_p813___124213	nimA	1
mh_p813___17610	vanY gene in vanG cluster	1
mh_p813___190788	vanT gene in vanG cluster	1
mh_p813___219992	vanW gene in vanI cluster	1
mh_p813___277489	Vibrio anguillarum chloramphenicol acetyltransferase	1
mh_p813___29875	vanW gene in vanI cluster	1
mh_p813___336343	tet(O)	1
mh_p813___417056	vanY gene in vanM cluster	1
mh_p813___491607	vanY gene in vanB cluster	1
mh_p813___492892	vanW gene in vanI cluster	1
mh_p813___521235	vanW gene in vanI cluster	1
mh_p813___573291	vanT gene in vanG cluster	1
mh_p813___598037	vanY gene in vanG cluster	1
mh_p813___645306	vanY gene in vanG cluster	1
mh_p813___682959	vanW gene in vanI cluster	1
mh_p813___823	qacG	1
mh_p813___84686	vanT gene in vanG cluster	1
mh_p813___85010	vanY gene in vanM cluster	1
mh_p860___138522	vanY gene in vanM cluster	1
mh_p894___169255	vanH gene in vanO cluster	1
mh_p894___241361	vanW gene in vanI cluster	1
mh_p894___289485	vanW gene in vanI cluster	1
mh_p97___116635	vanY gene in vanG cluster	1
mh_p97___158899	vanW gene in vanI cluster	1
mh_p97___205525	vanY gene in vanG cluster	1
mh_p97___211584	vanY gene in vanB cluster	1
mh_p97___219	vanW gene in vanI cluster	1
mh_p97___92766	vanY gene in vanA cluster	1
spaS100___91171	mefH	1
spaS104___89725	vanY gene in vanG cluster	1
spaS106___15434	vanY gene in vanB cluster	1
spaS106___30976	vanY gene in vanB cluster	1
spaS106___36734	Enterococcus faecalis chloramphenicol acetyltransferase	1
spaS106___8096	AAC(6')-Iih	1
spaS108___79925	AAC(6')-Im	1
spaS108___86748	vanW gene in vanI cluster	1
spaS108___90761	smeR	1
spaS10___82252	vanT gene in vanG cluster	1
spaS115___23324	vanW gene in vanI cluster	1
spaS115___30907	vanW gene in vanI cluster	1
spaS115___43911	vanY gene in vanB cluster	1
spaS115___45220	vanY gene in vanB cluster	1
spaS115___47120	vanW gene in vanI cluster	1
spaS116___75720	vanT gene in vanG cluster	1
spaS11___55178	ACT-50	1
spaS124___102299	vanY gene in vanG cluster	1
spaS126___116672	vanW gene in vanI cluster	1
spaS129___29762	vanY gene in vanG cluster	1
spaS140___103919	vanXY gene in vanG cluster	1
spaS142___109349	vanW gene in vanI cluster	1
spaS142___69246	vanW gene in vanI cluster	1
spaS142___88107	tet(Q)	1
spaS142___98419	vanW gene in vanI cluster	1
spaS143___76762	vanW gene in vanI cluster	1
spaS147___88209	vanY gene in vanM cluster	1
spaS148___62318	vanT gene in vanC cluster	1
spaS153___144570	vanY gene in vanB cluster	1
spaS156___132026	vanT gene in vanG cluster	1
spaS156___137113	vanY gene in vanB cluster	1
spaS158___105077	vanY gene in vanB cluster	1
spaS158___126506	vanT gene in vanG cluster	1
spaS160___74447	vanT gene in vanG cluster	1
spaS161___124393	vanW gene in vanI cluster	1
spaS163___89245	vanT gene in vanG cluster	1
spaS16___102708	vanT gene in vanG cluster	1
spaS16___116721	catS	1
spaS16___14429	vanW gene in vanI cluster	1
spaS16___46995	vanT gene in vanG cluster	1
spaS16___52830	vanXY gene in vanG cluster	1
spaS16___55766	vanG	1
spaS16___98103	vanY gene in vanB cluster	1
spaS171___68915	vanY gene in vanB cluster	1
spaS171___81173	catS	1
spaS171___88045	patB	1
spaS172___70626	vanY gene in vanG cluster	1
spaS176___90483	vanY gene in vanG cluster	1
spaS177___88477	vanY gene in vanM cluster	1
spaS179___105658	tet(Q)	1
spaS179___136533	vanXY gene in vanG cluster	1
spaS183___129347	vanY gene in vanB cluster	1
spaS183___138828	vanW gene in vanI cluster	1
spaS184___181234	vanXY gene in vanG cluster	1
spaS185___37140	vanY gene in vanF cluster	1
spaS185___47770	nimE	1
spaS185___70136	OKP-B-1	1
spaS186___145667	vanW gene in vanI cluster	1
spaS186___157727	vanW gene in vanI cluster	1
spaS186___98130	vanT gene in vanG cluster	1
spaS188___141590	vanY gene in vanA cluster	1
spaS188___155971	vanY gene in vanB cluster	1
spaS188___82759	qacG	1
spaS192___85776	vanW gene in vanI cluster	1
spaS194___252647	vanY gene in vanG cluster	1
spaS194___253307	vanY gene in vanF cluster	1
spaS195___74785	vanT gene in vanG cluster	1
spaS196___133616	tet(32)	1
spaS196___137036	vanW gene in vanI cluster	1
spaS196___55957	vanT gene in vanG cluster	1
spaS196___70654	vanY gene in vanM cluster	1
spaS197___127774	vanY gene in vanB cluster	1
spaS199___159218	tet(44)	1
spaS200___82249	vanG	1
spaS200___85633	vanW gene in vanI cluster	1
spaS200___90760	vanW gene in vanI cluster	1
spaS202___100670	vanXY gene in vanG cluster	1
spaS202___103861	vanY gene in vanA cluster	1
spaS202___125222	vanW gene in vanI cluster	1
spaS202___138080	vanY gene in vanB cluster	1
spaS204___100418	vanW gene in vanB cluster	1
spaS205___101964	vanY gene in vanA cluster	1
spaS205___79354	patB	1
spaS207___119138	vanY gene in vanM cluster	1
spaS209___112800	Haemophilus influenzae PBP3 conferring resistance to beta-lactam antibiotics	1
spaS210___108432	vanT gene in vanG cluster	1
spaS210___133494	vanW gene in vanI cluster	1
spaS210___150016	vanW gene in vanI cluster	1
spaS211___167361	vanT gene in vanG cluster	1
spaS211___181518	vanXY gene in vanG cluster	1
spaS211___185760	vanY gene in vanB cluster	1
spaS212___121872	vanY gene in vanB cluster	1
spaS214___121873	vanW gene in vanI cluster	1
spaS214___47305	vanT gene in vanG cluster	1
spaS214___73089	vanW gene in vanI cluster	1
spaS214___85137	vanXY gene in vanG cluster	1
spaS214___85138	vanG	1
spaS214___85140	vanW gene in vanG cluster	1
spaS214___91869	vanY gene in vanB cluster	1
spaS214___99160	vanW gene in vanI cluster	1
spaS215___105287	vanG	1
spaS215___116112	vanW gene in vanG cluster	1
spaS215___116113	vanG	1
spaS215___116114	vanXY gene in vanG cluster	1
spaS215___142387	vanT gene in vanG cluster	1
spaS215___147783	vanY gene in vanB cluster	1
spaS215___168836	vanT gene in vanG cluster	1
spaS215___186067	vanT gene in vanG cluster	1
spaS215___204228	vanH gene in vanO cluster	1
spaS215___210306	poxtA	1
spaS215___228648	vanT gene in vanG cluster	1
spaS215___239562	vanW gene in vanI cluster	1
spaS215___85731	vanW gene in vanI cluster	1
spaS215___96553	vanY gene in vanB cluster	1
spaS216___108412	qacG	1
spaS216___189459	vanG	1
spaS216___72752	adeF	1
spaS217___113069	vanY gene in vanB cluster	1
spaS21___67968	vanT gene in vanG cluster	1
spaS221___118174	vanY gene in vanB cluster	1
spaS221___130442	vanT gene in vanG cluster	1
spaS221___186669	nimA	1
spaS221___78820	vanY gene in vanG cluster	1
spaS222___160117	vanY gene in vanG cluster	1
spaS223___137638	vanT gene in vanG cluster	1
spaS223___152812	nimG	1
spaS223___156207	vanY gene in vanG cluster	1
spaS223___157138	vanW gene in vanI cluster	1
spaS228___46561	vanG	1
spaS228___47275	vanW gene in vanB cluster	1
spaS229___95990	vanW gene in vanI cluster	1
spaS22___62365	vanY gene in vanF cluster	1
spaS22___69615	vanY gene in vanG cluster	1
spaS231___201432	vanW gene in vanI cluster	1
spaS235___42770	adeF	1
spaS236___78768	vanW gene in vanI cluster	1
spaS238___85040	vanW gene in vanI cluster	1
spaS23___100677	vanW gene in vanI cluster	1
spaS23___101946	vanW gene in vanI cluster	1
spaS23___73883	vanG	1
spaS23___97641	vanT gene in vanG cluster	1
spaS240___116733	vanW gene in vanI cluster	1
spaS244___103358	vanY gene in vanG cluster	1
spaS249___12968	acrD	1
spaS251___160017	ArnT	1
spaS256___122473	vanW gene in vanI cluster	1
spaS257___132578	vanW gene in vanI cluster	1
spaS257___133011	vanT gene in vanG cluster	1
spaS257___175295	vanR gene in vanD cluster	1
spaS257___175298	vanH gene in vanD cluster	1
spaS257___176037	vanY gene in vanM cluster	1
spaS257___179329	vanG	1
spaS257___180963	vanT gene in vanG cluster	1
spaS257___196223	vanW gene in vanG cluster	1
spaS257___197735	vanY gene in vanA cluster	1
spaS257___202094	vanW gene in vanI cluster	1
spaS257___220339	vanY gene in vanB cluster	1
spaS257___223075	vanY gene in vanB cluster	1
spaS257___231877	vanT gene in vanG cluster	1
spaS257___242499	vanY gene in vanB cluster	1
spaS257___45510	vanY gene in vanG cluster	1
spaS258___197855	kdpE	1
spaS258___230953	vanY gene in vanF cluster	1
spaS259___202819	vanH gene in vanO cluster	1
spaS259___50550	APH(2'')-Ig	1
spaS259___83761	vanT gene in vanG cluster	1
spaS264___119561	vanT gene in vanG cluster	1
spaS264___93609	vanY gene in vanG cluster	1
spaS267___113281	vanT gene in vanG cluster	1
spaS267___134746	vanT gene in vanG cluster	1
spaS267___162960	vanT gene in vanG cluster	1
spaS267___163592	vanY gene in vanB cluster	1
spaS267___203097	vanW gene in vanI cluster	1
spaS268___121109	vanT gene in vanG cluster	1
spaS268___124764	vanY gene in vanM cluster	1
spaS268___142807	vanT gene in vanG cluster	1
spaS268___175051	vanT gene in vanG cluster	1
spaS268___209418	vanW gene in vanI cluster	1
spaS268___209690	vanY gene in vanG cluster	1
spaS268___272117	vanT gene in vanG cluster	1
spaS268___69886	qacG	1
spaS269___225335	vanW gene in vanI cluster	1
spaS26___69721	vanW gene in vanI cluster	1
spaS272___143912	vanY gene in vanA cluster	1
spaS274___48664	vanXY gene in vanG cluster	1
spaS278___80899	vanY gene in vanF cluster	1
spaS278___90345	vanY gene in vanB cluster	1
spaS279___64147	vanT gene in vanG cluster	1
spaS282___199903	vanW gene in vanB cluster	1
spaS285___34668	vanY gene in vanB cluster	1
spaS285___97773	tet(W)	1
spaS286___81123	tet(W)	1
spaS287___296184	vanW gene in vanI cluster	1
spaS294___103874	vanW gene in vanI cluster	1
spaS294___245615	vanW gene in vanI cluster	1
spaS294___271999	vanW gene in vanI cluster	1
spaS295___331861	vanW gene in vanI cluster	1
spaS296___167735	vanY gene in vanB cluster	1
spaS296___199191	vanY gene in vanA cluster	1
spaS296___215739	vanY gene in vanA cluster	1
spaS296___225629	vanY gene in vanA cluster	1
spaS296___282795	vanY gene in vanB cluster	1
spaS296___310557	vanY gene in vanB cluster	1
spaS296___326566	vanW gene in vanI cluster	1
spaS296___359486	qacJ	1
spaS296___365038	vanY gene in vanF cluster	1
spaS296___369960	vanY gene in vanG cluster	1
spaS296___370031	vanW gene in vanI cluster	1
spaS296___370640	vanW gene in vanI cluster	1
spaS298___141187	vanW gene in vanI cluster	1
spaS300___149791	adeF	1
spaS32___92556	vanT gene in vanG cluster	1
spaS35___73052	vanT gene in vanG cluster	1
spaS37___138676	vanY gene in vanG cluster	1
spaS3___117642	OXA-244	1
spaS3___121354	vanW gene in vanI cluster	1
spaS3___136880	vanW gene in vanI cluster	1
spaS3___137914	vanT gene in vanG cluster	1
spaS3___138010	vanW gene in vanI cluster	1
spaS50___162916	tet(32)	1
spaS54___109619	vanT gene in vanG cluster	1
spaS59___129040	Klebsiella pneumoniae KpnF	1
spaS59___155264	vanW gene in vanI cluster	1
spaS5___214254	vanW gene in vanG cluster	1
spaS65___110791	catS	1
spaS65___136375	vanW gene in vanG cluster	1
spaS65___142525	vanT gene in vanG cluster	1
spaS65___149677	vanW gene in vanG cluster	1
spaS66___130731	vanY gene in vanB cluster	1
spaS69___3054	vanT gene in vanG cluster	1
spaS78___122791	vanY gene in vanG cluster	1
spaS78___169535	vanH gene in vanO cluster	1
spaS78___95742	vanG	1
spaS81___114457	vanT gene in vanG cluster	1
spaS86___55436	vanT gene in vanG cluster	1
spaS86___61795	vanY gene in vanB cluster	1
spaS86___71409	vanW gene in vanI cluster	1
spaS95___90813	qacG	1
spaS96___104677	nimI	1
spaS96___93118	vanY gene in vanB cluster	1
spaS98___51528	vanY gene in vanA cluster	1
spaS98___60876	vanT gene in vanG cluster	1
spaS98___61041	vanY gene in vanB cluster	1
spaS99___101482	vanY gene in vanB cluster	1
spaS99___58889	vanH gene in vanO cluster	1
spaS99___86745	vanY gene in vanB cluster	1
